nome,telefone,whatsapp,instagram,email,categoria,cidade,bairro,endereco,tem_site,url_site,avaliacao,num_avaliacoes
Dra. Ana Luiza | Clínica Estética Barra da Tijuca,21) 99115-3484,21) 99115-3484,https://www.instagram.com/draanaluizavieira,,clínica de estética,"Barra da Tijuca - Rio de Janeiro, RJ",Barra da Tijuca,"Av. Embaixador Abelardo Bueno, 3330 - Barra da Tijuca, Rio de Janeiro - RJ, 22775-040",False,https://www.instagram.com/draanaluizavieira/,5.0,4
Estética Clinica,21) 3483-7410,,,,clínica de estética,"Barra da Tijuca - Rio de Janeiro, RJ",Barra Olímpica,"Av. Embaixador Abelardo Bueno - Barra Olímpica, Rio de Janeiro - RJ, 22775-040",False,,4.5,
Hanna Vianna Estética e Limpeza de Pele | Barra da Tijuca,21) 97501-9148,21) 97501-9148,,,clínica de estética,"Barra da Tijuca - Rio de Janeiro, RJ",Barra da Tijuca,"Av. Embaixador Abelardo Bueno, 1340 - Sala 805 - Barra da Tijuca, Rio de Janeiro - RJ, 22775-023",False,,5.0,
Walter's Coiffeur Leblon - by Blessed Beauty e Cia,21) 96736-2323,21) 96736-2323,https://www.instagram.com/blessedb.cia,,clínica de estética,"Barra da Tijuca - Rio de Janeiro, RJ",Leblon,"Av. Bartolomeu Mitre, 792 - Leblon, Rio de Janeiro - RJ, 22431-000",False,https://www.instagram.com/blessedb.cia/,5.0,
Espaço Moringa Beauty - Barra da Tijuca,21) 99876-2002,21) 99876-2002,,,clínica de estética,"Barra da Tijuca - Rio de Janeiro, RJ",Barra da Tijuca,"Loja 109, Shopping Open Mall - Av. das Américas, 7907 - Bloco 3 - Barra da Tijuca, Rio de Janeiro - RJ, 22793-081",False,,4.9,
Clínica de Estética e vida - Brasil Slim Barra da Tijuca,21) 97219-7196,21) 97219-7196,,,clínica de estética,"Barra da Tijuca - Rio de Janeiro, RJ",Barra da Tijuca,"Link Office - Av. Ayrton Senna, 2600 Bloco 5-A - loja w - Barra da Tijuca, Rio de Janeiro - RJ, 22775-003",False,,4.5,
Cut Prime,21) 2499-3365,,,,salão premium,"Barra da Tijuca - Rio de Janeiro, RJ",Barra da Tijuca,"Av. das Américas, 3255 - loja 220 - Barra da Tijuca, Rio de Janeiro - RJ, 22631-002",False,,4.9,
Fábrica Premium Olegário,21) 97613-9613,21) 97613-9613,https://www.instagram.com/fabricapremiumolegario,,salão premium,"Barra da Tijuca - Rio de Janeiro, RJ",Barra da Tijuca,"Av. Olegário Maciel, 566 - Barra da Tijuca, Rio de Janeiro - RJ, 22621-200",False,https://www.instagram.com/fabricapremiumolegario/,4.9,
Espaço Caju - Salão de Beleza Barra Prime,21) 2208-9991,"https://api.whatsapp.com/send?phone=5521966015065&text=Ol%C3%A1,%20te%20encontrei%20no%20Google%20gostaria%20de%20agendar%20um%20hor%C3%A1rio.",https://www.instagram.com/espacocaju.beleza,,salão premium,"Barra da Tijuca - Rio de Janeiro, RJ",Barra da Tijuca,"Av. Afonso Arinos de Melo Franco, 222 - Barra da Tijuca, Rio de Janeiro - RJ, 22631-455",False,https://www.instagram.com/espacocaju.beleza/,4.7,
Studio Espaço Prime,21) 98268-1037,21) 98268-1037,http://instagram.com/studioespacoprime,,salão premium,"Barra da Tijuca - Rio de Janeiro, RJ",Barra da Tijuca,"Av. José Wilker, 600, BL2, SL 1004 - Barra da Tijuca, Rio de Janeiro - RJ, 22775-024",False,http://instagram.com/studioespacoprime,3.4,
Prime Barber e Beer,21) 3577-3602,,,,barbearia premium,"Barra da Tijuca - Rio de Janeiro, RJ",Barra da Tijuca,"Shopping Novo Leblon - Av. das Américas, 7607 - Loja 134 - Barra da Tijuca, Rio de Janeiro - RJ, 22793-081",False,,4.6,
Barbearia Premium,,,https://www.instagram.com/jldocorte,,barbearia premium,"Barra da Tijuca - Rio de Janeiro, RJ",Taquara,"R. do Caule, 12 - Taquara, Rio de Janeiro - RJ, 22713-582",False,https://www.instagram.com/jldocorte/,4.9,
Península Barber Club,21) 3640-0653,,,,barbearia premium,"Barra da Tijuca - Rio de Janeiro, RJ",Barra da Tijuca,"Av. João Cabral de Mello Neto, 610 - SALA 1103 - Barra da Tijuca, Rio de Janeiro - RJ, 22775-057",False,,5.0,
Barra Clínica Odontológica Urgência,21) 99122-9709,"https://api.whatsapp.com/send?phone=5521996101488&text=Ol%C3%A1%20LAP%20Odontologia,%20acabei%20de%20ver%20seu%20perfil%20no%20Google!",https://instagram.com/dra.thayssasouza,,dentista,"Barra da Tijuca - Rio de Janeiro, RJ",Avenida Embaixador Abelardo Bueno,"Próximo a Perinatal, no Dimension Office Park, bloco Lagoa 1 - Avenida Embaixador Abelardo Bueno, numero 1, sala 211, Rio de Janeiro - RJ, 22775-040",False,,4.9,
Dra. Renata Pinho - Lagoa Rio Odontologia,21) 98419-0453,21) 98419-0453,https://www.instagram.com/lagoario_odonto,,dentista,"Barra da Tijuca - Rio de Janeiro, RJ",Jardim Botânico,"Edifício Touch - R. Jardim Botânico, 568 - 202 - Jardim Botânico, Rio de Janeiro - RJ, 22461-000",False,https://www.instagram.com/lagoario_odonto/,5.0,
EM Odontologia | Dentista 24h Barra da Tijuca,21) 98251-6118,21) 98251-6118,https://www.instagram.com/dra.anabeafranco,,dentista,"Barra da Tijuca - Rio de Janeiro, RJ",Barra da Tijuca,"One World Offices, Bloco A, Europa Tower, R. Sérgio Buarque de Holanda, 605 - Sala 703 - Barra da Tijuca, Rio de Janeiro - RJ, 22775-004",False,,5.0,
Dental Service - Dr.ª Luciane Mallet,21) 96978-0005,21) 96978-0005,https://www.instagram.com/dra.anabeafranco,,dentista,"Barra da Tijuca - Rio de Janeiro, RJ",Barra da Tijuca,"Avenida Ayrton Senna 2600 Bl 5 Entrada II Sala 454 - Barra da Tijuca, Rio de Janeiro - RJ, 22775-003",False,,3.3,
Dra. Luciana Giesta - Endodontia - Microscopia - Barra da Tijuca,21) 99380-6070,21) 99380-6070,https://www.instagram.com/dra.anabeafranco,,dentista,"Barra da Tijuca - Rio de Janeiro, RJ",Barra da Tijuca,"Shopping Millenium - Av. das Américas, 7707 - Barra da Tijuca, Rio de Janeiro - RJ, 22793-081",False,,5.0,
Dra Ohana Cardoso,21) 98581-2567,21) 98581-2567,https://www.instagram.com/dra.barbarastrauss?igsh=cmJyMWZ6czFjampx,,dentista,"Barra da Tijuca - Rio de Janeiro, RJ",Barra da Tijuca,"Av. Embaixador Abelardo Bueno, 1 - Sala 424 - Barra da Tijuca, Rio de Janeiro - RJ, 22775-040",False,,5.0,
Consultório odontológico Dra. Maiza Toledo,21) 99701-3849,21) 99701-3849,https://www.instagram.com/dra.anabeafranco,,dentista,"Barra da Tijuca - Rio de Janeiro, RJ",Barra da Tijuca,"PRIME DESIGN OFFICES Jacarepaguá - Estr. Cel. Pedro Corrêa, 740 - Sala 422 - Barra da Tijuca, Rio de Janeiro - RJ, 22775-090",False,,5.0,
Aurê Clinic odontologia | Dentista Barra da tijuca,21) 99015-9683,"https://api.whatsapp.com/send?phone=5521996101488&text=Ol%C3%A1%20LAP%20Odontologia,%20acabei%20de%20ver%20seu%20perfil%20no%20Google!",https://www.instagram.com/aureclinic.barra?igsh=cTVyOGxrMDA3cnQ3,,dentista,"Barra da Tijuca - Rio de Janeiro, RJ",Barra da Tijuca,"Av evandro lins e silva, |, 840 - Sala 1309 - Barra da Tijuca, Rio de Janeiro - RJ, 22631-470",False,https://www.instagram.com/aureclinic.barra?igsh=cTVyOGxrMDA3cnQ3,5.0,
Jéssica Camelo | Psicóloga Barra da Tijuca,21) 98001-6734,https://api.whatsapp.com/send/?phone=5521983052782&text&type=phone_number&app_absent=0,https://www.instagram.com/psicologaadrianaandrade?igsh=cmIzcWhvcmhpM2V2&utm_source=qr,,psicólogo,"Barra da Tijuca - Rio de Janeiro, RJ",Barra da Tijuca,"Av. João Cabral de Mello Neto, 850 - 10 andar - Barra da Tijuca, Rio de Janeiro - RJ, 22775-057",False,https://www.instagram.com/jcamelopsi/,5.0,
Nutricionista Julia Moreira,21) 99253-4426,21) 99253-4426,https://www.instagram.com/nutrijuliamoreira,,nutricionista,"Barra da Tijuca - Rio de Janeiro, RJ",Barra da Tijuca,"Estr. Cel. Pedro Corrêa, 740 - Barra da Tijuca, Rio de Janeiro - RJ, 22775-090",False,https://www.instagram.com/nutrijuliamoreira/,5.0,
Nutricionista Edilthon (Ednutri),21) 98386-3840,21) 98386-3840,https://www.instagram.com/nutrijuliamoreira,,nutricionista,"Barra da Tijuca - Rio de Janeiro, RJ",Barra da Tijuca,"Av. das Américas, 4666 - Barra da Tijuca, Rio de Janeiro - RJ, 22640-102",False,https://www.instagram.com/ednutri_?igsh=c2hhMDJybjJjcnQ=,5.0,
Nutricionista Larissa Meira - Barra da Tijuca,,5521981450993,https://www.instagram.com/nutrijuliamoreira,,nutricionista,"Barra da Tijuca - Rio de Janeiro, RJ",Barra da Tijuca,"Centro Profissional Barra Shopping - Barra da Tijuca, Rio de Janeiro - RJ, 22640-102",False,https://instagram.com/nutrilarissameira?igshid=YmMyMTA2M2Y=,5.0,
Nutricionista Roberta Kelly,21) 99579-0942,21) 99579-0942,https://www.instagram.com/nutrijuliamoreira,,nutricionista,"Barra da Tijuca - Rio de Janeiro, RJ",Barra da Tijuca,"Edifício lagoa 1, Av. Embaixador Abelardo Bueno, sala 617 - Barra da Tijuca, Rio de Janeiro - RJ",False,https://www.instagram.com/robertakelly.nutri?igsh=MXI0ZGxyOTY1a2tocQ==,5.0,
Centro Clinico Barra da Tijuca - FISIOMONDE CLINICA,21) 99889-3218,21) 99889-3218,https://www.instagram.com/pam_martins,,fisioterapeuta,"Barra da Tijuca - Rio de Janeiro, RJ",Barra da Tijuca,"Le Monde Offices - Av. das Américas, 3500 - Barra da Tijuca, Rio de Janeiro - RJ, 22640-102",False,,5.0,
Pleno Corpo Fisioterapia Pilates e Estética - Barra da Tijuca,21) 99932-4600,21) 99932-4600,https://www.instagram.com/pam_martins,,fisioterapeuta,"Barra da Tijuca - Rio de Janeiro, RJ",Barra da Tijuca,"Av. das Américas, 8585 - SL 204 - Barra da Tijuca, Rio de Janeiro - RJ, 22793-081",False,,5.0,
Dr. Felipe Feitosa - Fisioterapia,21) 98134-3430,21) 98134-3430,https://www.instagram.com/fisiorosewanderley,,fisioterapeuta,"Barra da Tijuca - Rio de Janeiro, RJ",Barra da Tijuca,"Av. João Cabral de Mello Neto, 850 - Bloco 3, Sala 521 - Barra da Tijuca, Rio de Janeiro - RJ, 22640-904",False,,5.0,
Osteopatia & Fisioterapia - Alexandre Galvão,21) 99481-1268,5521996173172,https://www.instagram.com/fisiorosewanderley,,fisioterapeuta,"Barra da Tijuca - Rio de Janeiro, RJ",Jardim Botânico,"R. Jardim Botânico, 656 - Sala 501 - Jardim Botânico, Rio de Janeiro - RJ, 22461-000",False,https://www.instagram.com/osteopatiagalvao/,5.0,
Autence Pilates,21) 98883-7492,21) 98883-7492,https://www.instagram.com/estudioautence,,pilates,"Barra da Tijuca - Rio de Janeiro, RJ",Barra da Tijuca,"Av. das Américas, 3693 - Bloco 1, sala 306 - Barra da Tijuca, Rio de Janeiro - RJ, 22631-003",False,https://www.instagram.com/estudioautence/,5.0,
Pure Pilates - Rio de Janeiro - Barra - Itaúna Shopping,21) 99092-4041,21) 99092-4041,,,pilates,"Barra da Tijuca - Rio de Janeiro, RJ",Barra da Tijuca,"Av. das Américas, 11391 - sala 213 - Barra da Tijuca, Rio de Janeiro - RJ, 22793-082",False,,5.0,
Pleno Corpo Fisioterapia Pilates e Estética - Barra da Tijuca,21) 99932-4600,21) 99932-4600,,,pilates,"Barra da Tijuca - Rio de Janeiro, RJ",Barra da Tijuca,"Av. das Américas, 8585 - SL 204 - Barra da Tijuca, Rio de Janeiro - RJ, 22793-081",False,,5.0,
Pilates Tatiana Nobre - Barra da Tijuca,21) 99391-1879,21) 99391-1879,,,pilates,"Barra da Tijuca - Rio de Janeiro, RJ",Barra da Tijuca,"R. Gildásio Amado, 55 - sala 1113 - Barra da Tijuca, Rio de Janeiro - RJ, 22631-020",False,,5.0,
Espaço Vida Praia,21) 99234-9632,21) 99234-9632,,,pilates,"Barra da Tijuca - Rio de Janeiro, RJ",Barra da Tijuca,"Av. Lúcio Costa, 3460 - 207 - Barra da Tijuca, Rio de Janeiro - RJ, 22630-010",False,,4.5,
TOTAL FITT ACADEMIA - BARRA DA TIJUCA,21) 98547-0844,21) 98547-0844,,,academia boutique,"Barra da Tijuca - Rio de Janeiro, RJ",Barra da Tijuca,"Av. das Américas, 12700 - Barra da Tijuca, Rio de Janeiro - RJ, 22790-702",False,,4.9,
Vitalis Gym,21) 99545-7197,21) 99545-7197,,,academia boutique,"Barra da Tijuca - Rio de Janeiro, RJ",Barra da Tijuca,"Av. Gen. Guedes da Fontoura, 800 - Loja G - Barra da Tijuca, Rio de Janeiro - RJ, 22621-243",False,,5.0,
Rio Fitness Body Wear,21) 3518-8659,,,,academia boutique,"Barra da Tijuca - Rio de Janeiro, RJ",Barra da Tijuca,"Barra Garden, Loja 224, Av. das Américas, 3255 - Barra da Tijuca, Rio de Janeiro - RJ, 22631-002",False,,5.0,
Kikos Fitness Barra da Tijuca - Equipamentos para Academia em Rio de Janeiro RJ,21) 3154-2488,,https://www.instagram.com/kikosfitnessrj,,academia boutique,"Barra da Tijuca - Rio de Janeiro, RJ",Barra da Tijuca,"Av. das Américas, 1699 - Loja D - Barra da Tijuca, Rio de Janeiro - RJ, 22631-000",False,https://www.instagram.com/kikosfitnessrj/,3.0,
Companhia Atlética - Cond. Mundo Novo,21) 3325-6644,,,,academia boutique,"Barra da Tijuca - Rio de Janeiro, RJ",Barra da Tijuca,"Av. das Américas, 7899 - Barra da Tijuca, Rio de Janeiro - RJ, 22793-081",False,,4.3,
Studio Bispo micropigmentação e estética (barra da Tijuca),21) 96947-1281,21) 96947-1281,,,studio de sobrancelha,"Barra da Tijuca - Rio de Janeiro, RJ",Barra da Tijuca,"Av. das Américas, 4666 - Barra da Tijuca, Rio de Janeiro - RJ, 22621-200",False,,5.0,
STUDIO SORELLA,21) 97192-3883,21) 97192-3883,https://www.instagram.com/sstudiosorella?igsh=aHF6ZHVtdjhnaGZn,,studio de sobrancelha,"Barra da Tijuca - Rio de Janeiro, RJ",Barra da Tijuca,"Av. Ayrton Senna, 5500 - Bloco 2 Loja 134 - Barra da Tijuca, Rio de Janeiro - RJ, 22775-005",False,https://www.instagram.com/sstudiosorella?igsh=aHF6ZHVtdjhnaGZn,4.7,
LH Excelence Beauty - Design de Sobrancelhas e Cursos,21) 96416-1712,21) 96416-1712,https://www.instagram.com/lucianahenrique_oficial,,studio de sobrancelha,"Barra da Tijuca - Rio de Janeiro, RJ",Barra da Tijuca,"Av. Alm. Júlio de Sá Bierrenbach, 65 - Bloco 4, sala 416 - Barra da Tijuca, Rio de Janeiro - RJ, 22775-028",False,https://www.instagram.com/lucianahenrique_oficial/,5.0,
Studio Marcela Orrana,21) 98772-0004,21) 98772-0004,https://instagram.com/studiomarcelaorrana?igshid=NDk5N2NlZjQ=,,studio de sobrancelha,"Barra da Tijuca - Rio de Janeiro, RJ",Barra da Tijuca,"Av. Ayrton Senna, 2600 - Barra da Tijuca, Rio de Janeiro - RJ, 22775-036",False,https://instagram.com/studiomarcelaorrana?igshid=NDk5N2NlZjQ=,4.9,
UNIQUE BEAUTY - Barra Olímpica,21) 96495-6842,21) 96495-6842,https://www.instagram.com/uniquebeautyrj/#,,studio de sobrancelha,"Barra da Tijuca - Rio de Janeiro, RJ",Barra Olímpica,"Estr. Cel. Pedro Corrêa, 740 - loja 107 - Barra Olímpica, Rio de Janeiro - RJ, 22775-090",False,https://www.instagram.com/uniquebeautyrj/#,5.0,
Cílios e sobrancelhas Aline Motta,21) 99814-2861,5521998142861,https://www.instagram.com/alinemotta.cilios?igsh=YXBlNHE4a3dzcTM0,,studio de sobrancelha,"Barra da Tijuca - Rio de Janeiro, RJ",Barra Olímpica,"Av. Olof Palme, 765 - sala 404 - Barra Olímpica, Rio de Janeiro - RJ, 22783-119",False,https://www.instagram.com/alinemotta.cilios?igsh=YXBlNHE4a3dzcTM0,5.0,
Studio Biel Portella - Sobrancelhas,21) 99534-5246,21) 99534-5246,https://www.instagram.com/bielportellastudio,,studio de sobrancelha,"Barra da Tijuca - Rio de Janeiro, RJ",Barra Olímpica,"Av. Embaixador Abelardo Bueno, 3300 - Barra Olímpica, Rio de Janeiro - RJ, 22775-040",False,https://www.instagram.com/bielportellastudio/,4.9,
Studio Nara Leão Extensão de Cílios Barra da Tijuca,21) 96513-3881,21) 96513-3881,,,studio de cílios,"Barra da Tijuca - Rio de Janeiro, RJ",Barra da Tijuca,"Av. das Américas, 297 - SALA 203 - Barra da Tijuca, Rio de Janeiro - RJ, 22631-000",False,,5.0,
Gabriela Fonseca / extensão de cílios barra da tijuca,21) 99599-1012,21) 99599-1012,,,studio de cílios,"Barra da Tijuca - Rio de Janeiro, RJ",Barra da Tijuca,"Av. das Américas, 4200 - Barra da Tijuca, Rio de Janeiro - RJ, 22631-250",False,,5.0,
Cílios Gabi Von Barra da Tijuca,21) 98175-1808,21) 98175-1808,https://www.instagram.com/gabivonstudio/?igshid=YTY2NzY3YTc=,,studio de cílios,"Barra da Tijuca - Rio de Janeiro, RJ",Barra Olímpica,"Ásia Tower - Av. Ator José Wilker, 605 - bloco B - Barra Olímpica, Rio de Janeiro - RJ, 22775-024",False,https://www.instagram.com/gabivonstudio/?igshid=YTY2NzY3YTc=,5.0,
"Juliana Rivas | Lash Lifting, Cílios Fio a Fio e Sobrancelhas",21) 99744-9703,21) 99744-9703,https://instagram.com/_julianarivas_,,studio de cílios,"Barra da Tijuca - Rio de Janeiro, RJ",Barra da Tijuca,"Ilha da Gigoia - Alameda Dalton Barreto, 1 - Barra da Tijuca, Rio de Janeiro - RJ, 22640-334",False,https://instagram.com/_julianarivas_,5.0,
Big Lash Studio - CURSO DE CÍLIOS,21) 98257-6278,21) 98257-6278,https://instagram.com/biglashdesign?igshid=YmMyMTA2M2Y=,,studio de cílios,"Barra da Tijuca - Rio de Janeiro, RJ",Barra da Tijuca,"Uptown Barra - Av. Ayrton Senna, 5500 - Bloco 3- sala 304 - Barra da Tijuca, Rio de Janeiro - RJ, 22775-005",False,https://instagram.com/biglashdesign?igshid=YmMyMTA2M2Y=,5.0,
Sobrancelha e Cílios - Taymiris Barros,21) 98026-6500,21) 98026-6500,https://instagram.com/designertaymirisbarros?igshid=OTk0YzhjMDVlZA==,,studio de cílios,"Barra da Tijuca - Rio de Janeiro, RJ",Barra da Tijuca,"Salão Citrino - Av. das Américas, 500 - loja 150 - Barra da Tijuca, Rio de Janeiro - RJ, 22640-100",False,https://instagram.com/designertaymirisbarros?igshid=OTk0YzhjMDVlZA==,5.0,
"Juliana Rivas (Cittá) | Lash Lifting, Cílios Fio a Fio e Sobrancelha",21) 99744-9703,21) 99744-9703,https://www.instagram.com/_julianarivas_?igsh=OHJkNGx0Ync5MzRz,,studio de cílios,"Barra da Tijuca - Rio de Janeiro, RJ",Barra da Tijuca,"Città America - Av. das Américas, 700 - Bloco 8, Loja 205Q - Barra da Tijuca, Rio de Janeiro - RJ, 22640-100",False,https://www.instagram.com/_julianarivas_?igsh=OHJkNGx0Ync5MzRz,5.0,
TB BEAUTY | Cílios Barra da Tijuca,21) 99237-6515,21) 99237-6515,https://www.instagram.com/tatianebeautyy,,studio de cílios,"Barra da Tijuca - Rio de Janeiro, RJ",Barra da Tijuca,"Av. Alm. Júlio de Sá Bierrenbach, 65 - Bloco 4 sala 618 - Barra da Tijuca, Rio de Janeiro - RJ, 22775-028",False,https://www.instagram.com/tatianebeautyy/,5.0,
Cílios e sobrancelhas Aline Motta,21) 99814-2861,5521998142861,https://www.instagram.com/alinemotta.cilios?igsh=YXBlNHE4a3dzcTM0,,studio de cílios,"Barra da Tijuca - Rio de Janeiro, RJ",Barra Olímpica,"Av. Olof Palme, 765 - sala 404 - Barra Olímpica, Rio de Janeiro - RJ, 22783-119",False,https://www.instagram.com/alinemotta.cilios?igsh=YXBlNHE4a3dzcTM0,5.0,
Instituto Renata Benevides,21) 98791-0979,21) 98791-0979,https://www.instagram.com/institutorenatabenevides?utm_source=ig_web_button_share_sheet&igsh=ZDNlZDc0MzIxNw==,,studio de cílios,"Barra da Tijuca - Rio de Janeiro, RJ",Barra da Tijuca,"Condomínio Barra Corporate - Av. Embaixador Abelardo Bueno, 1340 - Loja R - Barra da Tijuca, Rio de Janeiro - RJ, 22775-040",False,https://www.instagram.com/institutorenatabenevides?utm_source=ig_web_button_share_sheet&igsh=ZDNlZDc0MzIxNw==,5.0,
Extensão de Cílios no Rio de Janeiro - Atendimento Barra da Tijuca/Downtown - Barra de Guaratiba - Melhor Cílios do RJ,21) 99281-5066,21) 99281-5066,,,lash designer,"Barra da Tijuca - Rio de Janeiro, RJ",Barra da Tijuca,"Avenida das Américas 500 Bloco 4 - Sala 237 - Entrada pela portaria F - Barra da Tijuca, Rio de Janeiro - RJ, 22640-100",False,,5.0,
"Juliana Rivas | Lash Lifting, Cílios Fio a Fio e Sobrancelhas",21) 99744-9703,21) 99744-9703,https://instagram.com/_julianarivas_,,lash designer,"Barra da Tijuca - Rio de Janeiro, RJ",Barra da Tijuca,"Ilha da Gigoia - Alameda Dalton Barreto, 1 - Barra da Tijuca, Rio de Janeiro - RJ, 22640-334",False,https://instagram.com/_julianarivas_,5.0,
Studio Ingridi Klimaschenski-Lash Designer,,,,,lash designer,"Barra da Tijuca - Rio de Janeiro, RJ",Jardim Limeira,"Estr. Aníbal da Mota, 2 - quadra 3 - Jardim Limeira, Belford Roxo - RJ, 26190-083",False,,5.0,
"Gabrielle | Lash designer | Designer de sobrancelhas | Duque de caxias, Sarapuí",21) 98235-7561,21) 98235-7561,https://www.instagram.com/bystudiogabrielle?igsh=MWMwZjFubWg3c3lwcQ==,,lash designer,"Barra da Tijuca - Rio de Janeiro, RJ",Vila Sarapui,"R. Alfredo Backer, 321 - Vila Sarapui, Duque de Caxias - RJ, 25050-290",False,https://www.instagram.com/bystudiogabrielle?igsh=MWMwZjFubWg3c3lwcQ==,5.0,
LORENA LIMA | LASH DESIGN,21) 96502-5349,21) 96502-5349,https://www.instagram.com/lorenalima.lash_?igsh=MTZiYWhzOXNpdGxjMA==,,lash designer,"Barra da Tijuca - Rio de Janeiro, RJ",Campos Eliseos,"R. Clara Nunes - Campos Eliseos, Duque de Caxias - RJ, 25040-673",False,https://www.instagram.com/lorenalima.lash_?igsh=MTZiYWhzOXNpdGxjMA==,5.0,
Ellen Fernandes Lash Designer,,,https://www.instagram.com/ellenf_lashdesigner?igsh=eTlwMGhuN3FnYmRr&utm_source=qr,,lash designer,"Barra da Tijuca - Rio de Janeiro, RJ",Dr. Laureano,"Avenida. Dr - R. Pres. Juscelino Kubitscheck de Oliveira, 765 - Dr. Laureano, Duque de Caxias - RJ, 25060-200",False,https://www.instagram.com/ellenf_lashdesigner?igsh=eTlwMGhuN3FnYmRr&utm_source=qr,5.0,
Be Pretty | Extensão de Cílios | Lash Design,21) 99367-9573,21) 99367-9573,,,lash designer,"Barra da Tijuca - Rio de Janeiro, RJ",Barra Olímpica,"Edifício Asia - Av. Ator José Wilker, 605 - Sala 634 - Barra Olímpica, Rio de Janeiro - RJ, 22775-024",False,,5.0,
Studio Lash Design,21) 99487-6993,21) 99487-6993,http://instagram.com/studio.lashdesign,,lash designer,"Barra da Tijuca - Rio de Janeiro, RJ",Tijuca,"Rua - R. Almirante Cochrane, 280 - sala 302 - Tijuca, Rio de Janeiro - RJ, 20550-040",False,http://instagram.com/studio.lashdesign,4.9,
Instituto Renata Benevides,21) 98791-0979,21) 98791-0979,https://www.instagram.com/institutorenatabenevides?utm_source=ig_web_button_share_sheet&igsh=ZDNlZDc0MzIxNw==,,lash designer,"Barra da Tijuca - Rio de Janeiro, RJ",Barra da Tijuca,"Condomínio Barra Corporate - Av. Embaixador Abelardo Bueno, 1340 - Loja R - Barra da Tijuca, Rio de Janeiro - RJ, 22775-040",False,https://www.instagram.com/institutorenatabenevides?utm_source=ig_web_button_share_sheet&igsh=ZDNlZDc0MzIxNw==,5.0,
Spa Barra - Massoterapia e Massage,21) 99586-4532,21) 99586-4532,,,spa,"Barra da Tijuca - Rio de Janeiro, RJ",Barra da Tijuca,"Av. Lúcio Costa, 5400 - Barra da Tijuca, Rio de Janeiro - RJ, 22630-012",False,,4.9,
Gaya Beauty Head Spa,21) 99937-0109,21) 99937-0109,,,spa,"Barra da Tijuca - Rio de Janeiro, RJ",Barra da Tijuca,"Av. das Américas, 7707 - loja 104 - Barra da Tijuca, Rio de Janeiro - RJ, 22703-081",False,,4.5,
ELYSEE BEAUTY & HEAD SPA,21) 99598-9030,21) 99598-9030,https://www.instagram.com/elyseeheadspa?igsh=MW45N3o3ZjI0djR4NA==,,spa,"Barra da Tijuca - Rio de Janeiro, RJ",Barra Olímpica,"Union Square - Av. José Wilker, 600 - Bloco 4 Sala 266 - Barra Olímpica, Rio de Janeiro - RJ, 22775-024",False,https://www.instagram.com/elyseeheadspa?igsh=MW45N3o3ZjI0djR4NA==,4.6,
Restaurante Canto Alegre,21) 2492-1823,,,,restaurante,"Barra da Tijuca - Rio de Janeiro, RJ",Barra da Tijuca,"Praça Des. Araújo Jorge, S/N - Barra da Tijuca, Rio de Janeiro - RJ, 22611-220",False,,4.7,
Dos Sertões Barra da Tijuca,21) 96978-4835,21) 96978-4835,http://instagram.com/dossertoesrestaurante,,restaurante,"Barra da Tijuca - Rio de Janeiro, RJ",Barra da Tijuca,"Av. Lúcio Costa, 3460 - Barra da Tijuca, Rio de Janeiro - RJ, 22630-010",False,http://instagram.com/dossertoesrestaurante,4.5,
Pousada dos Colibris na Barra da Tijuca,21) 96649-3918,21) 96649-3918,,,pousada,"Barra da Tijuca - Rio de Janeiro, RJ",Barra da Tijuca,"Alameda dos Colibris - Barra da Tijuca, Rio de Janeiro - RJ, 22640-338",False,,5.0,
Barra da Tijuca,,,,,pousada,"Barra da Tijuca - Rio de Janeiro, RJ",Barra da Tijuca,"Av. Di Cavalcanti, 540 - Barra da Tijuca, Rio de Janeiro - RJ, 22793-320",False,,4.8,
Beach Guest House - Go Make A Trip,,,,,hotel boutique,"Barra da Tijuca - Rio de Janeiro, RJ",Barra da Tijuca,"R. Levi Carneiro, 443 - Barra da Tijuca, Rio de Janeiro - RJ, 22630-150",False,,4.4,
Pousada Marísis Barra da Tijuca,21) 96876-2658,21) 96876-2658,,,hotel boutique,"Barra da Tijuca - Rio de Janeiro, RJ",Barra da Tijuca,"ilha da Gigóia - Alameda dos Colibris, 87 - Barra da Tijuca, Rio de Janeiro - RJ, 22640-338",False,,4.7,
Recanto da Barra da Tijuca,21) 97754-9797,21) 97754-9797,,,hotel boutique,"Barra da Tijuca - Rio de Janeiro, RJ",Barra da Tijuca,"Alameda Dalton Barreto, 11 - Barra da Tijuca, Rio de Janeiro - RJ, 22640-334",False,,5.0,
Penha e Oliveira Advocacia e Consultoria,21) 96418-2368,21) 96418-2368,https://www.instagram.com/alissa.adv,,advogado,"Barra da Tijuca - Rio de Janeiro, RJ",Barra da Tijuca,"Av. Embaixador Abelardo Bueno, 3500 - Barra da Tijuca, Rio de Janeiro - RJ, 22775-040",False,https://www.instagram.com/penhaeoliveira.adv/,4.8,
Azeredo e Duarte Advogados,21) 99461-3486,21) 99461-3486,https://www.instagram.com/alissa.adv,,advogado,"Barra da Tijuca - Rio de Janeiro, RJ",Barra Olimpica,"Condomínio Rio Business Center - Av. Olof Palme, 765 - Sala 610 - Barra Olimpica, Rio de Janeiro - RJ, 22783-119",False,https://www.instagram.com/azeredoeduarteadvogados/,5.0,
Penha e Oliveira Advocacia e Consultoria,21) 96418-2368,21) 96418-2368,https://www.instagram.com/penhaeoliveira.adv,,advogado,"Barra da Tijuca - Rio de Janeiro, RJ",Barra da Tijuca,"Av. Embaixador Abelardo Bueno, 3500 - Barra da Tijuca, Rio de Janeiro - RJ, 22775-040",False,https://www.instagram.com/penhaeoliveira.adv/,4.8,
"ADVOGADO CRIMINAL, CÍVEL E FAMÍLIA DIEGO TORRES",21) 96471-5222,21) 96471-5222,https://www.instagram.com/advisabellaoliveira?igsh=MTM0Z2kwdzFpdjZiaQ==&utm_source=qr,,advogado,"Barra da Tijuca - Rio de Janeiro, RJ",Jardim Carioca,"R. Jaburana, 355 - Jardim Carioca, Rio de Janeiro - RJ, 21931-440",False,,,
Almeida & Gonçalves Advocacia Especializada,21) 98234-1379,21) 98234-1379,https://www.instagram.com/advisabellaoliveira?igsh=MTM0Z2kwdzFpdjZiaQ==&utm_source=qr,,advogado,"Barra da Tijuca - Rio de Janeiro, RJ",Vila São Luis,"R. Silva Jardim, 658 - Vila São Luis, Duque de Caxias - RJ, 25065-143",False,,5.0,
Juliana Silva Arquitetura,21) 96737-0354,21) 96737-0354,https://www.instagram.com/arqkarllensuzi,,arquiteto,"Barra da Tijuca - Rio de Janeiro, RJ",Barra da Tijuca,"Av. das Américas, 8445 - Sala 404 - Barra da Tijuca, Rio de Janeiro - RJ, 22793-081",False,,5.0,
Karllen Suzi - Arquitetura & Interiores,62) 98213-0243,"https://api.whatsapp.com/send?phone=5511988255555&text=Ol%C3%A1%20Rafael,%20vim%20atrav%C3%A9s%20do%20google%20e%20gostaria%20de%20solicitar%20um%20or%C3%A7amento!",https://www.instagram.com/arqkarllensuzi,,arquiteto,"Barra da Tijuca - Rio de Janeiro, RJ",Barra Olímpica,"Av. Vice Pres. José Alencar, 1400 - Barra Olímpica, Rio de Janeiro - RJ, 22775-033",False,https://www.instagram.com/arqkarllensuzi/,5.0,
Letícia Villa Arquitetura e Interiores,21) 96624-1363,"https://api.whatsapp.com/send?phone=5511988255555&text=Ol%C3%A1%20Rafael,%20vim%20atrav%C3%A9s%20do%20google%20e%20gostaria%20de%20solicitar%20um%20or%C3%A7amento!",https://www.instagram.com/arqkarllensuzi,,arquiteto,"Barra da Tijuca - Rio de Janeiro, RJ",Barra da Tijuca,"Av. Embaixador Abelardo Bueno, 01 - Sala 326A - Barra da Tijuca, Rio de Janeiro - RJ, 22775-040",False,https://www.instagram.com/leticiavillaarquitetura,5.0,
Raupp Arquitetura e Interiores,21) 97208-9499,"https://api.whatsapp.com/send?phone=5511988255555&text=Ol%C3%A1%20Rafael,%20vim%20atrav%C3%A9s%20do%20google%20e%20gostaria%20de%20solicitar%20um%20or%C3%A7amento!",https://www.instagram.com/arqkarllensuzi,,arquiteto,"Barra da Tijuca - Rio de Janeiro, RJ",Barra Olímpica,"Av. Salvador Allende - Barra Olímpica, Rio de Janeiro - RJ, 22780-150",False,,5.0,
Rachel Lira Fotografia - Gestante - Parto - Barra da Tijuca,21) 98421-3028,21) 98421-3028,https://www.instagram.com/babylovefotos,,fotógrafo,"Barra da Tijuca - Rio de Janeiro, RJ",Barra da Tijuca,"Dimension Office and park - Av. Embaixador Abelardo Bueno, 01 - Barra da Tijuca, Rio de Janeiro - RJ, 22775-022",False,,5.0,
Baby Love,21) 3325-9218,,https://www.instagram.com/babylovefotos,,fotógrafo,"Barra da Tijuca - Rio de Janeiro, RJ",Barra da Tijuca,"Av. das Américas, 3255 - Loja 135 - Barra da Tijuca, Rio de Janeiro - RJ, 22631-002",False,https://www.instagram.com/babylovefotos/,4.7,
Julieta Olmos @fotografadapraia,,,https://www.instagram.com/babylovefotos,,fotógrafo,"Barra da Tijuca - Rio de Janeiro, RJ",Barra da Tijuca,"Praia do Pepê - Barra da Tijuca, Rio de Janeiro - RJ, 22620-170",False,https://instagram.com/fotografadapraia?igshid=104slulndl4x2,5.0,
Jannu Photo | Fotografia de Casamento,,,https://www.instagram.com/babylovefotos,,fotógrafo,"Barra da Tijuca - Rio de Janeiro, RJ",Barra da Tijuca,"Av. Antonio Evaristo de Moraes Filho, 222 - Barra da Tijuca, Rio de Janeiro - RJ, 22631-455",False,http://www.instagram.com/jannuphoto,5.0,
ON.U Metropolitano Barra,21) 97419-5353,21) 97419-5353,https://www.instagram.com/babylovefotos,,fotógrafo,"Barra da Tijuca - Rio de Janeiro, RJ",Barra da Tijuca,"Av. Embaixador Abelardo Bueno, 1300 - Barra da Tijuca, Rio de Janeiro - RJ, 22775-040",False,https://www.instagram.com/onubykodak/,4.9,
Escola Eleva Barra da Tijuca,21) 3094-5020,,,,escola,"Barra da Tijuca - Rio de Janeiro, RJ",Barra da Tijuca,"Av. José Silva de Azevedo Neto, 309 - Barra da Tijuca, Rio de Janeiro - RJ, 22775-056",False,,,
Park Education - Barra da Tijuca,21) 98080-5972,5521980805972,,,escola,"Barra da Tijuca - Rio de Janeiro, RJ",Barra da Tijuca,"Av. das Américas, 3301 - Bloco 1 - Loja 123 - Barra da Tijuca, Rio de Janeiro - RJ, 22631-004",False,,5.0,
Colégio Estadual Chiquinha Gonzaga,21) 2333-6356,,,,escola,"Barra da Tijuca - Rio de Janeiro, RJ",Barra da Tijuca,"Praça Sd. Geraldo da Cruz, 50 - Barra da Tijuca, Rio de Janeiro - RJ, 22620-230",False,,,
Centro Médico Mar da Barra,21) 2491-7996,,,,clínica médica,"Barra da Tijuca - Rio de Janeiro, RJ",Barra da Tijuca,"Av. Lúcio Costa, 3460 - Cobertura - 303 - Barra da Tijuca, Rio de Janeiro - RJ, 22630-010",False,,3.9,
Dr. Leonardo Caruso - Medicina Intensiva e Perioperatória | Clinica Médica no Rio De Janeiro,21) 98881-0641,21) 98881-0641,,,clínica médica,"Barra da Tijuca - Rio de Janeiro, RJ",Barra da Tijuca,"Av. das Américas, 8585 - sala 471 - Barra da Tijuca, Rio de Janeiro - RJ, 22793-081",False,,,
Essence Clinica Medica Popular,21) 3738-7495,,,,clínica médica,"Barra da Tijuca - Rio de Janeiro, RJ",Barra da Tijuca,"Office 02 - Av. Embaixador Abelardo Bueno, 1111 - sl 117 - Barra da Tijuca, Rio de Janeiro - RJ, 22775-039",False,,3.0,
CLÍNICA MÉDICA,21) 2494-6529,,,,clínica médica,"Barra da Tijuca - Rio de Janeiro, RJ",Barra da Tijuca,"Portaria E - Av. das Américas, 500 - Bloco 22, Sala, 202 - Barra da Tijuca, Rio de Janeiro - RJ, 22640-100",False,,,
Clínica Shamá,21) 3500-5858,,https://www.instagram.com/aaugustofigueiredo,,clínica médica,"Barra da Tijuca - Rio de Janeiro, RJ",Barra da Tijuca,"Av. Embaixador Abelardo Bueno, 01 - Barra da Tijuca, Rio de Janeiro - RJ, 22775-022",False,,,
Dra. Julia Batalha - Harmonização Facial RJ,21) 97309-8600,21) 97309-8600,https://instagram.com/drajuliabatalha,,harmonização facial,"Barra da Tijuca - Rio de Janeiro, RJ",Barra da Tijuca,"Av. Vice Pres. José Alencar, 1405 - Barra da Tijuca, Rio de Janeiro - RJ, 22775-033",False,https://instagram.com/drajuliabatalha,5.0,
CM - Harmonização Facial,21) 97302-7986,21) 97302-7986,https://www.instagram.com/dracarlamillena,,harmonização facial,"Barra da Tijuca - Rio de Janeiro, RJ",Barra da Tijuca,"Av. Olegário Maciel, 460 - sala 206 - Barra da Tijuca, Rio de Janeiro - RJ, 22621-200",False,https://www.instagram.com/dracarlamillena/,5.0,
Dra. Ana Luiza | Clínica Estética Barra da Tijuca,21) 99115-3484,21) 99115-3484,https://www.instagram.com/draanaluizavieira,,harmonização facial,"Barra da Tijuca - Rio de Janeiro, RJ",Barra da Tijuca,"Av. Embaixador Abelardo Bueno, 3330 - Barra da Tijuca, Rio de Janeiro - RJ, 22775-040",False,https://www.instagram.com/draanaluizavieira/,5.0,4
Faccia Armonica - Barra da Tijuca - Harmonização Facial e Corporal,21) 98878-2507,21) 98878-2507,,,harmonização facial,"Barra da Tijuca - Rio de Janeiro, RJ",Barra da Tijuca,"Av. Embaixador Abelardo Bueno, 1111 - Bl2 Loja 104 - Barra da Tijuca, Rio de Janeiro - RJ, 22775-039",False,,5.0,
Dra Kelly de Paula - Harmonização Facial RJ,21) 99877-0018,21) 99877-0018,,,harmonização facial,"Barra da Tijuca - Rio de Janeiro, RJ",Barra da Tijuca,"Av. das Américas, 3500 - bloco 07 sala 238 - Barra da Tijuca, Rio de Janeiro - RJ, 22640-102",False,,5.0,
Dra. Thalita Mollo | Harmonização Facial,21) 99965-5090,21) 99965-5090,,,harmonização facial,"Barra da Tijuca - Rio de Janeiro, RJ",Barra da Tijuca,"Av. das Américas, 4200 - Barra da Tijuca, Rio de Janeiro - RJ, 22640-907",False,,5.0,
Dra. Camilla Násser - Dentista e Harmonização Barra da Tijuca,21) 98218-0939,21) 98218-0939,https://instagram.com/dra.camillanasser?igshid=1k3f7dlyj19uj,,harmonização facial,"Barra da Tijuca - Rio de Janeiro, RJ",Barra da Tijuca,"Dimension Office e Park - Av. Embaixador Abelardo Bueno, 1 - SL 325 A - Barra da Tijuca, Rio de Janeiro - RJ, 22775-040",False,https://instagram.com/dra.camillanasser?igshid=1k3f7dlyj19uj,5.0,
Depilare Espaço Unissex,21) 3326-5149,,,,depilação a laser,"Barra da Tijuca - Rio de Janeiro, RJ",Barra da Tijuca,"Av. das Américas, 3255 - Loja 273 - Barra da Tijuca, Rio de Janeiro - RJ, 22631-002",False,,4.3,
Laser Fast | Rio de Janeiro/RJ - Barra da Tijuca,0800 000 0888,0800 000 0888,,,depilação a laser,"Barra da Tijuca - Rio de Janeiro, RJ",Barra da Tijuca,"Av. Fernando Mattos, 280 - sala 107 - Barra da Tijuca, Rio de Janeiro - RJ, 22621-090",False,,2.1,
BodyBelle Metropolitano,21) 97025-8265,21) 97025-8265,https://www.instagram.com/bodylaser.metropolitano,,depilação a laser,"Barra da Tijuca - Rio de Janeiro, RJ",Barra da Tijuca,"Av. Embaixador Abelardo Bueno, 1300 - Loja 2039 A - Barra da Tijuca, Rio de Janeiro - RJ, 22775-040",False,https://www.instagram.com/bodybelle.metropolitano/,4.3,
Elegance Sante - Barra da Tijuca,21) 3518-3821,,,,depilação a laser,"Barra da Tijuca - Rio de Janeiro, RJ",Barra da Tijuca,"Av. Ayrton Senna, 2600 - Barra da Tijuca, Rio de Janeiro - RJ, 22775-002",False,,4.8,
Depilarte,21) 3388-6345,,,,depilação a laser,"Barra da Tijuca - Rio de Janeiro, RJ",Recreio dos Bandeirantes,"Av. Alfredo Balthazar da Silveira, 520 - Recreio dos Bandeirantes, Rio de Janeiro - RJ, 22790-710",False,,4.3,
Remoção a Laser Távora,21) 96021-3184,5521960213184,https://www.instagram.com/remocaolaser.tavora?igsh=empkbXhkYTluNmRj,,depilação a laser,"Barra da Tijuca - Rio de Janeiro, RJ",Recreio dos Bandeirantes,"Av. das Américas, 16225 - Sala 208 - Recreio dos Bandeirantes, Rio de Janeiro - RJ, 22790-701",False,https://www.instagram.com/remocaolaser.tavora?igsh=empkbXhkYTluNmRj,5.0,
Studio Bispo micropigmentação e estética (barra da Tijuca),21) 96947-1281,21) 96947-1281,,,micropigmentação,"Barra da Tijuca - Rio de Janeiro, RJ",Barra da Tijuca,"Av. das Américas, 4666 - Barra da Tijuca, Rio de Janeiro - RJ, 22621-200",False,,5.0,
"Marcelle Aguiar - Sobrancelhas, Micropigmentação, Remoção a Laser, Camuflagem de Estrias e Reconstrução de Auréolas.",21) 97662-5575,21) 97662-5575,https://www.instagram.com/marcelleaguiar.beauty?igsh=djF3ZDQ0a3Y4eTFw&utm_source=qr,,micropigmentação,"Barra da Tijuca - Rio de Janeiro, RJ",Barra da Tijuca,"Av. Embaixador Abelardo Bueno, 1111 - Barra da Tijuca, Rio de Janeiro - RJ, 22775-039",False,https://www.instagram.com/marcelleaguiar.beauty?igsh=djF3ZDQ0a3Y4eTFw&utm_source=qr,5.0,
Micropigmentação Amanda Faria BS,21) 98540-9304,21) 98540-9304,https://instagram.com/amandafaria_06?igshid=YmMyMTA2M2Y=,,micropigmentação,"Barra da Tijuca - Rio de Janeiro, RJ",Barra da Tijuca,"Av. Ayrton Senna, 2600 - Bloco 05 Sala 416 - Barra da Tijuca, Rio de Janeiro - RJ, 22775-003",False,https://instagram.com/amandafaria_06?igshid=YmMyMTA2M2Y=,5.0,
Luana Macedo - Micropigmentação,21) 99536-5112,21) 99536-5112,https://www.instagram.com/luanamacedo.micro,,micropigmentação,"Barra da Tijuca - Rio de Janeiro, RJ",Barra da Tijuca,"Av. das Américas, 12600 - Bloco 1, sala 202 - Barra da Tijuca, Rio de Janeiro - RJ, 22790-701",False,https://www.instagram.com/luanamacedo.micro/,5.0,
"DUE Beauté | Brow Lamination, Remoção a Laser e Micropigmentação – Barra da Tijuca",21) 98093-3978,21) 98093-3978,https://www.instagram.com/duebeaute,,micropigmentação,"Barra da Tijuca - Rio de Janeiro, RJ",Barra Olímpica,"Centro Metropolitano - R. Luiz Antônio Campos Mello, 2 - Barra Olímpica, Rio de Janeiro - RJ, 22775-024",False,https://www.instagram.com/duebeaute/,5.0,
Nádia Lima Remoção de tatuagem coloridas /micropigmentação/ laserterapeuta/depilação definitiva/Barra da Tijuca,21) 99822-7351,21) 99822-7351,https://www.instagram.com/nadiaf_lima,,micropigmentação,"Barra da Tijuca - Rio de Janeiro, RJ",Barra da Tijuca,"Av. das Américas, 2300 - Sala 202 A - Barra da Tijuca, Rio de Janeiro - RJ, 22640-101",False,https://www.instagram.com/nadiaf_lima,5.0,
Priscila Gargano - Extensão de Cílios e Micropigmentação,21) 99570-2028,21) 99570-2028,https://www.instagram.com/lash.priscilagargano,,micropigmentação,"Barra da Tijuca - Rio de Janeiro, RJ",Barra da Tijuca,"Av. Ayrton Senna, 5500 - Bloco 3, Sala 218 - Barra da Tijuca, Rio de Janeiro - RJ, 22775-005",False,https://www.instagram.com/lash.priscilagargano/,5.0,
"Vanessa Frazão - Micropigmentação, Design de Sobrancelhas e Estética Facial",21) 99879-0922,21) 99879-0922,http://www.instagram.com/vanessafrazaopmu,,micropigmentação,"Barra da Tijuca - Rio de Janeiro, RJ",Barra da Tijuca,"Av das Americas 7935 - Sunplaza - Barra da Tijuca, Rio de Janeiro - RJ, 22793-081",False,http://www.instagram.com/vanessafrazaopmu,5.0,
Cathya Gamma Esteticista,21) 98851-7711,21) 98851-7711,https://www.instagram.com/cathya.gamma,,micropigmentação,"Barra da Tijuca - Rio de Janeiro, RJ",Barra da Tijuca,"Av. João Cabral de Mello Neto, 850 - Bloco 3 Sala 1109 - Barra da Tijuca, Rio de Janeiro - RJ, 22775-057",False,https://www.instagram.com/cathya.gamma/,5.0,
Cílios e sobrancelhas Aline Motta,21) 99814-2861,5521998142861,https://www.instagram.com/alinemotta.cilios?igsh=YXBlNHE4a3dzcTM0,,micropigmentação,"Barra da Tijuca - Rio de Janeiro, RJ",Barra Olímpica,"Av. Olof Palme, 765 - sala 404 - Barra Olímpica, Rio de Janeiro - RJ, 22783-119",False,https://www.instagram.com/alinemotta.cilios?igsh=YXBlNHE4a3dzcTM0,5.0,
LH Excelence Beauty - Design de Sobrancelhas e Cursos,21) 96416-1712,21) 96416-1712,https://www.instagram.com/lucianahenrique_oficial,,micropigmentação,"Barra da Tijuca - Rio de Janeiro, RJ",Barra da Tijuca,"Av. Alm. Júlio de Sá Bierrenbach, 65 - Bloco 4, sala 416 - Barra da Tijuca, Rio de Janeiro - RJ, 22775-028",False,https://www.instagram.com/lucianahenrique_oficial/,5.0,
Remoção a Laser de Tatuagem e Micropigmentação - Removal Beauty Barra,21) 99813-8076,21) 99813-8076,https://www.instagram.com/removal_beauty,,micropigmentação,"Barra da Tijuca - Rio de Janeiro, RJ",Copacabana,"Av. Marechal Henrique Lott, 333 - Copacabana, Rio de Janeiro - RJ, 22631-370",False,https://www.instagram.com/removal_beauty/,5.0,
Studio LM+,21) 99994-4683,21) 99994-4683,https://www.instagram.com/studiolmais,,designer de interiores,"Barra da Tijuca - Rio de Janeiro, RJ",Barra da Tijuca,"ED, Dimension Office Park - AV. ABELARDO BUENO, 1, Av. Ayrton Senna, 2 - Barra da Tijuca, Rio de Janeiro - RJ, 22775-040",False,https://www.instagram.com/studiolmais/,5.0,
NÓZ DESIGN - Design de Interiores,21) 96624-8044,"https://api.whatsapp.com/send?phone=5511988255555&text=Ol%C3%A1%20Rafael,%20vim%20atrav%C3%A9s%20do%20google%20e%20gostaria%20de%20solicitar%20um%20or%C3%A7amento!",https://www.instagram.com/studiolmais,,designer de interiores,"Barra da Tijuca - Rio de Janeiro, RJ",Barra da Tijuca,"Av. Embaixador Abelardo Bueno, 01 - Bloco 1, Sala 508B - Barra da Tijuca, Rio de Janeiro - RJ, 22775-022",False,,5.0,
DecorAle - Arquitetura e Design de Interiores por Ale Rangel,21) 98214-6110,"https://api.whatsapp.com/send?phone=5511988255555&text=Ol%C3%A1%20Rafael,%20vim%20atrav%C3%A9s%20do%20google%20e%20gostaria%20de%20solicitar%20um%20or%C3%A7amento!",https://www.instagram.com/studiolmais,,designer de interiores,"Barra da Tijuca - Rio de Janeiro, RJ",Barra da Tijuca,"Av. Ayrton Senna, 2150 - Bloco B, Sala 206 - Barra da Tijuca, Rio de Janeiro - RJ, 22775-003",False,https://www.instagram.com/rangellale?igsh=c3ljMHdkODNyZHhs&utm_source=qr,,
LUXURY Home Design,21) 97098-7472,"https://api.whatsapp.com/send?phone=5511988255555&text=Ol%C3%A1%20Rafael,%20vim%20atrav%C3%A9s%20do%20google%20e%20gostaria%20de%20solicitar%20um%20or%C3%A7amento!",https://www.instagram.com/studiolmais,,designer de interiores,"Barra da Tijuca - Rio de Janeiro, RJ",Barra da Tijuca,"Av. Ayrton Senna, 2150 - Bloco D Loja 105 - Barra da Tijuca, Rio de Janeiro - RJ, 22755-900",False,https://instagram.com/luxury.hdesign?igshid=NTdlMDg3MTY=,5.0,
Samuel Quitéria - Personal Trainer,21) 97512-4642,552164166161,https://www.instagram.com/samuquiteria,,personal trainer,"Barra da Tijuca - Rio de Janeiro, RJ",Barra da Tijuca,"R. Ipanema, 229 - Barra da Tijuca, Rio de Janeiro - RJ, 22631-390",False,https://www.instagram.com/samuquiteria/,5.0,
Personal Trainer na Barra e no Recreio - Thyssi,21) 99983-0336,552164166161,https://www.instagram.com/thyssipersonal,,personal trainer,"Barra da Tijuca - Rio de Janeiro, RJ",Barra da Tijuca,"Rua Alfredo Ceschiatti - Barra da Tijuca, Rio de Janeiro - RJ, 22775-033",False,https://www.instagram.com/thyssipersonal,5.0,
Larissa Lomeu - Personal trainer - atendimento em academias e condomínios na Barra e Recreio,21) 99133-1064,552164166161,https://www.instagram.com/thyssipersonal,,personal trainer,"Barra da Tijuca - Rio de Janeiro, RJ",Barra da Tijuca,"Av. das Américas, 500 - Barra da Tijuca, Rio de Janeiro - RJ, 22776-070",False,https://www.instagram.com/larissalomeu_personaltrainer?igsh=OXlqd3hvcHBydnFw,5.0,
Studio Uniq Trainer,21) 97486-8245,552164166161,https://www.instagram.com/thyssipersonal,,personal trainer,"Barra da Tijuca - Rio de Janeiro, RJ",Barra da Tijuca,"Av. das Américas, 2250 - sala 223 - Barra da Tijuca, Rio de Janeiro - RJ, 22640-101",False,,5.0,
Personal Fisio Leandro Gomes,21) 99764-7382,552164166161,https://www.instagram.com/thyssipersonal,,personal trainer,"Barra da Tijuca - Rio de Janeiro, RJ",Barra da Tijuca,"Av. das Américas, 7380 - 217 / 218 - Barra da Tijuca, Rio de Janeiro - RJ, 22793-081",False,,5.0,
Personal Trainer BIA MELO,21) 98220-8050,552164166161,https://www.instagram.com/thyssipersonal,,personal trainer,"Barra da Tijuca - Rio de Janeiro, RJ",Barra da Tijuca,"Av. das Américas, 6551 - Barra da Tijuca, Rio de Janeiro - RJ, 22793-080",False,,5.0,
TOTAL FITT ACADEMIA - BARRA DA TIJUCA,21) 98547-0844,552164166161,https://www.instagram.com/thyssipersonal,,personal trainer,"Barra da Tijuca - Rio de Janeiro, RJ",Barra da Tijuca,"Av. das Américas, 12700 - Barra da Tijuca, Rio de Janeiro - RJ, 22790-702",False,,4.9,
Isis Roberta Studio de Personal Trainer,21) 97091-8471,552164166161,https://www.instagram.com/thyssipersonal,,personal trainer,"Barra da Tijuca - Rio de Janeiro, RJ",Barra da Tijuca,"Av. Embaixador Abelardo Bueno, 01 - Barra da Tijuca, Rio de Janeiro - RJ, 22775-022",False,,5.0,
Hugo Mota Personal Trainer,21) 96998-0421,552164166161,https://www.instagram.com/thyssipersonal,,personal trainer,"Barra da Tijuca - Rio de Janeiro, RJ",Barra da Tijuca,"R. Jorn. Henrique Cordeiro, 120 - Barra da Tijuca, Rio de Janeiro - RJ, 22631-450",False,,5.0,
Studio Personal Ton Duarte,21) 98224-5013,552164166161,https://www.instagram.com/thyssipersonal,,personal trainer,"Barra da Tijuca - Rio de Janeiro, RJ",Barra da Tijuca,"Av. das Américas, 11365 - Barra da Tijuca, Rio de Janeiro - RJ, 22793-082",False,,,
Bruno Moura | Personal Trainer,21) 97928-5501,552164166161,https://www.instagram.com/thyssipersonal,,personal trainer,"Barra da Tijuca - Rio de Janeiro, RJ",Barra da Tijuca,"Rua Antônio Arthur Braga, 250 - Barra da Tijuca, Rio de Janeiro - RJ, 22793-105",False,,4.8,
Centro Médico Mar da Barra,21) 2491-7996,,https://www.instagram.com/psicoterapeuta_leticiag?igsh=YzljYTk1ODg3Zg==,,consultório,"Barra da Tijuca - Rio de Janeiro, RJ",Barra da Tijuca,"Av. Lúcio Costa, 3460 - Cobertura - 303 - Barra da Tijuca, Rio de Janeiro - RJ, 22630-010",False,,3.9,
VENDO CONSULTÓRIO BARRA DA TIJUCA,21) 99983-6148,21) 99983-6148,,,consultório,"Barra da Tijuca - Rio de Janeiro, RJ",Barra da Tijuca,"Av. das Américas, 297 - Sala 219 - Barra da Tijuca, Rio de Janeiro - RJ, 22631-000",False,,5.0,
Dra. Monique Bastos - Consultório Médico Barra da Tijuca Obesidade Nutrologia Emagrecimento Clínico Geral Clínica Médica Rj,21) 97096-8188,21) 97096-8188,,,consultório,"Barra da Tijuca - Rio de Janeiro, RJ",Barra da Tijuca,"Av. das Américas, 500 - Bloco 14, Sala 201 - Barra da Tijuca, Rio de Janeiro - RJ, 22640-100",False,,5.0,
Sublocação de Consultório - Barra da Tijuca (Le Monde),21) 98347-1128,21) 98347-1128,,,consultório,"Barra da Tijuca - Rio de Janeiro, RJ",Barra da Tijuca,"Av. das Américas, 3 - 500 Hong Kong 1000 - Barra da Tijuca, Rio de Janeiro - RJ, 22640-102",False,,5.0,
Salus Consultórios Médicos – Barra,21) 2430-9400,,https://www.instagram.com/apaixonadosctibarra,,consultório,"Barra da Tijuca - Rio de Janeiro, RJ",Barra da Tijuca,"Av. das Américas, 4666 - Barra da Tijuca, Rio de Janeiro - RJ, 22640-102",False,,3.0,
CLÍNICA VETERINÁRIA APAIXONADOS CTI BARRA 24H,21) 98711-5790,21) 98711-5790,https://www.instagram.com/apaixonadosctibarra,,consultório,"Barra da Tijuca - Rio de Janeiro, RJ",Tijuca,"Av. das Américas, 3939 - Tijuca, Rio de Janeiro - RJ, 22631-003",False,https://www.instagram.com/apaixonadosctibarra,4.5,
Clínica Pitila Ramalhoto,21) 3385-4724,,https://www.instagram.com/apaixonadosctibarra,,consultório,"Barra da Tijuca - Rio de Janeiro, RJ",Centro,"Av. das Américas, 4200 - Centro, Rio de Janeiro - RJ, 22640-102",False,,5.0,
Clínica Beauty Gene - Estética Regenerativa,21) 97190-7172,5521971907172,https://www.instagram.com/dracyssamagalhaes,,clínica de estética,"Recreio dos Bandeirantes - Rio de Janeiro, RJ",Recreio dos Bandeirantes,"Av. Genaro de Carvalho, 2597 - Recreio dos Bandeirantes, Rio de Janeiro - RJ, 22795-030",False,https://www.instagram.com/dracyssamagalhaes/,5.0,
Clinica de Estética By Inove (Dra. Michelle),21) 99626-9196,21) 99626-9196,,,clínica de estética,"Recreio dos Bandeirantes - Rio de Janeiro, RJ",Recreio dos Bandeirantes,"Estrada Benvindo de Novaes, 1825 - Sala 213 - Recreio dos Bandeirantes, Rio de Janeiro - RJ, 22790-381",False,,5.0,
Clínica Naah Recreio,21) 96499-0420,21) 96499-0420,,,clínica de estética,"Recreio dos Bandeirantes - Rio de Janeiro, RJ",Recreio dos Bandeirantes,"Rua Haroldo Cavalcanti, 360 - sala 301 - Recreio dos Bandeirantes, Rio de Janeiro - RJ, 22795-240",False,,5.0,2
RL Estética e Consultório,21) 99346-4272,21) 99346-4272,,,clínica de estética,"Recreio dos Bandeirantes - Rio de Janeiro, RJ",Recreio dos Bandeirantes,"Av. Lúcio Costa, 17700 - Cobertura 301 - Recreio dos Bandeirantes, Rio de Janeiro - RJ, 22795-130",False,,4.9,
Park Premium Recreio Residences,21) 97239-5621,21) 97239-5621,https://www.instagram.com/parkpremiumresidences,,salão premium,"Recreio dos Bandeirantes - Rio de Janeiro, RJ",Recreio dos Bandeirantes,"R. Silvia Pozzano, 2760 - 2820 - Recreio dos Bandeirantes, Rio de Janeiro - RJ, 22790-671",False,https://www.instagram.com/parkpremiumresidences/,4.7,
Le Premier Coiffeur,21) 2437-2257,,https://www.instagram.com/parkpremiumresidences,,salão premium,"Recreio dos Bandeirantes - Rio de Janeiro, RJ",Recreio dos Bandeirantes,"Av. Pedro Moura, 150 - Loja B - Recreio dos Bandeirantes, Rio de Janeiro - RJ, 22790-110",False,,4.4,
Espaço Pimenteira,21) 99869-6691,21) 99869-6691,https://www.instagram.com/parkpremiumresidences,,salão premium,"Recreio dos Bandeirantes - Rio de Janeiro, RJ",Recreio dos Bandeirantes,"Av. das Américas, 16691 - 2 andar - Recreio dos Bandeirantes, Rio de Janeiro - RJ, 22790-703",False,,4.8,
No Bosque festas Recreio,21) 96867-0962,21) 96867-0962,https://www.instagram.com/parkpremiumresidences,,salão premium,"Recreio dos Bandeirantes - Rio de Janeiro, RJ",Recreio dos Bandeirantes,"R. Ismael Silva, 519 - Recreio dos Bandeirantes, Rio de Janeiro - RJ, 22790-470",False,,4.5,
Salão de Beleza A Concept - Recreio dos Bandeirantes,21) 98680-5855,21) 98680-5855,https://www.instagram.com/parkpremiumresidences,,salão premium,"Recreio dos Bandeirantes - Rio de Janeiro, RJ",Recreio dos Bandeirantes,"Av. das Américas, 15700 - Loja A - Recreio dos Bandeirantes, Rio de Janeiro - RJ, 22790-704",False,https://www.instagram.com/byandersonalmeida/,5.0,
Botopremium Recreio,21) 96602-5225,21) 96602-5225,https://www.instagram.com/parkpremiumresidences,,salão premium,"Recreio dos Bandeirantes - Rio de Janeiro, RJ",Recreio Shopping,"Av. das Américas, 19019 - Loja 206 / Piso 2 - Recreio Shopping, Rio de Janeiro - RJ, 22790-701",False,,5.0,3
Planeta Imaginário Recreio Shopping,21) 98272-3221,21) 98272-3221,https://www.instagram.com/parkpremiumresidences,,salão premium,"Recreio dos Bandeirantes - Rio de Janeiro, RJ",Recreio dos Bandeirantes,"Av. das Américas, 19019 - Recreio dos Bandeirantes, Rio de Janeiro - RJ, 22791-959",False,https://instagram.com/planetaimaginariorio?igshid=ZmVmZTY5ZGE=,4.4,
Du temps pour moi,21) 99603-8866,21) 99603-8866,https://www.instagram.com/parkpremiumresidences,,salão premium,"Recreio dos Bandeirantes - Rio de Janeiro, RJ",Recreio dos Bandeirantes,"R. Sen. Rui Carneiro, 230 - Recreio dos Bandeirantes, Rio de Janeiro - RJ, 22790-650",False,,5.0,
Glam Coiffeur,21) 99543-1124,21) 99543-1124,https://www.instagram.com/parkpremiumresidences,,salão premium,"Recreio dos Bandeirantes - Rio de Janeiro, RJ",Recreio dos Bandeirantes,"Av. das Américas, 15500 - Loja 199A - Recreio dos Bandeirantes, Rio de Janeiro - RJ, 22790-702",False,https://www.instagram.com/glambarbearia/,4.8,
Studio Gold Hair Premium,21) 96815-5602,21) 96815-5602,https://www.instagram.com/parkpremiumresidences,,salão premium,"Recreio dos Bandeirantes - Rio de Janeiro, RJ",Recreio dos Bandeirantes,"Barra World - Setor França, Av. Alfredo Balthazar da Silveira, 580 - 245B - Recreio dos Bandeirantes, Rio de Janeiro - RJ, 22790-710",False,,5.0,
Studio 761 | Salão de beleza no Recreio,21) 98028-6209,21) 98028-6209,https://www.instagram.com/parkpremiumresidences,,salão premium,"Recreio dos Bandeirantes - Rio de Janeiro, RJ",Recreio dos Bandeirantes,"R. Eunice Gondin, 160 - Recreio dos Bandeirantes, Rio de Janeiro - RJ, 22795-350",False,https://instagram.com/studio761hair?igshid=NjZiMGI4OTY=,4.9,
Barbearia Premium,,,https://www.instagram.com/jldocorte,,barbearia premium,"Recreio dos Bandeirantes - Rio de Janeiro, RJ",Taquara,"R. do Caule, 12 - Taquara, Rio de Janeiro - RJ, 22713-582",False,https://www.instagram.com/jldocorte/,4.9,
Barbearia L&M recreio,21) 3439-3128,,https://www.instagram.com/barbearialm?igsh=MTFwMThjNnJoZWNnbw==,,barbearia premium,"Recreio dos Bandeirantes - Rio de Janeiro, RJ",recreio,"avenida das americas 13685 A4 officies - recreio, Rio de Janeiro - RJ, 22790-701",False,https://www.instagram.com/barbearialm?igsh=MTFwMThjNnJoZWNnbw==,5.0,
Barbearia Top Cut,21) 96876-2174,21) 96876-2174,,,barbearia premium,"Recreio dos Bandeirantes - Rio de Janeiro, RJ",Recreio dos Bandeirantes,"Av. Gilka Machado, 2 - loja F - Recreio dos Bandeirantes, Rio de Janeiro - RJ, 22795-570",False,,4.8,
Barbearia Thirtynine barbershop,21) 97726-6141,21) 97726-6141,https://instagram.com/thirtyninebarbershopp?igshid=YmMyMTA2M2Y=,,barbearia premium,"Recreio dos Bandeirantes - Rio de Janeiro, RJ",Recreio dos Bandeirantes,"R. Clementina de Jesus, 7b - Recreio dos Bandeirantes, Rio de Janeiro - RJ, 22795-320",False,https://instagram.com/thirtyninebarbershopp?igshid=YmMyMTA2M2Y=,5.0,
Barbearia de Primeira Recreio,21) 3936-5389,,,,barbearia premium,"Recreio dos Bandeirantes - Rio de Janeiro, RJ",Recreio dos Bandeirantes,"Av. das Américas, 15000 - Recreio dos Bandeirantes, Rio de Janeiro - RJ, 22790-702",False,,4.8,
Barbearia Navalha de Ouro,21) 3547-2075,,,,barbearia premium,"Recreio dos Bandeirantes - Rio de Janeiro, RJ",Recreio dos Bandeirantes,"Recreio Shopping - Av. das Américas, 19019 - Recreio dos Bandeirantes, Rio de Janeiro - RJ, 22790-701",False,,4.2,
Barbearia Barroso Netto unidade vertice,21) 3576-9864,,,,barbearia premium,"Recreio dos Bandeirantes - Rio de Janeiro, RJ",Recreio dos Bandeirantes,"R. Silvia Pozzano, 615 - loja 101 b - Recreio dos Bandeirantes, Rio de Janeiro - RJ, 22790-671",False,,4.6,
Caval Barber Shop - Recreio,21) 97698-6776,21) 97698-6776,https://www.instagram.com/cavalbarbershop,,barbearia premium,"Recreio dos Bandeirantes - Rio de Janeiro, RJ",Recreio dos Bandeirantes,"Av. das Américas, 15.500 - loja 218/219 - Recreio dos Bandeirantes, Rio de Janeiro - RJ, 22790-702",False,https://www.instagram.com/cavalbarbershop/,4.9,
Hero Barber,21) 99332-6201,21) 99332-6201,https://www.instagram.com/p/Cb5WjYDrV-0/?utm_medium=copy_link,,barbearia premium,"Recreio dos Bandeirantes - Rio de Janeiro, RJ",Recreio dos Bandeirantes,"R. Min. Aliomar Baleeiro, 1000 - Recreio dos Bandeirantes, Rio de Janeiro - RJ, 22790-550",False,https://www.instagram.com/p/Cb5WjYDrV-0/?utm_medium=copy_link,5.0,
Orlion barbearia premium,21) 97541-5868,21) 97541-5868,,,barbearia premium,"Recreio dos Bandeirantes - Rio de Janeiro, RJ",Penha,"R. Afonso Ribeiro, 394 - Loja c - Penha, Rio de Janeiro - RJ, 21021-000",False,,5.0,
DG BARBER PREMIUM,21) 98686-4144,21) 98686-4144,,,barbearia premium,"Recreio dos Bandeirantes - Rio de Janeiro, RJ",Jardim Palmares,"R. das Mangueiras, 123 - Jardim Palmares, Nova Iguaçu - RJ, 26277-610",False,,5.0,
Le Premier Coiffeur,21) 2437-2257,,,,barbearia premium,"Recreio dos Bandeirantes - Rio de Janeiro, RJ",Recreio dos Bandeirantes,"Av. Pedro Moura, 150 - Loja B - Recreio dos Bandeirantes, Rio de Janeiro - RJ, 22790-110",False,,4.4,
Consultório Dentário Dra.Patrícia Bastos,21) 98885-3460,21) 98885-3460,https://www.instagram.com/recreiodentistas?igsh=c3gzMmR4YTI5cmFj,,dentista,"Recreio dos Bandeirantes - Rio de Janeiro, RJ",Recreio dos Bandeirantes,"Av. das Américas, 19019 - Sala 354 - Recreio dos Bandeirantes, Rio de Janeiro - RJ, 22790-585",False,,5.0,
Dentistas Recreio,21) 98784-3060,21) 98784-3060,https://www.instagram.com/recreiodentistas?igsh=c3gzMmR4YTI5cmFj,,dentista,"Recreio dos Bandeirantes - Rio de Janeiro, RJ",Recreio dos Bandeirantes,"R. do Arquiteto, 367 - Sala 103 - Recreio dos Bandeirantes, Rio de Janeiro - RJ, 22795-565",False,https://www.instagram.com/recreiodentistas?igsh=c3gzMmR4YTI5cmFj,5.0,
DUO ODONTO CLÍNICA,21) 99712-0242,21) 99712-0242,https://www.instagram.com/recreiodentistas?igsh=c3gzMmR4YTI5cmFj,,dentista,"Recreio dos Bandeirantes - Rio de Janeiro, RJ",Recreio dos Bandeirantes,"Av. das Américas, 17150 - bloco 1 sala 543 - Recreio dos Bandeirantes, Rio de Janeiro - RJ, 22790-704",False,,5.0,
RecreiOdonto,21) 3418-4691,,https://www.instagram.com/recreiodentistas?igsh=c3gzMmR4YTI5cmFj,,dentista,"Recreio dos Bandeirantes - Rio de Janeiro, RJ",Recreio dos Bandeirantes,"R. do Arquiteto, 186 - Recreio dos Bandeirantes, Rio de Janeiro - RJ, 22795-565",False,,4.9,
Clínica 3d Odontologia,21) 99939-1918,5521998846611,https://www.instagram.com/recreiodentistas?igsh=c3gzMmR4YTI5cmFj,,dentista,"Recreio dos Bandeirantes - Rio de Janeiro, RJ",Recreio dos Bandeirantes,"Avenida das Américas 18000 sala 507d, Alfredo Balthazar da Silveira, 1875 - sala 201 - Recreio dos Bandeirantes, Rio de Janeiro - RJ, 22790-704",False,https://www.instagram.com/clinica3d.odontologia/,5.0,
In Dent Odontologia,21) 98867-2507,5521998846611,https://www.instagram.com/recreiodentistas?igsh=c3gzMmR4YTI5cmFj,,dentista,"Recreio dos Bandeirantes - Rio de Janeiro, RJ",Recreio dos Bandeirantes,"Torre 2 - Absolutto Business Towers - Av. das Américas, 19005 - Sala 615 - Recreio dos Bandeirantes, Rio de Janeiro - RJ, 22790-703",False,,5.0,
OdontoCompany Rio de Janeiro - Recreio dos Bandeirantes,21) 3597-3356,5521998846611,https://www.instagram.com/recreiodentistas?igsh=c3gzMmR4YTI5cmFj,,dentista,"Recreio dos Bandeirantes - Rio de Janeiro, RJ",Recreio dos Bandeirantes,"Av. Gilka Machado, 77 - Recreio dos Bandeirantes, Rio de Janeiro - RJ, 22795-570",False,,3.1,3
Psicanalista Recreio dos Bandeirantes e Barra,21) 97557-5734,5521993777415,https://www.instagram.com/psimaraboyd?igsh=a3JlYm1zOHVzd2Vo&utm_source=qr,,psicólogo,"Recreio dos Bandeirantes - Rio de Janeiro, RJ",Recreio dos Bandeirantes,"Av. José Luiz Ferraz - Recreio dos Bandeirantes, Rio de Janeiro - RJ, 22790-587",False,https://www.instagram.com/psimaraboyd?igsh=a3JlYm1zOHVzd2Vo&utm_source=qr,5.0,
Psicologa no Recreio - Serenamente Psicologia e Avaliação Neuropsicológica,21) 99066-4256,5521993777415,https://www.instagram.com/psimaraboyd?igsh=a3JlYm1zOHVzd2Vo&utm_source=qr,,psicólogo,"Recreio dos Bandeirantes - Rio de Janeiro, RJ",Recreio dos Bandeirantes,"Ala D - Ed. Equador - Av Américas 12.900 Bloco 1, Sala 617 - Recreio dos Bandeirantes, Rio de Janeiro - RJ, 22790-702",False,https://www.instagram.com/clinica.psi.serenamente?utm_source=ig_web_button_share_sheet&igsh=ZDNlZDc0MzIxNw==,5.0,
Psicóloga Juliene Cordeiro - Neuropsicóloga - Recreio dos bandeirantes,21) 96436-8582,5521993777415,https://www.instagram.com/psimaraboyd?igsh=a3JlYm1zOHVzd2Vo&utm_source=qr,,psicólogo,"Recreio dos Bandeirantes - Rio de Janeiro, RJ",Recreio dos Bandeirantes,"Torre I - Av. das Américas, 19005 Torre I sala 1219, sala 614 - Recreio dos Bandeirantes, Rio de Janeiro - RJ, 22790-703",False,https://instagram.com/psicologa_juliene?igshid=MmIzYWVlNDQ5Yg==,5.0,
Nathalia Medeiros | Psicóloga,21) 97557-2147,5521993777415,https://www.instagram.com/psimaraboyd?igsh=a3JlYm1zOHVzd2Vo&utm_source=qr,,psicólogo,"Recreio dos Bandeirantes - Rio de Janeiro, RJ",Recreio dos Bandeirantes,"Atendimentos Online e presencial - Recreio dos Bandeirantes, Rio de Janeiro - RJ, 26520-534",False,https://www.instagram.com/psicologanathaliamedeiros/,5.0,
Psicóloga Barbara Vasconcelos | Recreio dos Bandeirantes,21) 98168-7384,5521993777415,https://www.instagram.com/psimaraboyd?igsh=a3JlYm1zOHVzd2Vo&utm_source=qr,,psicólogo,"Recreio dos Bandeirantes - Rio de Janeiro, RJ",Recreio dos Bandeirantes,"Av. das Américas, 19019 - Recreio dos Bandeirantes, Rio de Janeiro - RJ, 22790-701",False,,5.0,
Dra. Danielle Macedo - Nutricionista,21) 97078-0453,21) 97078-0453,https://www.instagram.com/souclaudiapaixao?igsh=MW5rMnNvYXFtY2tocQ==,,nutricionista,"Recreio dos Bandeirantes - Rio de Janeiro, RJ",Recreio dos Bandeirantes,"Av. das Américas, 13685 - bloco 1 sala 337 - Recreio dos Bandeirantes, Rio de Janeiro - RJ, 22790-701",False,,5.0,
Phillipe Alves Nutricionista - Recreio,21) 97372-5175,5521974505613,https://www.instagram.com/souclaudiapaixao?igsh=MW5rMnNvYXFtY2tocQ==,,nutricionista,"Recreio dos Bandeirantes - Rio de Janeiro, RJ",Recreio dos Bandeirantes,"R. Min. Aliomar Baleeiro, 645 - Recreio dos Bandeirantes, Rio de Janeiro - RJ, 22790-550",False,https://www.instagram.com/nutri_phillipealves/,5.0,
Mariane Fontes - especialista em Emagrecimento e Hipertrofia,21) 98405-0975,5521974505613,https://www.instagram.com/souclaudiapaixao?igsh=MW5rMnNvYXFtY2tocQ==,,nutricionista,"Recreio dos Bandeirantes - Rio de Janeiro, RJ",Recreio dos Bandeirantes,"ao lado do Bar Cevadas/ em frente a estação BRT Gilka Machado - R. Min. Aliomar Baleeiro, 645 - Recreio dos Bandeirantes, Rio de Janeiro - RJ, 22795-135",False,https://instagram.com/nutrimaryfontes?igshid=MjEwN2IyYWYwYw==,5.0,
Nutricionista Consultório Dominique Ribeiro,,5521974505613,https://www.instagram.com/souclaudiapaixao?igsh=MW5rMnNvYXFtY2tocQ==,,nutricionista,"Recreio dos Bandeirantes - Rio de Janeiro, RJ",Barra da Tijuca,"Av. das Américas, 19005 - Barra da Tijuca, Rio de Janeiro - RJ, 22790-703",False,,5.0,
❤️ Michele Batista | Nutricionista Esportiva & Clínica | Online | Emagrecimento & Hipertrofia | Recreio dos Bandeirantes | RJ,21) 99359-8810,5521974505613,https://www.instagram.com/souclaudiapaixao?igsh=MW5rMnNvYXFtY2tocQ==,,nutricionista,"Recreio dos Bandeirantes - Rio de Janeiro, RJ",Recreio dos Bandeirantes,"R. Min. Aliomar Baleeiro, 645 - Sala 302 Cobertura - Recreio dos Bandeirantes, Rio de Janeiro - RJ, 22790-550",False,https://www.instagram.com/mbatistanutri/,5.0,
Danielle Festivo - Nutricionista Recreio RJ,21) 99678-5939,5521974505613,https://www.instagram.com/souclaudiapaixao?igsh=MW5rMnNvYXFtY2tocQ==,,nutricionista,"Recreio dos Bandeirantes - Rio de Janeiro, RJ",Recreio dos Bandeirantes,"Av. das Américas, 19005 - Sl. 529, Torre 1 - Recreio dos Bandeirantes, Rio de Janeiro - RJ, 22790-703",False,https://www.instagram.com/daniellefestivo.nutri/,5.0,
Glória Diegas - Nutricionista e Acupunturista no Recreio dos Bandeirantes,21) 99756-3050,5521974505613,https://www.instagram.com/souclaudiapaixao?igsh=MW5rMnNvYXFtY2tocQ==,,nutricionista,"Recreio dos Bandeirantes - Rio de Janeiro, RJ",Recreio dos Bandeirantes,"Av. Guilherme de Almeida, 51 - sala 208 - Recreio dos Bandeirantes, Rio de Janeiro - RJ, 22790-100",False,https://www.instagram.com/nutrigloriadiegas/?hl=pt,5.0,
Fisioterapia Rio de Janeiro Bio Health Care - Excelência em Reabilitação Musculoesquelética,21) 99650-9436,5521998656990,https://instagram.com/fisioterapeuta_gustavorisso,,fisioterapeuta,"Recreio dos Bandeirantes - Rio de Janeiro, RJ",Recreio dos Bandeirantes,"R. Des. Paulo Alonso, 501 - Recreio dos Bandeirantes, Rio de Janeiro - RJ, 22790-045",False,,5.0,
Fisioterapia Recreio dos Bandeirantes | Rodrigo Sancho Fisioterapeuta,21) 99933-1641,5521998656990,https://instagram.com/fisioterapeuta_gustavorisso,,fisioterapeuta,"Recreio dos Bandeirantes - Rio de Janeiro, RJ",Recreio dos Bandeirantes,"A5 Offices - Av. das Américas, 17150 - Bloco 1 Sala 217 - Recreio dos Bandeirantes, Rio de Janeiro - RJ, 22790-704",False,,5.0,
Clínica Movimento Cura | Pilates | Fisioterapia RPG| Liberação Miofascial | Ventosaterapia,21) 98415-3310,5521998656990,https://www.instagram.com/clinicamovimentocura,,fisioterapeuta,"Recreio dos Bandeirantes - Rio de Janeiro, RJ",Recreio dos Bandeirantes,"R. Prudente de Morais Neto, 91 - Sala 202 - Recreio dos Bandeirantes, Rio de Janeiro - RJ, 22795-345",False,https://www.instagram.com/clinicamovimentocura/,4.8,
Fisioterapeuta Gustavo Risso,21) 97323-9267,5521998656990,https://www.instagram.com/clinicamovimentocura,,fisioterapeuta,"Recreio dos Bandeirantes - Rio de Janeiro, RJ",Recreio dos Bandeirantes,"Av. das Américas, 190005 - Recreio dos Bandeirantes, Rio de Janeiro - RJ, 22790-703",False,https://instagram.com/fisioterapeuta_gustavorisso,5.0,
Marcus Vinícius Fisioterapeuta esportivo,21) 99726-7020,5521998656990,https://instagram.com/fisioterapeuta_gustavorisso,,fisioterapeuta,"Recreio dos Bandeirantes - Rio de Janeiro, RJ",Recreio dos Bandeirantes,"R. Min. Aliomar Baleeiro - Recreio dos Bandeirantes, Rio de Janeiro - RJ, 22790-550",False,,5.0,
FISIOTERAPEUTA UELTON BENEDITO,21) 99686-3169,5521998656990,https://instagram.com/fisioterapeuta_gustavorisso,,fisioterapeuta,"Recreio dos Bandeirantes - Rio de Janeiro, RJ",Recreio dos Bandeirantes,"R. Min. Aliomar Baleeiro, 645 - Recreio dos Bandeirantes, Rio de Janeiro - RJ, 22790-550",False,,5.0,
Clínica Ana Damasceno - Saúde e Bem Estar,21) 98870-5558,5521998656990,https://instagram.com/fisioterapeuta_gustavorisso,,fisioterapeuta,"Recreio dos Bandeirantes - Rio de Janeiro, RJ",Recreio dos Bandeirantes,"R. Sen. Rui Carneiro, 301 - Recreio dos Bandeirantes, Rio de Janeiro - RJ, 22790-650",False,,5.0,
Érika Campos Fisioterapia,21) 96510-7317,5521998656990,https://instagram.com/fisioterapeuta_gustavorisso,,fisioterapeuta,"Recreio dos Bandeirantes - Rio de Janeiro, RJ",Recreio dos Bandeirantes,"Bloco A - Av. das Américas, 18000 - sala 221 - Recreio dos Bandeirantes, Rio de Janeiro - RJ, 22790-704",False,,5.0,
Clínica Mouvement,21) 97045-7676,5521998656990,https://instagram.com/fisioterapeuta_gustavorisso,,fisioterapeuta,"Recreio dos Bandeirantes - Rio de Janeiro, RJ",Recreio dos Bandeirantes,"Avenida das Américas, 19.019, Recreio Shopping, 3 andar, sala 367 - Recreio dos Bandeirantes, Rio de Janeiro - RJ, 22790-703",False,,5.0,
Dani Zarza Studio de Pilates | Pilates no Recreio dos Bandeirantes RJ,21) 99706-1059,21) 99706-1059,https://www.instagram.com/danizarza.pilatesrecreio,,pilates,"Recreio dos Bandeirantes - Rio de Janeiro, RJ",Recreio dos Bandeirantes,"R. Eunice Gondin, 160 - sala 304 - Recreio dos Bandeirantes, Rio de Janeiro - RJ, 22795-350",False,https://www.instagram.com/danizarza.pilatesrecreio/,5.0,
Zezas Pilates - Recreio dos Bandeirantes,21) 99197-0756,21) 99197-0756,,,pilates,"Recreio dos Bandeirantes - Rio de Janeiro, RJ",Recreio dos Bandeirantes,"Rua Lucia de Castro e Silva, 160 - Sala 207 - Recreio dos Bandeirantes, Rio de Janeiro - RJ, 22795-865",False,,5.0,
Flex Pilates,21) 2437-3699,,,,pilates,"Recreio dos Bandeirantes - Rio de Janeiro, RJ",Recreio dos Bandeirantes,"Rua Almirante Ary Rongel, 445 - Sala 206 e 209 - Recreio dos Bandeirantes, Rio de Janeiro - RJ, 22790-430",False,,5.0,
VRFISIO E PILATES NA CASINHA VALESKA REIS,21) 97124-8215,21) 97124-8215,,,pilates,"Recreio dos Bandeirantes - Rio de Janeiro, RJ",Recreio dos Bandeirantes,"Av. Miguel Antônio Fernandes, 1333 - SALA 204 B - Recreio dos Bandeirantes, Rio de Janeiro - RJ, 22790-682",False,,5.0,
Pilates - Michele Menezes,21) 99888-0095,21) 99888-0095,https://www.instagram.com/pilatesmichelemenezes?igsh=MTB1YTM2OTZ2bGJ2Mw%3D%3D&utm_source=qr,,pilates,"Recreio dos Bandeirantes - Rio de Janeiro, RJ",Recreio dos Bandeirantes,"R. Sen. Rui Carneiro, 230 - sala 202 - Recreio dos Bandeirantes, Rio de Janeiro - RJ, 22790-650",False,https://www.instagram.com/pilatesmichelemenezes?igsh=MTB1YTM2OTZ2bGJ2Mw%3D%3D&utm_source=qr,5.0,
Pilates e Fisioterapia Recreio Shopping,21) 99877-0256,21) 99877-0256,,,pilates,"Recreio dos Bandeirantes - Rio de Janeiro, RJ",Recreio dos Bandeirantes,"Avenida das Americas 19019 - Recreio Shopping Recreio Shopping tel : 2439 4018 - Recreio dos Bandeirantes, Rio de Janeiro - RJ, 22790-704",False,,5.0,
Studio Ecila Barbosa Pilates - Unidade Recreio,21) 97588-5021,21) 97588-5021,,,pilates,"Recreio dos Bandeirantes - Rio de Janeiro, RJ",Recreio dos Bandeirantes,"R. José Carlos de Oliveira, 337 - sala 208 - Recreio dos Bandeirantes, Rio de Janeiro - RJ, 22795-360",False,,5.0,
Pilates Angela K,21) 99761-3431,21) 99761-3431,,,pilates,"Recreio dos Bandeirantes - Rio de Janeiro, RJ",Recreio dos Bandeirantes,"Av Miguel Antônio Fernandes 1333 bloco A sala 308 e bloco B, sala 612 - Recreio dos Bandeirantes, Rio de Janeiro - RJ, 22790-682",False,,5.0,
Equilíbrio Pilates,,,,,pilates,"Recreio dos Bandeirantes - Rio de Janeiro, RJ",Recreio dos Bandeirantes,"Sala 108 - Centro Comercial Morolinha, Av. Gilka Machado, 108 - Recreio dos Bandeirantes, Rio de Janeiro - RJ, 22790-570",False,,5.0,
Vitta+ Clínica de Fisioterapia e Pilates,21) 99078-1521,21) 99078-1521,,,pilates,"Recreio dos Bandeirantes - Rio de Janeiro, RJ",Recreio dos Bandeirantes,"Av. das Américas, 17150 - sala 537 - Recreio dos Bandeirantes, Rio de Janeiro - RJ, 22790-704",False,,5.0,
Getup Boutique Gym Recreio,21) 97215-0490,21) 97215-0490,,,academia boutique,"Recreio dos Bandeirantes - Rio de Janeiro, RJ",Recreio dos Bandeirantes,"Av. Guilherme de Almeida, 138 - Recreio dos Bandeirantes, Rio de Janeiro - RJ, 22790-100",False,,5.0,
Perfect Body Recreio,21) 96623-8671,21) 96623-8671,,,academia boutique,"Recreio dos Bandeirantes - Rio de Janeiro, RJ",Recreio dos Bandeirantes,"Estr. do Pontal, 7667 - Recreio dos Bandeirantes, Rio de Janeiro - RJ, 22790-877",False,,4.6,
In Motion Studio Recreio,21) 98186-0306,21) 98186-0306,https://www.instagram.com/inmotionstudiorecreio/#,,academia boutique,"Recreio dos Bandeirantes - Rio de Janeiro, RJ",Recreio dos Bandeirantes,"R. Sen. Rui Carneiro, 301 - Cobertura: 301 - Recreio dos Bandeirantes, Rio de Janeiro - RJ, 22795-650",False,https://www.instagram.com/inmotionstudiorecreio/#,5.0,
Studio Vida Recreio,21) 98829-1701,21) 98829-1701,,,academia boutique,"Recreio dos Bandeirantes - Rio de Janeiro, RJ",Recreio dos Bandeirantes,"R. Sandro Moreira, 115 - Recreio dos Bandeirantes, Rio de Janeiro - RJ, 22790-675",False,,5.0,
Ray Fitness & Moda Praia Recreio dos Bandeirantes,21) 96437-5276,21) 96437-5276,,,academia boutique,"Recreio dos Bandeirantes - Rio de Janeiro, RJ",Recreio dos Bandeirantes,"R. do Arquiteto, 115 - lj B - Recreio dos Bandeirantes, Rio de Janeiro - RJ, 22795-565",False,,5.0,
CT ZION - Treinamento Personalizado,21) 99874-7280,21) 99874-7280,https://www.instagram.com/ctzion/?hl=pt-br,,academia boutique,"Recreio dos Bandeirantes - Rio de Janeiro, RJ",Recreio dos Bandeirantes,"Av. das Américas, 19005 - Loja E - Recreio dos Bandeirantes, Rio de Janeiro - RJ, 22790-703",False,https://www.instagram.com/ctzion/?hl=pt-br,4.9,
Life Gym,21) 2498-2381,,,,academia boutique,"Recreio dos Bandeirantes - Rio de Janeiro, RJ",Recreio dos Bandeirantes,"R. Paulino Bazani, 148 - Recreio dos Bandeirantes, Rio de Janeiro - RJ, 22795-135",False,,4.7,
By Caio Lessa - Cílios e Sobrancelhas,21) 97535-8772,21) 97535-8772,https://instagram.com/bycaiolessa?igshid=MzRlODBiNWFlZA==,,studio de sobrancelha,"Recreio dos Bandeirantes - Rio de Janeiro, RJ",Recreio dos Bandeirantes,"Av. das Américas, 19005 - Recreio dos Bandeirantes, Rio de Janeiro - RJ, 22790-703",False,https://instagram.com/bycaiolessa?igshid=MzRlODBiNWFlZA==,5.0,
Cílios & Sobrancelhas | Gabi Maricato- Recreio dos Bandeirantes,21) 97233-8340,21) 97233-8340,https://www.instagram.com/ciliosdegabii?igsh=cmV1N2czcGxpcmh2,,studio de sobrancelha,"Recreio dos Bandeirantes - Rio de Janeiro, RJ",Recreio dos Bandeirantes,"Shopping Vértice Mall - Av. Miguel Antônio Fernandes, 1333 - Bloco A - Sala 518 - Recreio dos Bandeirantes, Rio de Janeiro - RJ, 22790-682",False,https://www.instagram.com/ciliosdegabii?igsh=cmV1N2czcGxpcmh2,5.0,
Sara Freitas | Depilação| Desing Sobrancelha | Brow Laminantion | Lash Lifiting | Recreio Bandeirantes,21) 96501-0785,21) 96501-0785,https://www.instagram.com/sarafreitas.designer,,studio de sobrancelha,"Recreio dos Bandeirantes - Rio de Janeiro, RJ",Recreio dos Bandeirantes,"D Em frente ao Recreio Shopping - Avenida das Américas, 18.000 ONE OFFICES, sala 502 - Recreio dos Bandeirantes, Rio de Janeiro - RJ, 22790-704",False,https://www.instagram.com/sarafreitas.designer/,5.0,
PALOMA TORRES | CÍLIOS | SOBRANCELHAS | RJ - RECREIO,21) 99742-5150,21) 99742-5150,https://www.instagram.com/palomatorresdesign,,studio de sobrancelha,"Recreio dos Bandeirantes - Rio de Janeiro, RJ",Recreio dos Bandeirantes,"A4 Offices - Av. das Américas - Recreio dos Bandeirantes, Rio de Janeiro - RJ, 22790-704",False,https://www.instagram.com/palomatorresdesign/,5.0,
Studio Eugenia Noronha | Cílios | Sobrancelhas | Cursos,21) 97967-5029,21) 97967-5029,,,studio de sobrancelha,"Recreio dos Bandeirantes - Rio de Janeiro, RJ",Recreio dos Bandeirantes,"R. do Arquiteto, 106 - Sala 201 - Recreio dos Bandeirantes, Rio de Janeiro - RJ, 22795-565",False,,5.0,
Sóbrancelhas - Guanabara Recreio,21) 99301-7799,21) 99301-7799,,,studio de sobrancelha,"Recreio dos Bandeirantes - Rio de Janeiro, RJ",Recreio dos Bandeirantes,"Supermercados Guanabara, Anexo ao - Av. das Américas, 16880 - box 152 - Recreio dos Bandeirantes, Rio de Janeiro - RJ, 22790-704",False,,5.0,
Spa das sobrancelhas,21) 97561-7849,21) 97561-7849,,,studio de sobrancelha,"Recreio dos Bandeirantes - Rio de Janeiro, RJ",Recreio dos Bandeirantes,"Av. Guiomar Novaes, 190 - loja 7 - Recreio dos Bandeirantes, Rio de Janeiro - RJ, 22790-590",False,,4.7,
Studio 761 | Salão de beleza no Recreio,21) 98028-6209,21) 98028-6209,https://instagram.com/studio761hair?igshid=NjZiMGI4OTY=,,studio de sobrancelha,"Recreio dos Bandeirantes - Rio de Janeiro, RJ",Recreio dos Bandeirantes,"R. Eunice Gondin, 160 - Recreio dos Bandeirantes, Rio de Janeiro - RJ, 22795-350",False,https://instagram.com/studio761hair?igshid=NjZiMGI4OTY=,4.9,
"HAGAR STUDIO: Sobrancelhas, Cílios, Depilação, Esmalteria , Mentoria Selá, Cursos VIP : Recreio dos Bandeirantes RJ",21) 96544-8861,21) 96544-8861,https://www.instagram.com/hagar_studio?igsh=MTB1MzYzajBxamM2OQ==,,studio de sobrancelha,"Recreio dos Bandeirantes - Rio de Janeiro, RJ",Recreio dos Bandeirantes,"R. Prudente de Morais Neto, Loja B - Recreio dos Bandeirantes, Rio de Janeiro - RJ, 22795-345",False,https://www.instagram.com/hagar_studio?igsh=MTB1MzYzajBxamM2OQ==,5.0,
Simone Marques Cortes,21) 99726-1246,21) 99726-1246,https://www.instagram.com/studioalongue.studio?igsh=c24zcjJ5dDByYmNt,,studio de sobrancelha,"Recreio dos Bandeirantes - Rio de Janeiro, RJ",Recreio dos Bandeirantes,"Av das Américas 19005 Sala 918 torre 1 andar 10° Condomínio Absolutto Business Center - Recreio dos Bandeirantes, Rio de Janeiro - RJ, 22790-703",False,https://www.instagram.com/studioalongue.studio?igsh=c24zcjJ5dDByYmNt,5.0,
Studio Lash By Lu 21,21) 99511-2438,21) 99511-2438,,,studio de sobrancelha,"Recreio dos Bandeirantes - Rio de Janeiro, RJ",Recreio dos Bandeirantes,"R. Dois, 2 - Recreio dos Bandeirantes, Rio de Janeiro - RJ, 22795-570",False,,5.0,
MicroLash Academy Curso de Cílios & Sobrancelhas | MEC | Internacional,21) 99804-9380,21) 99804-9380,http://www.instagram.com/microlashacademy,,studio de sobrancelha,"Recreio dos Bandeirantes - Rio de Janeiro, RJ",Recreio dos Bandeirantes,"Absolutto Business Towers - Av. das Américas, 19005 - Salas 1308, 1309, 1310, Torre 2 - Recreio dos Bandeirantes, Rio de Janeiro - RJ, 22790-703",False,http://www.instagram.com/microlashacademy,4.8,
Santo Cílio Beauty Studio,21) 99697-0548,21) 99697-0548,https://instagram.com/osantocilio?igshid=YmMyMTA2M2Y=,,studio de sobrancelha,"Recreio dos Bandeirantes - Rio de Janeiro, RJ",Recreio dos Bandeirantes,"Av. das Américas, 18000 - Sala 519 A - Recreio dos Bandeirantes, Rio de Janeiro - RJ, 22790-704",False,https://instagram.com/osantocilio?igshid=YmMyMTA2M2Y=,5.0,
Camila Sant'Ana cílios e sobrancelhas,21) 96585-6703,21) 96585-6703,https://www.instagram.com/lash_camilaasant?igsh=NGdtcjlvdmQ2YTVo&utm_source=qr,,studio de sobrancelha,"Recreio dos Bandeirantes - Rio de Janeiro, RJ",Recreio dos Bandeirantes,"Av. das Américas, 17900 - sala 204 - Recreio dos Bandeirantes, Rio de Janeiro - RJ, 22790-704",False,https://www.instagram.com/lash_camilaasant?igsh=NGdtcjlvdmQ2YTVo&utm_source=qr,,
Cílios & Sobrancelhas | Gabi Maricato- Recreio dos Bandeirantes,21) 97233-8340,21) 97233-8340,https://www.instagram.com/ciliosdegabii?igsh=cmV1N2czcGxpcmh2,,studio de cílios,"Recreio dos Bandeirantes - Rio de Janeiro, RJ",Recreio dos Bandeirantes,"Shopping Vértice Mall - Av. Miguel Antônio Fernandes, 1333 - Bloco A - Sala 518 - Recreio dos Bandeirantes, Rio de Janeiro - RJ, 22790-682",False,https://www.instagram.com/ciliosdegabii?igsh=cmV1N2czcGxpcmh2,5.0,
Cílios recreio e Curso de cílios Recreio por Sueny Reis lash Designer,21) 96887-9210,21) 96887-9210,https://www.instagram.com/ciliosrecreio_studio?igsh=eTZic2V3eWQzZndh,,studio de cílios,"Recreio dos Bandeirantes - Rio de Janeiro, RJ",Recreio dos Bandeirantes,"Avenida Alfredo Balthazar da Silveira, 580, no, CEP 22790-71 - Recreio dos Bandeirantes, Rio de Janeiro - RJ, 22790-710",False,https://www.instagram.com/ciliosrecreio_studio?igsh=eTZic2V3eWQzZndh,5.0,
Studio Eugenia Noronha | Cílios | Sobrancelhas | Cursos,21) 97967-5029,21) 97967-5029,,,studio de cílios,"Recreio dos Bandeirantes - Rio de Janeiro, RJ",Recreio dos Bandeirantes,"R. do Arquiteto, 106 - Sala 201 - Recreio dos Bandeirantes, Rio de Janeiro - RJ, 22795-565",False,,5.0,
Studio Lash By Lu 21,21) 99511-2438,21) 99511-2438,,,studio de cílios,"Recreio dos Bandeirantes - Rio de Janeiro, RJ",Recreio dos Bandeirantes,"R. Dois, 2 - Recreio dos Bandeirantes, Rio de Janeiro - RJ, 22795-570",False,,5.0,
Studio Danielle Silva designer cílios e sobrancelhas,21) 99074-2004,21) 99074-2004,,,studio de cílios,"Recreio dos Bandeirantes - Rio de Janeiro, RJ",Recreio dos Bandeirantes,"R. Profa. Edna Côrte Silveira, 97 - Recreio dos Bandeirantes, Rio de Janeiro - RJ, 22795-830",False,,5.0,
Cílios & Estética Recreio - Andreza Freitas,21) 98211-9333,21) 98211-9333,https://instagram.com/esteticista.andrezafreitas?igshid=MzNlNGNkZWQ4Mg==,,studio de cílios,"Recreio dos Bandeirantes - Rio de Janeiro, RJ",Recreio dos Bandeirantes,"Av. das Américas, 18.500 - sala 246 - Recreio dos Bandeirantes, Rio de Janeiro - RJ, 22790-704",False,https://instagram.com/esteticista.andrezafreitas?igshid=MzNlNGNkZWQ4Mg==,5.0,
Sara Freitas | Depilação| Desing Sobrancelha | Brow Laminantion | Lash Lifiting | Recreio Bandeirantes,21) 96501-0785,21) 96501-0785,https://www.instagram.com/sarafreitas.designer,,studio de cílios,"Recreio dos Bandeirantes - Rio de Janeiro, RJ",Recreio dos Bandeirantes,"D Em frente ao Recreio Shopping - Avenida das Américas, 18.000 ONE OFFICES, sala 502 - Recreio dos Bandeirantes, Rio de Janeiro - RJ, 22790-704",False,https://www.instagram.com/sarafreitas.designer/,5.0,
Santo Cílio Beauty Studio,21) 99697-0548,21) 99697-0548,https://instagram.com/osantocilio?igshid=YmMyMTA2M2Y=,,studio de cílios,"Recreio dos Bandeirantes - Rio de Janeiro, RJ",Recreio dos Bandeirantes,"Av. das Américas, 18000 - Sala 519 A - Recreio dos Bandeirantes, Rio de Janeiro - RJ, 22790-704",False,https://instagram.com/osantocilio?igshid=YmMyMTA2M2Y=,5.0,
Cílios e Sobrancelhas Recreio / Bárbara Lash,21) 95928-0795,21) 95928-0795,https://www.instagram.com/barbaralashrj,,studio de cílios,"Recreio dos Bandeirantes - Rio de Janeiro, RJ",Recreio dos Bandeirantes,"R. do Arquiteto, 367 - Recreio dos Bandeirantes, Rio de Janeiro - RJ, 22795-565",False,https://www.instagram.com/barbaralashrj/,5.0,
BY MAIS VOLUME - Extensão de Cílios I Unhas RECREIO DOS BANDEIRANTES - RJ,21) 96965-2900,21) 96965-2900,https://instagram.com/bymaisvolume?igshid=MmVlMjlkMTBhMg==,,studio de cílios,"Recreio dos Bandeirantes - Rio de Janeiro, RJ",Recreio dos Bandeirantes,"Av. das Américas, 19005 - Recreio dos Bandeirantes, Rio de Janeiro - RJ, 22790-703",False,https://instagram.com/bymaisvolume?igshid=MmVlMjlkMTBhMg==,4.6,
MicroLash Academy Curso de Cílios & Sobrancelhas | MEC | Internacional,21) 99804-9380,21) 99804-9380,http://www.instagram.com/microlashacademy,,studio de cílios,"Recreio dos Bandeirantes - Rio de Janeiro, RJ",Recreio dos Bandeirantes,"Absolutto Business Towers - Av. das Américas, 19005 - Salas 1308, 1309, 1310, Torre 2 - Recreio dos Bandeirantes, Rio de Janeiro - RJ, 22790-703",False,http://www.instagram.com/microlashacademy,4.8,
Studio Lash Stephanie Toledo,21) 99710-8883,21) 99710-8883,https://www.instagram.com/stephanietoledolash?igsh=MWN1cm8zM2oxcGltYQ==&utm_source=qr,,studio de cílios,"Recreio dos Bandeirantes - Rio de Janeiro, RJ",Recreio dos Bandeirantes,"Av. Gilka Machado, 71c - Recreio dos Bandeirantes, Rio de Janeiro - RJ, 22795-100",False,https://www.instagram.com/stephanietoledolash?igsh=MWN1cm8zM2oxcGltYQ==&utm_source=qr,5.0,
"HAGAR STUDIO: Sobrancelhas, Cílios, Depilação, Esmalteria , Mentoria Selá, Cursos VIP : Recreio dos Bandeirantes RJ",21) 96544-8861,21) 96544-8861,https://www.instagram.com/hagar_studio?igsh=MTB1MzYzajBxamM2OQ==,,studio de cílios,"Recreio dos Bandeirantes - Rio de Janeiro, RJ",Recreio dos Bandeirantes,"R. Prudente de Morais Neto, Loja B - Recreio dos Bandeirantes, Rio de Janeiro - RJ, 22795-345",False,https://www.instagram.com/hagar_studio?igsh=MTB1MzYzajBxamM2OQ==,5.0,
Studio CS Unhas e Cílios,21) 99794-3995,21) 99794-3995,,,studio de cílios,"Recreio dos Bandeirantes - Rio de Janeiro, RJ",Recreio dos Bandeirantes,"Av. das Américas, 15700 - Loja C - Recreio dos Bandeirantes, Rio de Janeiro - RJ, 22790-704",False,,5.0,
Studio Lash Thyele,21) 96523-7240,21) 96523-7240,https://www.instagram.com/lashthyele,,studio de cílios,"Recreio dos Bandeirantes - Rio de Janeiro, RJ",Recreio dos Bandeirantes,"R. do Arquiteto, 365 - loja C - Recreio dos Bandeirantes, Rio de Janeiro - RJ, 22795-565",False,https://www.instagram.com/lashthyele/,5.0,
Cílios recreio e Curso de cílios Recreio por Sueny Reis lash Designer,21) 96887-9210,21) 96887-9210,https://www.instagram.com/ciliosrecreio_studio?igsh=eTZic2V3eWQzZndh,,lash designer,"Recreio dos Bandeirantes - Rio de Janeiro, RJ",Recreio dos Bandeirantes,"Avenida Alfredo Balthazar da Silveira, 580, no, CEP 22790-71 - Recreio dos Bandeirantes, Rio de Janeiro - RJ, 22790-710",False,https://www.instagram.com/ciliosrecreio_studio?igsh=eTZic2V3eWQzZndh,5.0,
Cílios & Sobrancelhas | Gabi Maricato- Recreio dos Bandeirantes,21) 97233-8340,21) 97233-8340,https://www.instagram.com/ciliosdegabii?igsh=cmV1N2czcGxpcmh2,,lash designer,"Recreio dos Bandeirantes - Rio de Janeiro, RJ",Recreio dos Bandeirantes,"Shopping Vértice Mall - Av. Miguel Antônio Fernandes, 1333 - Bloco A - Sala 518 - Recreio dos Bandeirantes, Rio de Janeiro - RJ, 22790-682",False,https://www.instagram.com/ciliosdegabii?igsh=cmV1N2czcGxpcmh2,5.0,
Lash designer / Dominiky Oliveira,21) 98038-8236,21) 98038-8236,https://www.instagram.com/lashdomioliveira/?igsh=MW4yZ3JlN3d5Zjh4Mg==,,lash designer,"Recreio dos Bandeirantes - Rio de Janeiro, RJ",Recreio dos Bandeirantes,"Av. das Américas, 16691 - Recreio dos Bandeirantes, Rio de Janeiro - RJ, 22790-703",False,https://www.instagram.com/lashdomioliveira/?igsh=MW4yZ3JlN3d5Zjh4Mg==,5.0,
Studio Lash By Lu 21,21) 99511-2438,21) 99511-2438,,,lash designer,"Recreio dos Bandeirantes - Rio de Janeiro, RJ",Recreio dos Bandeirantes,"R. Dois, 2 - Recreio dos Bandeirantes, Rio de Janeiro - RJ, 22795-570",False,,5.0,
By Caio Lessa - Cílios e Sobrancelhas,21) 97535-8772,21) 97535-8772,https://instagram.com/bycaiolessa?igshid=MzRlODBiNWFlZA==,,lash designer,"Recreio dos Bandeirantes - Rio de Janeiro, RJ",Recreio dos Bandeirantes,"Av. das Américas, 19005 - Recreio dos Bandeirantes, Rio de Janeiro - RJ, 22790-703",False,https://instagram.com/bycaiolessa?igshid=MzRlODBiNWFlZA==,5.0,
Sara Freitas | Depilação| Desing Sobrancelha | Brow Laminantion | Lash Lifiting | Recreio Bandeirantes,21) 96501-0785,21) 96501-0785,https://www.instagram.com/sarafreitas.designer,,lash designer,"Recreio dos Bandeirantes - Rio de Janeiro, RJ",Recreio dos Bandeirantes,"D Em frente ao Recreio Shopping - Avenida das Américas, 18.000 ONE OFFICES, sala 502 - Recreio dos Bandeirantes, Rio de Janeiro - RJ, 22790-704",False,https://www.instagram.com/sarafreitas.designer/,5.0,
Cílios e Sobrancelhas Recreio / Bárbara Lash,21) 95928-0795,21) 95928-0795,https://www.instagram.com/barbaralashrj,,lash designer,"Recreio dos Bandeirantes - Rio de Janeiro, RJ",Recreio dos Bandeirantes,"R. do Arquiteto, 367 - Recreio dos Bandeirantes, Rio de Janeiro - RJ, 22795-565",False,https://www.instagram.com/barbaralashrj/,5.0,
MicroLash Academy Curso de Cílios & Sobrancelhas | MEC | Internacional,21) 99804-9380,21) 99804-9380,http://www.instagram.com/microlashacademy,,lash designer,"Recreio dos Bandeirantes - Rio de Janeiro, RJ",Recreio dos Bandeirantes,"Absolutto Business Towers - Av. das Américas, 19005 - Salas 1308, 1309, 1310, Torre 2 - Recreio dos Bandeirantes, Rio de Janeiro - RJ, 22790-703",False,http://www.instagram.com/microlashacademy,4.8,
Larissa Matias lash design,21) 97138-3387,21) 97138-3387,,,lash designer,"Recreio dos Bandeirantes - Rio de Janeiro, RJ",Recreio dos Bandeirantes,"Av canal das taxas n 19 Terreirão - Recreio dos Bandeirantes, Rio de Janeiro - RJ, 22795-150",False,,4.8,
Lash Íris Alves,21) 98373-8546,21) 98373-8546,,,lash designer,"Recreio dos Bandeirantes - Rio de Janeiro, RJ",Recreio dos Bandeirantes,"Av. Gilka Machado - Recreio dos Bandeirantes, Rio de Janeiro - RJ, 22790-300",False,,,
Lash e brow designer Camilla Ambrosio,21) 97888-2798,21) 97888-2798,,,lash designer,"Recreio dos Bandeirantes - Rio de Janeiro, RJ",Recreio dos Bandeirantes,"Av. Guiomar Novaes, 80 - Recreio dos Bandeirantes, Rio de Janeiro - RJ, 22795-780",False,,,
Cílios & Estética Recreio - Andreza Freitas,21) 98211-9333,21) 98211-9333,https://instagram.com/esteticista.andrezafreitas?igshid=MzNlNGNkZWQ4Mg==,,lash designer,"Recreio dos Bandeirantes - Rio de Janeiro, RJ",Recreio dos Bandeirantes,"Av. das Américas, 18.500 - sala 246 - Recreio dos Bandeirantes, Rio de Janeiro - RJ, 22790-704",False,https://instagram.com/esteticista.andrezafreitas?igshid=MzNlNGNkZWQ4Mg==,5.0,
Isa Alves Lash Studio,21) 99384-6367,21) 99384-6367,https://www.instagram.com/isaalves_studio,,lash designer,"Recreio dos Bandeirantes - Rio de Janeiro, RJ",Recreio dos Bandeirantes,"Rua Frederico Quartarolli, 360 - sala 113 - Recreio dos Bandeirantes, Rio de Janeiro - RJ, 22795-400",False,https://www.instagram.com/isaalves_studio/,5.0,
Sóbrancelhas - Guanabara Recreio,21) 99301-7799,21) 99301-7799,,,lash designer,"Recreio dos Bandeirantes - Rio de Janeiro, RJ",Recreio dos Bandeirantes,"Supermercados Guanabara, Anexo ao - Av. das Américas, 16880 - box 152 - Recreio dos Bandeirantes, Rio de Janeiro - RJ, 22790-704",False,,5.0,
Studio Lash Thyele,21) 96523-7240,21) 96523-7240,https://www.instagram.com/lashthyele,,lash designer,"Recreio dos Bandeirantes - Rio de Janeiro, RJ",Recreio dos Bandeirantes,"R. do Arquiteto, 365 - loja C - Recreio dos Bandeirantes, Rio de Janeiro - RJ, 22795-565",False,https://www.instagram.com/lashthyele/,5.0,
CASA SPA RIO,21) 97525-9257,21) 97525-9257,,,spa,"Recreio dos Bandeirantes - Rio de Janeiro, RJ",Recreio dos Bandeirantes,"Av. Francesco Leta, 130 - Recreio dos Bandeirantes, Rio de Janeiro - RJ, 22790-725",False,,5.0,
America Spa Car,21) 99700-0061,21) 99700-0061,,,spa,"Recreio dos Bandeirantes - Rio de Janeiro, RJ",Recreio dos Bandeirantes,"Av. Alfredo Balthazar da Silveira, 1501 - Recreio dos Bandeirantes, Rio de Janeiro - RJ, 22790-710",False,,4.4,
Dom Dog Pet Spa,21) 98323-7540,5521983237540,,,spa,"Recreio dos Bandeirantes - Rio de Janeiro, RJ",Recreio dos Bandeirantes,"Avenida das Américas, 16.880 Loja 141/142 Guanabara Recreio - Recreio dos Bandeirantes, Rio de Janeiro - RJ, 22790-704",False,,4.2,
"Spaço Zen Recreio - Pilates, Studio Personal e Fisioterapia",21) 99938-1868,21) 99938-1868,https://www.instagram.com/spacozen,,spa,"Recreio dos Bandeirantes - Rio de Janeiro, RJ",Recreio dos Bandeirantes,"Rua Octávio de Faria, 81 - Recreio dos Bandeirantes, Rio de Janeiro - RJ, 22795-415",False,https://www.instagram.com/spacozen/,5.0,
Na Brasa Columbia,21) 3040-4050,,,,restaurante,"Recreio dos Bandeirantes - Rio de Janeiro, RJ",Recreio dos Bandeirantes,"Av. Lúcio Costa, 16560 - Recreio dos Bandeirantes, Rio de Janeiro - RJ, 22795-008",False,,4.5,
Restaurante Àdorê - Recreio,21) 3170-1503,,,,restaurante,"Recreio dos Bandeirantes - Rio de Janeiro, RJ",Recreio dos Bandeirantes,"Av. Lúcio Costa, 17700 - Loja D e E - Recreio dos Bandeirantes, Rio de Janeiro - RJ, 22620-172",False,,4.6,
Casuarina :: Recreio,21) 2491-9664,https://api.whatsapp.com/send?phone=5521993838812,https://www.instagram.com/casuarinarestaurante,,restaurante,"Recreio dos Bandeirantes - Rio de Janeiro, RJ",Recreio dos Bandeirantes,"Av. Lúcio Costa, 16410 - Recreio dos Bandeirantes, Rio de Janeiro - RJ, 22795-008",False,https://www.instagram.com/casuarinarestaurante/,4.7,
Restaurante Brasa da Esquina,21) 3079-5909,,,,restaurante,"Recreio dos Bandeirantes - Rio de Janeiro, RJ",Recreio dos Bandeirantes,"R. Sen. Rui Carneiro, 566 - Recreio dos Bandeirantes, Rio de Janeiro - RJ, 22795-650",False,,4.3,
Adega Barril do Recreio,21) 2437-4428,,,,restaurante,"Recreio dos Bandeirantes - Rio de Janeiro, RJ",Recreio dos Bandeirantes,"R. Gen. Orlando Geisel, 342 - Recreio dos Bandeirantes, Rio de Janeiro - RJ, 22790-280",False,,4.3,
Brasa Bonita Gastronomia,21) 3012-4262,,,,restaurante,"Recreio dos Bandeirantes - Rio de Janeiro, RJ",Recreio dos Bandeirantes,"Av. José Luiz Ferraz, 100 - Recreio dos Bandeirantes, Rio de Janeiro - RJ, 22790-703",False,,4.1,
Restaurante Bistral Rio - Recreio,21) 3841-2316,,,,restaurante,"Recreio dos Bandeirantes - Rio de Janeiro, RJ",Recreio dos Bandeirantes,"Av. Lúcio Costa, 16756 - Recreio dos Bandeirantes, Rio de Janeiro - RJ, 22795-008",False,,4.5,
O Nordestino Recreio,21) 99160-8439,21) 99160-8439,,,restaurante,"Recreio dos Bandeirantes - Rio de Janeiro, RJ",Recreio dos Bandeirantes,"Av. Guiomar Novaes, 80 - Recreio dos Bandeirantes, Rio de Janeiro - RJ, 22790-590",False,,4.5,
Dra. Juliana Giffoni,21) 99074-3822,21) 99074-3822,,,advogado,"Recreio dos Bandeirantes - Rio de Janeiro, RJ",Recreio dos Bandeirantes,"Av. das Américas, 17701 - 203 - Recreio dos Bandeirantes, Rio de Janeiro - RJ, 22790-701",False,,5.0,
Sem nome,,,,,advogado,"Recreio dos Bandeirantes - Rio de Janeiro, RJ",Recreio dos Bandeirantes,"Av. das Américas, 1 - Recreio dos Bandeirantes, Rio de Janeiro - RJ, 22790-739",False,,4.9,
Lameirão Advogados,21) 2433-1586,,,,advogado,"Recreio dos Bandeirantes - Rio de Janeiro, RJ",Recreio dos Bandeirantes,"One Offices - Av. das Américas, 18000 - Bloco A - Sala 502 - Recreio dos Bandeirantes, Rio de Janeiro - RJ, 22790-704",False,,4.8,
Dr. João Vitor | Advogado de Família,,5521986125050,,,advogado,"Recreio dos Bandeirantes - Rio de Janeiro, RJ",Recreio dos Bandeirantes,"Av. das Américas, 19005 - Recreio dos Bandeirantes, Rio de Janeiro - RJ, 22790-703",False,,4.9,
Ramon Oliveira Advogados Associados,21) 98885-7990,21) 98885-7990,https://www.instagram.com/adv.ramonoliveira,,advogado,"Recreio dos Bandeirantes - Rio de Janeiro, RJ",Recreio dos Bandeirantes,"Av. das Américas, 17701 - Recreio dos Bandeirantes, Rio de Janeiro - RJ, 22790-703",False,https://www.instagram.com/adv.ramonoliveira/,5.0,
Dra. Loja Andrade Gomes,21) 96411-0738,21) 96411-0738,https://www.instagram.com/adv.ramonoliveira,,advogado,"Recreio dos Bandeirantes - Rio de Janeiro, RJ",RJ,"Recreio dos Bandeirantes, Rio de Janeiro - RJ, 22640-100",False,,5.0,
Obra de Cora Arquitetura,21) 98360-8787,21) 98360-8787,,,arquiteto,"Recreio dos Bandeirantes - Rio de Janeiro, RJ",Recreio dos Bandeirantes,"Shopping Barra World - Recreio dos Bandeirantes, Rio de Janeiro - RJ, 22790-285",False,,5.0,
Dafne Sampaio Arquitetura,21) 99957-5756,21) 99957-5756,https://www.instagram.com/diegovilhenaarquiteto?igsh=c3F6ZXBpN3Znb3dy,,arquiteto,"Recreio dos Bandeirantes - Rio de Janeiro, RJ",Recreio dos Bandeirantes,"Av. das Américas, 18 - 000 - 410b - Recreio dos Bandeirantes, Rio de Janeiro - RJ, 21020-050",False,,4.8,
Olive Arquitetura,21) 97245-6839,21) 97245-6839,https://www.instagram.com/diegovilhenaarquiteto?igsh=c3F6ZXBpN3Znb3dy,,arquiteto,"Recreio dos Bandeirantes - Rio de Janeiro, RJ",Recreio dos Bandeirantes,"Av. das Américas, 19005 - Recreio dos Bandeirantes, Rio de Janeiro - RJ, 22790-703",False,,5.0,
Eli Fotos,21) 98360-3878,5521996019394,https://www.instagram.com/on.u_oficial?igsh=MzZibWlxMWo3NDZx&utm_source=qr,,fotógrafo,"Recreio dos Bandeirantes - Rio de Janeiro, RJ",Recreio dos Bandeirantes,"Av. Guiomar Novaes, 130 - Loja A - Recreio dos Bandeirantes, Rio de Janeiro - RJ, 22790-590",False,,4.6,
ON.U by Kodak Moments Américas,21) 99716-5510,5521996019394,https://www.instagram.com/on.u_oficial?igsh=MzZibWlxMWo3NDZx&utm_source=qr,,fotógrafo,"Recreio dos Bandeirantes - Rio de Janeiro, RJ",Recreio dos Bandeirantes,"Av. das Américas, 15500 - Recreio dos Bandeirantes, Rio de Janeiro - RJ, 22790-702",False,https://www.instagram.com/on.u_oficial?igsh=MzZibWlxMWo3NDZx&utm_source=qr,4.5,
Photo Now - Americas Shopping,21) 96505-7208,5521996019394,https://www.instagram.com/on.u_oficial?igsh=MzZibWlxMWo3NDZx&utm_source=qr,,fotógrafo,"Recreio dos Bandeirantes - Rio de Janeiro, RJ",Recreio dos Bandeirantes,"Av. das Américas, 15500 - Recreio dos Bandeirantes, Rio de Janeiro - RJ, 22790-702",False,https://www.instagram.com/photonow_recreio?igsh=NDI5dWF4amhva3M=,5.0,
Estúdio GieAlex Fotografia,21) 99596-7975,5521996019394,https://www.instagram.com/on.u_oficial?igsh=MzZibWlxMWo3NDZx&utm_source=qr,,fotógrafo,"Recreio dos Bandeirantes - Rio de Janeiro, RJ",Recreio dos Bandeirantes,"Rua Coronel João Olintho, 960 - Sala 308 - Recreio dos Bandeirantes, Rio de Janeiro - RJ, 22790-170",False,https://www.instagram.com/estudiogiealex/,4.9,
FHM Rio Fashion Photography,21) 96803-3604,5521996019394,https://www.instagram.com/on.u_oficial?igsh=MzZibWlxMWo3NDZx&utm_source=qr,,fotógrafo,"Recreio dos Bandeirantes - Rio de Janeiro, RJ",Recreio dos Bandeirantes,"Av. das Américas, 16300 - Recreio dos Bandeirantes, Rio de Janeiro - RJ, 22790-704",False,,5.0,
Babi Portugal Fotografia,21) 98880-5025,5521996019394,https://www.instagram.com/on.u_oficial?igsh=MzZibWlxMWo3NDZx&utm_source=qr,,fotógrafo,"Recreio dos Bandeirantes - Rio de Janeiro, RJ",Recreio dos Bandeirantes,"Av. das Américas, 15801 - sala 207 - Recreio dos Bandeirantes, Rio de Janeiro - RJ, 22790-701",False,https://www.instagram.com/babiportugalfotografia/,5.0,
Estúdio Mayara Netto Fotografia,21) 96580-2609,5521996019394,https://www.instagram.com/on.u_oficial?igsh=MzZibWlxMWo3NDZx&utm_source=qr,,fotógrafo,"Recreio dos Bandeirantes - Rio de Janeiro, RJ",Recreio dos Bandeirantes,"Av. das Américas, 17701 - Recreio dos Bandeirantes, Rio de Janeiro - RJ, 22790-550",False,,5.0,
ELITO FOTOS,,5521996019394,https://www.instagram.com/on.u_oficial?igsh=MzZibWlxMWo3NDZx&utm_source=qr,,fotógrafo,"Recreio dos Bandeirantes - Rio de Janeiro, RJ",Recreio dos Bandeirantes,"Av. Guiomar Novaes, 130 - Recreio dos Bandeirantes, Rio de Janeiro - RJ, 22790-590",False,,,
GracianoFotografia,,5521996019394,https://www.instagram.com/on.u_oficial?igsh=MzZibWlxMWo3NDZx&utm_source=qr,,fotógrafo,"Recreio dos Bandeirantes - Rio de Janeiro, RJ",Recreio dos Bandeirantes,"R. Paulino Bazani, 105 - Recreio dos Bandeirantes, Rio de Janeiro - RJ, 22795-135",False,,5.0,
Ciranda do Recreio,21) 2497-6038,,https://www.instagram.com/legacykidsrecreio,,escola,"Recreio dos Bandeirantes - Rio de Janeiro, RJ",Recreio dos Bandeirantes,"Rua Gelson Fonseca, 125 - Recreio dos Bandeirantes, Rio de Janeiro - RJ, 22790-260",False,,4.4,
Espaço de Desenvolvimento Infantill Professora Ruth Cardoso,21) 2498-5403,,https://www.instagram.com/chezlepetit.rj?igsh=am1wMjRkdzdlNHN6&utm_source=qr,,escola,"Recreio dos Bandeirantes - Rio de Janeiro, RJ",Recreio dos Bandeirantes,"Rua Werneck da Silva ( Historiador) 283 - Recreio dos Bandeirantes, Rio de Janeiro - RJ, 22790-832",False,,4.2,
Centro Educacional Hebrom - Unidade 1: Em reforma,21) 97470-7474,5521988786550,https://www.instagram.com/chezlepetit.rj?igsh=am1wMjRkdzdlNHN6&utm_source=qr,,escola,"Recreio dos Bandeirantes - Rio de Janeiro, RJ",Recreio dos Bandeirantes,"R. Venâncio Veloso, 445 - Recreio dos Bandeirantes, Rio de Janeiro - RJ, 22790-420",False,,4.4,
MEGGA CURSOS - Unidade Recreio | Rio de Janeiro/RJ,21) 99803-8682,21) 99803-8682,https://www.instagram.com/cursoresolvendo,,curso livre,"Recreio dos Bandeirantes - Rio de Janeiro, RJ",Recreio dos Bandeirantes,"R. Maurício da Costa Faria, 10 - Sala 314 - Recreio dos Bandeirantes, Rio de Janeiro - RJ, 22790-285",False,,4.4,
Resolvendo Central Pedagógica,21) 96769-9561,21) 96769-9561,https://www.instagram.com/cursoresolvendo,,curso livre,"Recreio dos Bandeirantes - Rio de Janeiro, RJ",Recreio dos Bandeirantes,"Av. das Américas, 17777 - Sala 301 - Recreio dos Bandeirantes, Rio de Janeiro - RJ, 22790-703",False,https://www.instagram.com/cursoresolvendo/,4.8,
Sistema de Ensino Raion,21) 3259-9079,,https://www.instagram.com/cursoresolvendo,,curso livre,"Recreio dos Bandeirantes - Rio de Janeiro, RJ",Recreio dos Bandeirantes,"Av. das Américas, 16225 - cobertura 304 - Recreio dos Bandeirantes, Rio de Janeiro - RJ, 22790-701",False,,4.7,
Curso Livre de Música,21) 98327-6144,https://api.whatsapp.com/send?phone=5521999193239&text=Ol%C3%A1!%20Gostaria%20de%20saber%20mais%20informa%C3%A7%C3%B5es%20sobre%20as%20aulas%20de%20teatro.,https://www.instagram.com/cursoresolvendo,,curso livre,"Recreio dos Bandeirantes - Rio de Janeiro, RJ",Pavuna,"R. Srg. Benevides Monte - Pavuna, Rio de Janeiro - RJ, 21520-440",False,,,
Curso Livre de Música Ritmar,21) 98841-9749,https://api.whatsapp.com/send?phone=5521999193239&text=Ol%C3%A1!%20Gostaria%20de%20saber%20mais%20informa%C3%A7%C3%B5es%20sobre%20as%20aulas%20de%20teatro.,https://www.instagram.com/cursoresolvendo,,curso livre,"Recreio dos Bandeirantes - Rio de Janeiro, RJ",Centro,"R. Ten. José Dias, 513 - sala 401 e 403 - Centro, Duque de Caxias - RJ, 25010-305",False,https://www.instagram.com/cursoritmar/,5.0,
Detran Clínica Médica,21) 2487-9199,5521974580057,https://www.instagram.com/consultorioesperanca,,clínica médica,"Recreio dos Bandeirantes - Rio de Janeiro, RJ",Recreio dos Bandeirantes,"Av. das Américas, 13652 - Recreio dos Bandeirantes, Rio de Janeiro - RJ, 22790-702",False,,1.5,
Clínica Dra Saúde - Recreio,21) 97042-2838,5521974580057,https://www.instagram.com/consultorioesperanca,,clínica médica,"Recreio dos Bandeirantes - Rio de Janeiro, RJ",Recreio dos Bandeirantes,"R. Servidão G, 118 - Recreio dos Bandeirantes, Rio de Janeiro - RJ, 22790-711",False,,4.5,
Clínica Médica Barra Bonita,21) 2490-0716,5521974580057,https://www.instagram.com/consultorioesperanca,,clínica médica,"Recreio dos Bandeirantes - Rio de Janeiro, RJ",Recreio dos Bandeirantes,"Av. das Américas, 18000 - sala 413 bloco A - Recreio dos Bandeirantes, Rio de Janeiro - RJ, 22790-704",False,,1.7,
Clínica de Avaliação Medico - Psicologica Recreio - Ba,21) 99808-7276,5521974580057,https://www.instagram.com/consultorioesperanca,,clínica médica,"Recreio dos Bandeirantes - Rio de Janeiro, RJ",Recreio dos Bandeirantes,"Av. das Américas, 13652 - Recreio dos Bandeirantes, Rio de Janeiro - RJ, 22790-702",False,,1.3,
Consultório Medico Esperança,21) 99327-2067,5521974580057,https://www.instagram.com/consultorioesperanca,,clínica médica,"Recreio dos Bandeirantes - Rio de Janeiro, RJ",Recreio dos Bandeirantes,"Terreirão - R. Paulino Bazani, 89 - Recreio dos Bandeirantes, Rio de Janeiro - RJ, 22795-135",False,https://www.instagram.com/consultorioesperanca,4.6,
Clínica Médica Maioral,21) 99172-7490,5521974580057,https://www.instagram.com/consultorioesperanca,,clínica médica,"Recreio dos Bandeirantes - Rio de Janeiro, RJ",Recreio dos Bandeirantes,"Av. Guiomar Novaes, 190 - Recreio dos Bandeirantes, Rio de Janeiro - RJ, 22790-590",False,,,
Apoio Empresarial Clínica Médica,21) 97375-3412,5521974580057,https://www.instagram.com/consultorioesperanca,,clínica médica,"Recreio dos Bandeirantes - Rio de Janeiro, RJ",Recreio dos Bandeirantes,"Av. das Américas, 15.700 - sala 232 - Recreio dos Bandeirantes, Rio de Janeiro - RJ, 22790-704",False,,3.2,
Optar Clínica Médica e Psicológica de Consultores de Trânsito,21) 95912-0745,5521974580057,https://www.instagram.com/consultorioesperanca,,clínica médica,"Recreio dos Bandeirantes - Rio de Janeiro, RJ",Recreio dos Bandeirantes,"Av. das Américas, 13652 - Sala 303 - Recreio dos Bandeirantes, Rio de Janeiro - RJ, 22790-702",False,,2.1,
Clinica AFS,,5521974580057,https://www.instagram.com/consultorioesperanca,,clínica médica,"Recreio dos Bandeirantes - Rio de Janeiro, RJ",Recreio dos Bandeirantes,"Visite o Site - Recreio dos Bandeirantes, Rio de Janeiro - RJ, 22790-970",False,,,
Dra. Adriana Vieira - Harmonização Facial & Gerenciamento do Envelhecimento,21) 99191-1455,21) 99191-1455,,,harmonização facial,"Recreio dos Bandeirantes - Rio de Janeiro, RJ",Recreio dos Bandeirantes,"Ed. Master Center - Estrada Benvindo de Novaes, 1825 - sala 220 - Recreio dos Bandeirantes, Rio de Janeiro - RJ, 22790-381",False,,5.0,
Dra. Cristiane Soares / Harmonização Facial e Estética,21) 99544-2999,21) 99544-2999,https://www.instagram.com/dracristianesoares?igsh=dW9iZ2RvZGdpd3Nh,,harmonização facial,"Recreio dos Bandeirantes - Rio de Janeiro, RJ",Recreio dos Bandeirantes,"Avenida das Américas nº17150 Bloco 01, Sala 352 - Recreio dos Bandeirantes, Rio de Janeiro - RJ, 22790-704",False,https://www.instagram.com/dracristianesoares?igsh=dW9iZ2RvZGdpd3Nh,5.0,
Dra Suelem Chasse RJ - Harmonização facial - Botox em RJ - Preenchimento labial - Bioestimulador de colageno - Clareamento,21) 97066-2834,https://api.whatsapp.com/send?phone=5521970662834&text=Ol%C3%A1!%20Gostaria%20de%20agendar%20uma%20consulta%20com%20a%20Dra.%20Suelem%20Chasse,,,harmonização facial,"Recreio dos Bandeirantes - Rio de Janeiro, RJ",Recreio dos Bandeirantes,"Av. das Américas, 18.000. Bloco D, sala 509 - Recreio dos Bandeirantes, Rio de Janeiro - RJ, 22790-704",False,,5.0,
Dra Jennifer Lino - Clínica Estética & Harmonização Facial,21) 99966-0507,21) 99966-0507,https://instagram.com/dra.jenniferlino,,harmonização facial,"Recreio dos Bandeirantes - Rio de Janeiro, RJ",Recreio dos Bandeirantes,"Av. das Américas, 18500 - Sala 203 - Recreio dos Bandeirantes, Rio de Janeiro - RJ, 22790-704",False,https://instagram.com/dra.jenniferlino,5.0,
Harmonização e Botox - Renata Osta / Recreio dos Bandeirantes,21) 96888-3644,21) 96888-3644,https://www.instagram.com/renataosta,,harmonização facial,"Recreio dos Bandeirantes - Rio de Janeiro, RJ",Recreio dos Bandeirantes,"Av. das Américas, 18.000 - Recreio dos Bandeirantes, Rio de Janeiro - RJ, 22790-704",False,https://www.instagram.com/renataosta/,5.0,
Clínica Beauty Gene - Estética Regenerativa,21) 97190-7172,5521971907172,https://www.instagram.com/dracyssamagalhaes,,harmonização facial,"Recreio dos Bandeirantes - Rio de Janeiro, RJ",Recreio dos Bandeirantes,"Av. Genaro de Carvalho, 2597 - Recreio dos Bandeirantes, Rio de Janeiro - RJ, 22795-030",False,https://www.instagram.com/dracyssamagalhaes/,5.0,
DRA DEREN ALLANA - HARMONIZAÇÃO FACIAL E ESTÉTICA AVANÇADA,21) 96977-4152,21) 96977-4152,https://www.instagram.com/draderenallana?igsh=bWVjeWtvbXZxeDV4&utm_source=qr,,harmonização facial,"Recreio dos Bandeirantes - Rio de Janeiro, RJ",Recreio dos Bandeirantes,"Rua Frederico Quartarolli, 360 - sala 105 - Recreio dos Bandeirantes, Rio de Janeiro - RJ, 22795-400",False,https://www.instagram.com/draderenallana?igsh=bWVjeWtvbXZxeDV4&utm_source=qr,5.0,
Armoné - Harmonização Facial e Corporal,21) 99926-2901,21) 99926-2901,https://www.instagram.com/armone.clinic,,harmonização facial,"Recreio dos Bandeirantes - Rio de Janeiro, RJ",Recreio dos Bandeirantes,"Av. das Américas, 19005 - Recreio dos Bandeirantes, Rio de Janeiro - RJ, 22790-703",False,https://www.instagram.com/armone.clinic,5.0,
DR Odontologia e Harmonização Facial,21) 99440-2477,21) 99440-2477,https://www.instagram.com/odontologia__dr?igsh=MXdsZjhnOWhwbjhnbw%3D%3D&utm_source=qr,,harmonização facial,"Recreio dos Bandeirantes - Rio de Janeiro, RJ",Recreio dos Bandeirantes,"Avenida das Américas 17.150 -Bloco 1, Sala 101 - Recreio dos Bandeirantes, Rio de Janeiro - RJ, 22790-704",False,https://www.instagram.com/odontologia__dr?igsh=MXdsZjhnOWhwbjhnbw%3D%3D&utm_source=qr,4.7,
Remoção a Laser Távora,21) 96021-3184,5521960213184,https://www.instagram.com/remocaolaser.tavora?igsh=empkbXhkYTluNmRj,,depilação a laser,"Recreio dos Bandeirantes - Rio de Janeiro, RJ",Recreio dos Bandeirantes,"Av. das Américas, 16225 - Sala 208 - Recreio dos Bandeirantes, Rio de Janeiro - RJ, 22790-701",False,https://www.instagram.com/remocaolaser.tavora?igsh=empkbXhkYTluNmRj,5.0,
Espaço Depil Clínica de Depilação e Estética no Recreio,21) 2499-0232,,http://www.instagram.com/espacodepilrecreio,,depilação a laser,"Recreio dos Bandeirantes - Rio de Janeiro, RJ",Recreio dos Bandeirantes,"Av. das Américas, 15801 - Recreio dos Bandeirantes, Rio de Janeiro - RJ, 22790-701",False,http://www.instagram.com/espacodepilrecreio,4.8,
bodylaser.americasshoppinhg,21) 96629-7250,21) 96629-7250,,,depilação a laser,"Recreio dos Bandeirantes - Rio de Janeiro, RJ",Recreio dos Bandeirantes,"Av. das Américas, 15500 - Recreio dos Bandeirantes, Rio de Janeiro - RJ, 22795-702",False,,4.3,
Depil Now,21) 2442-9505,,,,depilação a laser,"Recreio dos Bandeirantes - Rio de Janeiro, RJ",Recreio dos Bandeirantes,"Av. das Américas, 15500 - loja 255 - Recreio dos Bandeirantes, Rio de Janeiro - RJ, 22790-701",False,,4.5,
Cia do Pelo,21) 3264-9706,,https://www.instagram.com/ciadopelorecreio,,depilação a laser,"Recreio dos Bandeirantes - Rio de Janeiro, RJ",Recreio dos Bandeirantes,"R. Maurício da Costa Faria, 10 - loja C - Recreio dos Bandeirantes, Rio de Janeiro - RJ, 22190-285",False,https://www.instagram.com/ciadopelorecreio/,4.6,
Baik Micropigmentação,21) 92020-5509,5521920205509,http://www.instagram.com/baikmicropigmentacao,,micropigmentação,"Recreio dos Bandeirantes - Rio de Janeiro, RJ",Recreio dos Bandeirantes,"Avenida das Américas 19005 - Torre 1, Sala 412 - Recreio dos Bandeirantes, Rio de Janeiro - RJ, 22790-703",False,http://www.instagram.com/baikmicropigmentacao,5.0,
Cílios & Sobrancelhas | Gabi Maricato- Recreio dos Bandeirantes,21) 97233-8340,21) 97233-8340,https://www.instagram.com/ciliosdegabii?igsh=cmV1N2czcGxpcmh2,,micropigmentação,"Recreio dos Bandeirantes - Rio de Janeiro, RJ",Recreio dos Bandeirantes,"Shopping Vértice Mall - Av. Miguel Antônio Fernandes, 1333 - Bloco A - Sala 518 - Recreio dos Bandeirantes, Rio de Janeiro - RJ, 22790-682",False,https://www.instagram.com/ciliosdegabii?igsh=cmV1N2czcGxpcmh2,5.0,
Sara Freitas | Depilação| Desing Sobrancelha | Brow Laminantion | Lash Lifiting | Recreio Bandeirantes,21) 96501-0785,21) 96501-0785,https://www.instagram.com/sarafreitas.designer,,micropigmentação,"Recreio dos Bandeirantes - Rio de Janeiro, RJ",Recreio dos Bandeirantes,"D Em frente ao Recreio Shopping - Avenida das Américas, 18.000 ONE OFFICES, sala 502 - Recreio dos Bandeirantes, Rio de Janeiro - RJ, 22790-704",False,https://www.instagram.com/sarafreitas.designer/,5.0,
By Caio Lessa - Cílios e Sobrancelhas,21) 97535-8772,21) 97535-8772,https://instagram.com/bycaiolessa?igshid=MzRlODBiNWFlZA==,,micropigmentação,"Recreio dos Bandeirantes - Rio de Janeiro, RJ",Recreio dos Bandeirantes,"Av. das Américas, 19005 - Recreio dos Bandeirantes, Rio de Janeiro - RJ, 22790-703",False,https://instagram.com/bycaiolessa?igshid=MzRlODBiNWFlZA==,5.0,
Micropigmentação Labial Recreio | Thati Sant'Anna,21) 92017-9052,21) 92017-9052,https://www.instagram.com/thatisantannapmu,,micropigmentação,"Recreio dos Bandeirantes - Rio de Janeiro, RJ",Recreio dos Bandeirantes,"Rua Coronel João Olintho, 324 - Recreio dos Bandeirantes, Rio de Janeiro - RJ, 22790-100",False,https://www.instagram.com/thatisantannapmu,5.0,
Nathalia Alcantara Micropigmentação,21) 97623-8585,21) 97623-8585,,,micropigmentação,"Recreio dos Bandeirantes - Rio de Janeiro, RJ",RJ,"Recreio dos Bandeirantes, Rio de Janeiro - RJ, 22640-100",False,,5.0,
Michele Ferro - Micropigmentação de Sobrancelhas,21) 98851-0991,21) 98851-0991,,,micropigmentação,"Recreio dos Bandeirantes - Rio de Janeiro, RJ",Recreio dos Bandeirantes,"A4 Offices - Av. das Américas, 13685 - Recreio dos Bandeirantes, Rio de Janeiro - RJ, 22790-701",False,,5.0,
PALOMA TORRES | CÍLIOS | SOBRANCELHAS | RJ - RECREIO,21) 99742-5150,21) 99742-5150,https://www.instagram.com/palomatorresdesign,,micropigmentação,"Recreio dos Bandeirantes - Rio de Janeiro, RJ",Recreio dos Bandeirantes,"A4 Offices - Av. das Américas - Recreio dos Bandeirantes, Rio de Janeiro - RJ, 22790-704",False,https://www.instagram.com/palomatorresdesign/,5.0,
MicroLash Academy Curso de Cílios & Sobrancelhas | MEC | Internacional,21) 99804-9380,21) 99804-9380,http://www.instagram.com/microlashacademy,,micropigmentação,"Recreio dos Bandeirantes - Rio de Janeiro, RJ",Recreio dos Bandeirantes,"Absolutto Business Towers - Av. das Américas, 19005 - Salas 1308, 1309, 1310, Torre 2 - Recreio dos Bandeirantes, Rio de Janeiro - RJ, 22790-703",False,http://www.instagram.com/microlashacademy,4.8,
Wink Sobrancelhas - Recreio Shopping,21) 96949-1124,21) 96949-1124,,,micropigmentação,"Recreio dos Bandeirantes - Rio de Janeiro, RJ",Recreio dos Bandeirantes,"Av. das Américas - Recreio dos Bandeirantes, Rio de Janeiro - RJ, 22770-790",False,,4.8,
Studio Vanessa Tavares,21) 96681-0616,21) 96681-0616,,,micropigmentação,"Recreio dos Bandeirantes - Rio de Janeiro, RJ",Recreio dos Bandeirantes,"Av. das Américas, 18500 - Recreio dos Bandeirantes, Rio de Janeiro - RJ, 22790-704",False,,5.0,
Simone Marques Cortes,21) 99726-1246,21) 99726-1246,https://www.instagram.com/studioalongue.studio?igsh=c24zcjJ5dDByYmNt,,micropigmentação,"Recreio dos Bandeirantes - Rio de Janeiro, RJ",Recreio dos Bandeirantes,"Av das Américas 19005 Sala 918 torre 1 andar 10° Condomínio Absolutto Business Center - Recreio dos Bandeirantes, Rio de Janeiro - RJ, 22790-703",False,https://www.instagram.com/studioalongue.studio?igsh=c24zcjJ5dDByYmNt,5.0,
Studio Eugenia Noronha | Cílios | Sobrancelhas | Cursos,21) 97967-5029,21) 97967-5029,,,micropigmentação,"Recreio dos Bandeirantes - Rio de Janeiro, RJ",Recreio dos Bandeirantes,"R. do Arquiteto, 106 - Sala 201 - Recreio dos Bandeirantes, Rio de Janeiro - RJ, 22795-565",False,,5.0,
Larissa Motta Beauty & Academy,21) 98685-6168,21) 98685-6168,https://www.instagram.com/p/CcZCSZJFbcQ/?igshid=YmMyMTA2M2Y=,,micropigmentação,"Recreio dos Bandeirantes - Rio de Janeiro, RJ",Recreio dos Bandeirantes,"One Offices - Av. das Américas, 18000 - Bloco B Sala 216 - Recreio dos Bandeirantes, Rio de Janeiro - RJ, 22790-701",False,https://www.instagram.com/p/CcZCSZJFbcQ/?igshid=YmMyMTA2M2Y=,5.0,
Amanda Lessa Studio,21) 99574-3813,21) 99574-3813,https://instagram.com/amandalessastudio?igshid=MzRlODBiNWFlZA==,,micropigmentação,"Recreio dos Bandeirantes - Rio de Janeiro, RJ",Recreio dos Bandeirantes,"Av. das Américas, 19005 - torre 1, sala 823 - Recreio dos Bandeirantes, Rio de Janeiro - RJ, 22790-703",False,https://instagram.com/amandalessastudio?igshid=MzRlODBiNWFlZA==,5.0,
Obra de Cora Arquitetura,21) 98360-8787,21) 98360-8787,https://www.instagram.com/fm.designinteriores,,designer de interiores,"Recreio dos Bandeirantes - Rio de Janeiro, RJ",Recreio dos Bandeirantes,"Shopping Barra World - Recreio dos Bandeirantes, Rio de Janeiro - RJ, 22790-285",False,,5.0,
Duo Rio Soluções,21) 99999-4068,21) 99999-4068,https://www.instagram.com/fm.designinteriores,,designer de interiores,"Recreio dos Bandeirantes - Rio de Janeiro, RJ",Recreio dos Bandeirantes,"Edson Sá, nº 18, do Edifício Milano VII, sala 203 - Recreio dos Bandeirantes, Rio de Janeiro - RJ, 22795-440",False,,5.0,
Designer de Interiores DANIELA FERRETTI,21) 96410-2220,21) 96410-2220,https://www.instagram.com/fm.designinteriores,,designer de interiores,"Recreio dos Bandeirantes - Rio de Janeiro, RJ",Recreio dos Bandeirantes,"Av. das Américas, 16385 - Loja B - Recreio dos Bandeirantes, Rio de Janeiro - RJ, 22790-703",False,,5.0,
Designer de Interiores - Simone Velloso,21) 98712-9311,21) 98712-9311,https://www.instagram.com/fm.designinteriores,,designer de interiores,"Recreio dos Bandeirantes - Rio de Janeiro, RJ",Recreio dos Bandeirantes,"Av. José Luiz Ferraz, 550 - Recreio dos Bandeirantes, Rio de Janeiro - RJ, 22790-587",False,,5.0,
CT BEACH PERFORMANCE - Treinamento integrado,21) 99299-5238,5521998589496,https://www.instagram.com/hiago98lima,,personal trainer,"Recreio dos Bandeirantes - Rio de Janeiro, RJ",Recreio dos Bandeirantes,"Estr. do Pontal, 5900 - Recreio dos Bandeirantes, Rio de Janeiro - RJ, 22790-877",False,https://www.instagram.com/hiago98lima/,5.0,
Studio Corpomar,21) 96499-8029,21) 96499-8029,https://instagram.com/studiocorpomar?igshid=MzRlODBiNWFlZA==,,personal trainer,"Recreio dos Bandeirantes - Rio de Janeiro, RJ",Recreio dos Bandeirantes,"Avenida das Américas 17701, Coberturas 307 e 308 - Recreio dos Bandeirantes, Rio de Janeiro - RJ, 22790-703",False,https://instagram.com/studiocorpomar?igshid=MzRlODBiNWFlZA==,4.9,
Studio Vida Recreio,21) 98829-1701,5521998589496,https://instagram.com/studiocorpomar?igshid=MzRlODBiNWFlZA==,,personal trainer,"Recreio dos Bandeirantes - Rio de Janeiro, RJ",Recreio dos Bandeirantes,"R. Sandro Moreira, 115 - Recreio dos Bandeirantes, Rio de Janeiro - RJ, 22790-675",False,,5.0,
CT ZION - Treinamento Personalizado,21) 99874-7280,5521998589496,https://instagram.com/studiocorpomar?igshid=MzRlODBiNWFlZA==,,personal trainer,"Recreio dos Bandeirantes - Rio de Janeiro, RJ",Recreio dos Bandeirantes,"Av. das Américas, 19005 - Loja E - Recreio dos Bandeirantes, Rio de Janeiro - RJ, 22790-703",False,https://www.instagram.com/ctzion/?hl=pt-br,4.9,
Perfect Body Recreio,21) 96623-8671,5521998589496,https://instagram.com/studiocorpomar?igshid=MzRlODBiNWFlZA==,,personal trainer,"Recreio dos Bandeirantes - Rio de Janeiro, RJ",Recreio dos Bandeirantes,"Estr. do Pontal, 7667 - Recreio dos Bandeirantes, Rio de Janeiro - RJ, 22790-877",False,,4.6,
In Motion Studio Recreio,21) 98186-0306,5521998589496,https://instagram.com/studiocorpomar?igshid=MzRlODBiNWFlZA==,,personal trainer,"Recreio dos Bandeirantes - Rio de Janeiro, RJ",Recreio dos Bandeirantes,"R. Sen. Rui Carneiro, 301 - Cobertura: 301 - Recreio dos Bandeirantes, Rio de Janeiro - RJ, 22795-650",False,https://www.instagram.com/inmotionstudiorecreio/#,5.0,
YLERA Fitness - Studio Personal,21) 2204-2700,5521998589496,https://instagram.com/studiocorpomar?igshid=MzRlODBiNWFlZA==,,personal trainer,"Recreio dos Bandeirantes - Rio de Janeiro, RJ",Recreio dos Bandeirantes,"Rua Alberto Cavalcanti, 654 - Loja N e O - Recreio dos Bandeirantes, Rio de Janeiro - RJ, 22790-850",False,,5.0,
Equipe SARGENTÃO .'.,21) 96564-7914,5521998589496,https://instagram.com/studiocorpomar?igshid=MzRlODBiNWFlZA==,,personal trainer,"Recreio dos Bandeirantes - Rio de Janeiro, RJ",Recreio dos Bandeirantes,"R. Teixeira Heizer - Recreio dos Bandeirantes, Rio de Janeiro - RJ, 22790-883",False,,5.0,
Costapersonal,21) 99346-1951,5521998589496,https://instagram.com/studiocorpomar?igshid=MzRlODBiNWFlZA==,,personal trainer,"Recreio dos Bandeirantes - Rio de Janeiro, RJ",Recreio dos Bandeirantes,"Academia BodyTech - Av. das Américas, 19019 - Loja 3003 - Recreio dos Bandeirantes, Rio de Janeiro - RJ, 22790-703",False,,5.0,
Antonio leal,21) 99922-1821,5521998589496,https://instagram.com/studiocorpomar?igshid=MzRlODBiNWFlZA==,,personal trainer,"Recreio dos Bandeirantes - Rio de Janeiro, RJ",Recreio dos Bandeirantes,"Av. Lúcio Costa - Recreio dos Bandeirantes, Rio de Janeiro - RJ, 22795-009",False,https://instagram.com/antoniolealpersonal?igshid=MzRlODBiNWFlZA==,5.0,
WS FORCE TRAINING,21) 99518-3274,5521998589496,https://instagram.com/studiocorpomar?igshid=MzRlODBiNWFlZA==,,personal trainer,"Recreio dos Bandeirantes - Rio de Janeiro, RJ",Recreio dos Bandeirantes,"R. Des. Paulo Alonso, 501 - Recreio dos Bandeirantes, Rio de Janeiro - RJ, 22790-540",False,,4.9,
Centro de Treinamento RECREIO,21) 96569-2094,5521998589496,https://instagram.com/studiocorpomar?igshid=MzRlODBiNWFlZA==,,personal trainer,"Recreio dos Bandeirantes - Rio de Janeiro, RJ",Recreio dos Bandeirantes,"R. Des. Paulo Alonso, 820 - Recreio dos Bandeirantes, Rio de Janeiro - RJ, 22790-540",False,,4.7,
Consultório Medico Esperança,21) 99327-2067,5521974580057,https://www.instagram.com/consultorioesperanca,,consultório,"Recreio dos Bandeirantes - Rio de Janeiro, RJ",Recreio dos Bandeirantes,"Terreirão - R. Paulino Bazani, 89 - Recreio dos Bandeirantes, Rio de Janeiro - RJ, 22795-135",False,https://www.instagram.com/consultorioesperanca,4.6,
Dr. Jose Eduardo Santos - Endocrinologia,21) 98360-4288,5521974580057,https://www.instagram.com/consultorioesperanca,,consultório,"Recreio dos Bandeirantes - Rio de Janeiro, RJ",Recreio dos Bandeirantes,"Av. das Américas, 19005 - Sala 216. Torre 2 - Recreio dos Bandeirantes, Rio de Janeiro - RJ, 22790-703",False,,5.0,
Clínica Médica Barra Bonita,21) 2490-0716,5521974580057,https://www.instagram.com/consultorioesperanca,,consultório,"Recreio dos Bandeirantes - Rio de Janeiro, RJ",Recreio dos Bandeirantes,"Av. das Américas, 18000 - sala 413 bloco A - Recreio dos Bandeirantes, Rio de Janeiro - RJ, 22790-704",False,,1.7,
Clínica Veterinária Recreio,21) 2490-0390,5521974580057,https://www.instagram.com/consultorioesperanca,,consultório,"Recreio dos Bandeirantes - Rio de Janeiro, RJ",Recreio dos Bandeirantes,"R. Sen. Rui Carneiro, 267 - Recreio dos Bandeirantes, Rio de Janeiro - RJ, 22790-650",False,,4.5,
SpaNoáh | Clínica de Estética em Copacabana RJ,21) 2146-0111,,,,clínica de estética,"Copacabana - Rio de Janeiro, RJ",Copacabana,"Av. Nossa Senhora de Copacabana, 647 - Sobre loja, 205 - Copacabana, Rio de Janeiro - RJ, 22050-002",False,,5.0,
CLÍNICA DE ESTÉTICA EM COPACABANA - RJ,21) 96519-7138,21) 96519-7138,http://www.instagram.com.br/dra.grace_freitass,,clínica de estética,"Copacabana - Rio de Janeiro, RJ",Copacabana,"Av. Nossa Sra. de Copacabana, 647 - Sala 707 - Copacabana, Rio de Janeiro - RJ, 22050-001",False,http://www.instagram.com.br/dra.grace_freitass,5.0,
Drenagem Linfática em Copacabana - Massoterapia e Estética em Copacabana Aline Bárbara,21) 98222-2955,https://api.whatsapp.com/send?l=pt_pt&phone=5521981442991,,,clínica de estética,"Copacabana - Rio de Janeiro, RJ",Copacabana,"R. Barata Ribeiro, 383 - sala 304 - Copacabana, Rio de Janeiro - RJ, 22040-001",False,,4.9,
Royal Face,21) 99498-4587,21) 99498-4587,,,clínica de estética,"Copacabana - Rio de Janeiro, RJ",Copacabana,"R. Barata Ribeiro, 363 - Copacabana, Rio de Janeiro - RJ, 22040-001",False,,4.2,
Clínica de estética - Espaço Joicy Barbosa,21) 97660-5360,21) 97660-5360,https://www.instagram.com/joicybarbosa.estetica,,clínica de estética,"Copacabana - Rio de Janeiro, RJ",Copacabana,"Av. Nossa Sra. de Copacabana, 1018 - sala 402 - Copacabana, Rio de Janeiro - RJ, 22060-002",False,https://www.instagram.com/joicybarbosa.estetica/,5.0,
Centro de Estética Pulse | Copacabana,21) 98582-4240,21) 98582-4240,,,clínica de estética,"Copacabana - Rio de Janeiro, RJ",Copacabana,"R. Fernando Mendes, 28 A - Copacabana, Rio de Janeiro - RJ, 22021-030",False,,4.3,
Onça Beauty - Studio de Beleza em Copacabana - Cabeleireira,21) 97486-9375,5521974869375,,,clínica de estética,"Copacabana - Rio de Janeiro, RJ",Copacabana,"Rua Siqueira Campos, 239 - Loja A - Copacabana, Rio de Janeiro - RJ, 22031-071",False,,4.9,
Studio Espaço Prime - Unidade Copacabana,21) 98268-1037,5521974709833,https://instagram.com/studioespacoprime,,salão premium,"Copacabana - Rio de Janeiro, RJ",Copacabana,"Dentro do - Av. Princesa Isabel, 500 - loja 5 - Copacabana, Rio de Janeiro - RJ, 22711-270",False,https://instagram.com/studioespacoprime,,
Walter's Coiffeur Leblon - by Blessed Beauty e Cia,21) 96736-2323,21) 96736-2323,https://www.instagram.com/blessedb.cia,,barbearia premium,"Copacabana - Rio de Janeiro, RJ",Leblon,"Av. Bartolomeu Mitre, 792 - Leblon, Rio de Janeiro - RJ, 22431-000",False,https://www.instagram.com/blessedb.cia/,5.0,
Br Barbearia Copacabana,,,https://instagram.com/brbarbeariacopacabana,,barbearia premium,"Copacabana - Rio de Janeiro, RJ",Copacabana,"Av. Nossa Sra. de Copacabana, 195 - loja G - Copacabana, Rio de Janeiro - RJ, 22020-002",False,https://instagram.com/brbarbeariacopacabana,4.8,
Barbearia Premium,,,https://www.instagram.com/jldocorte,,barbearia premium,"Copacabana - Rio de Janeiro, RJ",Taquara,"R. do Caule, 12 - Taquara, Rio de Janeiro - RJ, 22713-582",False,https://www.instagram.com/jldocorte/,4.9,
Barbearia From Rio,21) 96807-0142,21) 96807-0142,,,barbearia premium,"Copacabana - Rio de Janeiro, RJ",Copacabana,"Av. Nossa Sra. de Copacabana, 187 - Loja D - Copacabana, Rio de Janeiro - RJ, 22020-002",False,,4.8,
TABACO & TESOURA BARBEARIA E TABACARIA,21) 97539-3806,21) 97539-3806,,,barbearia premium,"Copacabana - Rio de Janeiro, RJ",Copacabana,"Rua Siqueira Campos, 143 - Loja 14 - Copacabana, Rio de Janeiro - RJ, 22031-071",False,,5.0,
NAVALHA PREMIUM BARBEARIA,,,,,barbearia premium,"Copacabana - Rio de Janeiro, RJ",Manguinhos,"R. Uranos, 1206 - Manguinhos, Rio de Janeiro - RJ, 21060-070",False,,5.0,
VinteDois Barbearia,21) 97740-1854,21) 97740-1854,,,barbearia premium,"Copacabana - Rio de Janeiro, RJ",Copacabana,"Rua Siqueira Campos, 143 - Loja 43 - Copacabana, Rio de Janeiro - RJ, 22031-071",False,,5.0,
Barbearia CopaBarberShop,21) 99160-3682,21) 99160-3682,https://instagram.com/copabarbershop?utm_medium=copy_link,,barbearia premium,"Copacabana - Rio de Janeiro, RJ",Copacabana,"Rua Djalma Ulrich, 183 - loja i - Copacabana, Rio de Janeiro - RJ, 22071-020",False,https://instagram.com/copabarbershop?utm_medium=copy_link,4.9,
Barbearia Studio do Mineiro,21) 97251-4180,21) 97251-4180,,,barbearia premium,"Copacabana - Rio de Janeiro, RJ",Copacabana,"Av. Nossa Sra. de Copacabana, 324 - loja B - Copacabana, Rio de Janeiro - RJ, 22050-002",False,,5.0,
Vitrine,21) 96572-2498,21) 96572-2498,https://www.instagram.com/mouraoepulligodonto,,dentista,"Copacabana - Rio de Janeiro, RJ",Copacabana,"Av. Nossa Sra. de Copacabana, 647 - Sala 409 - 4º Andar - Copacabana, Rio de Janeiro - RJ, 22050-901",False,,5.0,
"OdontoCompany Copacabana - Dentista Implante, Facetas, Canal.",21) 96014-1022,21) 96014-1022,https://www.instagram.com/mouraoepulligodonto,,dentista,"Copacabana - Rio de Janeiro, RJ",Copacabana,"6, Rua Siqueira Campos, 53 - Copacabana, Rio de Janeiro - RJ, 22031-072",False,,4.7,5
Dra. Renata Pinho - Lagoa Rio Odontologia,21) 98419-0453,21) 98419-0453,https://www.instagram.com/mouraoepulligodonto,,dentista,"Copacabana - Rio de Janeiro, RJ",Jardim Botânico,"Edifício Touch - R. Jardim Botânico, 568 - 202 - Jardim Botânico, Rio de Janeiro - RJ, 22461-000",False,https://www.instagram.com/lagoario_odonto/,5.0,
Dra. Beatriz Nogueira - Dentista em Copacabana | Dentist in Copacabana,21) 96021-8873,21) 96021-8873,https://www.instagram.com/mouraoepulligodonto,,dentista,"Copacabana - Rio de Janeiro, RJ",Copacabana,"Av. Nossa Sra. de Copacabana, 1052 - sala 201 - Copacabana, Rio de Janeiro - RJ, 22070-012",False,,5.0,
Dra Tatiana Maia Odontologia,21) 98246-1504,21) 98246-1504,https://www.instagram.com/mouraoepulligodonto,,dentista,"Copacabana - Rio de Janeiro, RJ",Copacabana,"Av. Nossa Sra. de Copacabana, 599 - Copacabana, Rio de Janeiro - RJ, 22050-002",False,https://www.instagram.com/dratatianamaia?igsh=cmNma3Mzbzd2bXJ6,5.0,
"Clínica de Psicologia | Ipanema | Copacabana | Rio de Janeiro | Meraki Psicologia | Crianças, Adolescentes e Adultos.",21) 99870-7917,https://chat.whatsapp.com/GHUjNYxsVRGKb5yObPWyZ4,https://www.instagram.com/reginacelialeite_psicologa/profilecard/?igsh=MXFmZ2pwZ2N1dm9yaA==,,psicólogo,"Copacabana - Rio de Janeiro, RJ",Copacabana,"Av. Nossa Sra. de Copacabana, 1066 - Copacabana, Rio de Janeiro - RJ, 22060-002",False,,5.0,
Psicanálise Copacabana,21) 3005-7135,https://chat.whatsapp.com/GHUjNYxsVRGKb5yObPWyZ4,https://www.instagram.com/reginacelialeite_psicologa/profilecard/?igsh=MXFmZ2pwZ2N1dm9yaA==,,psicólogo,"Copacabana - Rio de Janeiro, RJ",Copacabana,"Rua Siqueira Campos, 59 - 205 - Copacabana, Rio de Janeiro - RJ, 22031-071",False,,5.0,
Psicóloga Adriana Andrade | Copacabana | TCC,21) 98215-6388,https://chat.whatsapp.com/GHUjNYxsVRGKb5yObPWyZ4,https://www.instagram.com/reginacelialeite_psicologa/profilecard/?igsh=MXFmZ2pwZ2N1dm9yaA==,,psicólogo,"Copacabana - Rio de Janeiro, RJ",Copacabana,"R. Santa Clara, 50 - Copacabana, Rio de Janeiro - RJ, 22041-010",False,,5.0,
Clínica de Psicologia Juliana Pagy,21) 3649-3727,https://chat.whatsapp.com/GHUjNYxsVRGKb5yObPWyZ4,https://www.instagram.com/reginacelialeite_psicologa/profilecard/?igsh=MXFmZ2pwZ2N1dm9yaA==,,psicólogo,"Copacabana - Rio de Janeiro, RJ",Copacabana,"Av. Nossa Sra. de Copacabana, 680 - Sala 1103 / 901 - Copacabana, Rio de Janeiro - RJ, 22020-001",False,,4.0,
Clínica de Psicologia Diniere Martins,21) 98841-3349,https://chat.whatsapp.com/GHUjNYxsVRGKb5yObPWyZ4,https://www.instagram.com/reginacelialeite_psicologa/profilecard/?igsh=MXFmZ2pwZ2N1dm9yaA==,,psicólogo,"Copacabana - Rio de Janeiro, RJ",Copacabana,"Av. Nossa Sra. de Copacabana, 500 - Copacabana, Rio de Janeiro - RJ, 22051-001",False,,5.0,
Nutricionista Luana Firmino | Copacabana,21) 97580-6140,21) 97580-6140,https://www.instagram.com/nutri.luanafirmino,,nutricionista,"Copacabana - Rio de Janeiro, RJ",Copacabana,"Integra Saúde - Praça Serzedelo Corrêa, 15 a - andar 703 - Copacabana, Rio de Janeiro - RJ, 22040-050",False,https://www.instagram.com/nutri.luanafirmino/,5.0,
"Nutricionista Fernando Leon, Emagrecimento, Bariátrica, Diabetes, Doença Renal",21) 99034-2544,21) 99034-2544,https://www.instagram.com/nutri.luanafirmino,,nutricionista,"Copacabana - Rio de Janeiro, RJ",Copacabana,"R. Miguel Lemos, 41 - Sala 905 - Copacabana, Rio de Janeiro - RJ, 22071-000",False,http://instagram.com/nutricionistafernandoleon,5.0,
Nutricionista e Personal Mariah Ramos,21) 96481-9115,21) 96481-9115,https://www.instagram.com/nutri.luanafirmino,,nutricionista,"Copacabana - Rio de Janeiro, RJ",Copacabana,"Av. Nossa Sra. de Copacabana, 897 - Sala 805 - Copacabana, Rio de Janeiro - RJ, 22050-002",False,,5.0,
Nutricionista Marcela Rodrigues,21) 99255-7733,21) 99255-7733,http://instagram.com/nutricionistafernandoleon,,nutricionista,"Copacabana - Rio de Janeiro, RJ",Copacabana,"Av. Nossa Sra. de Copacabana, 1059 - Copacabana, Rio de Janeiro - RJ, 22060-970",False,,5.0,
"Brunna Nunes - Nutricionista em Copacabana, Rio de Janeiro.",22) 99940-5546,22) 99940-5546,http://instagram.com/nutricionistafernandoleon,,nutricionista,"Copacabana - Rio de Janeiro, RJ",Copacabana,"Praça Serzedelo Corrêa, n° 15 - Copacabana, Rio de Janeiro - RJ, 22040-050",False,https://www.instagram.com/nutri.brunnanunees/,5.0,
Dra Tatiana Carvalho,21) 98831-5960,https://api.whatsapp.com/send?l=pt_pt&phone=5521988315960,http://instagram.com/nutricionistafernandoleon,,nutricionista,"Copacabana - Rio de Janeiro, RJ",Copacabana,"Av. Nossa Sra. de Copacabana, 1066 - Copacabana, Rio de Janeiro - RJ, 22060-002",False,,5.0,
Dra. Kelly Kathryn Nutricionista,21) 98132-1734,21) 98132-1734,http://instagram.com/nutricionistafernandoleon,,nutricionista,"Copacabana - Rio de Janeiro, RJ",Copacabana,"R. Xavier da Silveira, 23 - Copacabana, Rio de Janeiro - RJ, 22061-010",False,,5.0,
Júlia Quinet Nutricionista,21) 99442-5728,21) 99442-5728,http://instagram.com/nutricionistafernandoleon,,nutricionista,"Copacabana - Rio de Janeiro, RJ",Copacabana,"Av. Nossa Sra. de Copacabana, 680 - sala 802 - Copacabana, Rio de Janeiro - RJ, 22050-001",False,,,
Cristiane Perroni Nutricionista,21) 2255-1352,,http://instagram.com/nutricionistafernandoleon,,nutricionista,"Copacabana - Rio de Janeiro, RJ",Copacabana,"Av. Nossa Sra. de Copacabana, 794 - 501 - Copacabana, Rio de Janeiro - RJ, 22050-001",False,,5.0,
Raquel Mota,32) 98443-2363,5532984432363,http://instagram.com/nutricionistafernandoleon,,nutricionista,"Copacabana - Rio de Janeiro, RJ",Copacabana,"Av. Nossa Sra. de Copacabana, 788 - Copacabana, Rio de Janeiro - RJ, 22050-001",False,,4.8,
SER Núcleo de Saúde Integral - Clínica de Fisioterapia em Copacabana,21) 97594-3632,5521975943632,https://www.instagram.com/ser.nucleosaudeintegral,,fisioterapeuta,"Copacabana - Rio de Janeiro, RJ",Copacabana,"Av. Nossa Sra. de Copacabana, 647 - sala 1006 - Copacabana, Rio de Janeiro - RJ, 22010-122",False,https://www.instagram.com/ser.nucleosaudeintegral/,5.0,
Fisioterapeuta Dr. André Luís,21) 98082-0202,21) 98082-0202,https://www.instagram.com/ser.nucleosaudeintegral,,fisioterapeuta,"Copacabana - Rio de Janeiro, RJ",Copacabana,"Av. Nossa Sra. de Copacabana, 647 - Sala 1003 - Copacabana, Rio de Janeiro - RJ, 22050-901",False,,5.0,
Flow Clínica - Fisioterapia e Pilates em Copacabana.,,5521987718952,https://www.instagram.com/ser.nucleosaudeintegral,,fisioterapeuta,"Copacabana - Rio de Janeiro, RJ",Copacabana,"Av. Nossa Sra. de Copacabana, 500 - sala 311 - Copacabana, Rio de Janeiro - RJ, 22020-001",False,,5.0,
Fisiocerta - Diogo Silveira,21) 2548-6717,,https://www.instagram.com/ser.nucleosaudeintegral,,fisioterapeuta,"Copacabana - Rio de Janeiro, RJ",Copacabana,"Av. Nossa Sra. de Copacabana, 540 - sala 404 - Copacabana, Rio de Janeiro - RJ, 22050-002",False,,4.5,4
Hayna Ramos - Fisioterapia Copacabana,21) 99158-6156,21) 99158-6156,https://www.instagram.com/ser.nucleosaudeintegral,,fisioterapeuta,"Copacabana - Rio de Janeiro, RJ",Copacabana,"Rua Siqueira Campos, 43 - 412 - Copacabana, Rio de Janeiro - RJ, 22031-071",False,http://instagram.com/haynaramos/,5.0,
Clinica Doctor Fisio,21) 98751-8854,https://api.whatsapp.com/send?phone=5521988016786,https://www.instagram.com/ser.nucleosaudeintegral,,fisioterapeuta,"Copacabana - Rio de Janeiro, RJ",Copacabana,"Av. Nossa Sra. de Copacabana, 690 - sala 704 - Copacabana, Rio de Janeiro - RJ, 22050-001",False,,5.0,
CS Fisioterapia Integral Ltda,21) 99384-4977,21) 99384-4977,https://www.instagram.com/ser.nucleosaudeintegral,,fisioterapeuta,"Copacabana - Rio de Janeiro, RJ",Copacabana,"R. Santa Clara, 50 - Sala 818 - Copacabana, Rio de Janeiro - RJ, 22041-012",False,https://www.instagram.com/csfisioterapiaintegral/,5.0,
Pilates Studio Copacabana,21) 97177-6860,21) 97177-6860,,,pilates,"Copacabana - Rio de Janeiro, RJ",Copacabana,"Av. Nossa Sra. de Copacabana, 836 - Sobreloja 201 - Copacabana, Rio de Janeiro - RJ, 22050-001",False,,4.1,
New Performance Pilates,21) 98278-7273,21) 98278-7273,,,pilates,"Copacabana - Rio de Janeiro, RJ",Copacabana,"Av. Nossa Sra. de Copacabana, 500 - 703 - Copacabana, Rio de Janeiro - RJ, 22020-001",False,,5.0,
Pilates Vital Essência,21) 96666-5119,21) 96666-5119,,,pilates,"Copacabana - Rio de Janeiro, RJ",Copacabana,"R. Barata Ribeiro, 543 - sala 202 - Copacabana, Rio de Janeiro - RJ, 22040-001",False,,5.0,
Voll Studios Copacabana,21) 99887-5942,21) 99887-5942,,,pilates,"Copacabana - Rio de Janeiro, RJ",Copacabana,"R. Miguel Lemos, 41 - sala 806 - Copacabana, Rio de Janeiro - RJ, 22071-000",False,,4.8,
RL STUDIO PILATES,21) 99725-3497,21) 99725-3497,,,pilates,"Copacabana - Rio de Janeiro, RJ",Copacabana,"Av. Nossa Sra. de Copacabana, 647 - Sala 602 - Copacabana, Rio de Janeiro - RJ, 22050-901",False,,5.0,
Bem Pilates e Saúde,21) 97998-2027,21) 97998-2027,https://www.instagram.com/bempilatesesaude,,pilates,"Copacabana - Rio de Janeiro, RJ",Copacabana,"Edifício Sir Alexander Fleming - Av. Nossa Sra. de Copacabana, 1052 - Sala 1102 - Copacabana, Rio de Janeiro - RJ, 22060-002",False,https://www.instagram.com/bempilatesesaude/,5.0,
Studio de Pilates Elizabeth Machado,21) 98819-6550,21) 98819-6550,https://www.instagram.com/bethmachadopilates,,pilates,"Copacabana - Rio de Janeiro, RJ",Copacabana,"Rua Siqueira Campos, 50 - loja 327 - Copacabana, Rio de Janeiro - RJ, 22031-072",False,https://www.instagram.com/bethmachadopilates/,5.0,
Studio de Pilates Adriana Barros,21) 99973-2959,21) 99973-2959,https://www.instagram.com/dribarrospilates?igsh=ODc0NXI3MGx5emVj&utm_source=qr,,pilates,"Copacabana - Rio de Janeiro, RJ",Copacabana,"Av. Nossa Sra. de Copacabana, 605 - COB 01 - Copacabana, Rio de Janeiro - RJ, 22050-902",False,https://www.instagram.com/dribarrospilates?igsh=ODc0NXI3MGx5emVj&utm_source=qr,5.0,
Attractive Pilates,21) 97529-3562,21) 97529-3562,,,pilates,"Copacabana - Rio de Janeiro, RJ",Copacabana,"R. Figueiredo de Magalhães, 701 - Sobreloja - 203 - Copacabana, Rio de Janeiro - RJ, 22031-011",False,,4.9,
Academia Forma Fitness Copacabana,21) 2547-7702,,https://www.instagram.com/formafitnesscopacabana,,academia boutique,"Copacabana - Rio de Janeiro, RJ",Copacabana,"R. Barata Ribeiro, 489 - Copacabana, Rio de Janeiro - RJ, 22040-001",False,https://www.instagram.com/formafitnesscopacabana/,4.7,
Estação Bem Estar Pilates Copacabana,21) 3624-2634,,,,academia boutique,"Copacabana - Rio de Janeiro, RJ",Copacabana,"cep 22020040 - Rua Rodolfo Dantas 110 sobre loja - Copacabana, Rio de Janeiro - RJ, 22020-040",False,,5.0,
S&A Fitness e Moda Praia – Loja de Moda Praia e Fitness em Copacabana,21) 96847-3467,21) 96847-3467,https://www.instagram.com/seafitness.br,,academia boutique,"Copacabana - Rio de Janeiro, RJ",Copacabana,"Av. Nossa Sra. de Copacabana, 683a - Copacabana, Rio de Janeiro - RJ, 22020-001",False,https://www.instagram.com/seafitness.br/,4.6,
Academia Fitness Rio,21) 2491-0958,,https://www.instagram.com/academiafitnessrioficial,,academia boutique,"Copacabana - Rio de Janeiro, RJ",Copacabana,"R. Raul Pompéia, 45 - Copacabana, Rio de Janeiro - RJ, 22080-001",False,https://www.instagram.com/academiafitnessrioficial,4.6,
Tgym Moda Fitness,21) 99006-8822,21) 99006-8822,,,academia boutique,"Copacabana - Rio de Janeiro, RJ",Copacabana,"R. Sá Ferreira - Copacabana, Rio de Janeiro - RJ, 22071-101",False,,5.0,
Fuzuê Fitness Experience,21) 98380-2405,21) 98380-2405,,,academia boutique,"Copacabana - Rio de Janeiro, RJ",Copacabana,"Av. Nossa Sra. de Copacabana, 794 - sala 701 - Copacabana, Rio de Janeiro - RJ, 22050-001",False,,4.6,
Clube Israelita Brasileiro - CIB,21) 2235-6696,,,,academia boutique,"Copacabana - Rio de Janeiro, RJ",Copacabana,"R. Barata Ribeiro, 489 - Copacabana, Rio de Janeiro - RJ, 22040-001",False,,4.2,
Studio de Pilates Elizabeth Machado,21) 98819-6550,21) 98819-6550,https://www.instagram.com/bethmachadopilates,,academia boutique,"Copacabana - Rio de Janeiro, RJ",Copacabana,"Rua Siqueira Campos, 50 - loja 327 - Copacabana, Rio de Janeiro - RJ, 22031-072",False,https://www.instagram.com/bethmachadopilates/,5.0,
Studio Cris Perfeito,51) 98445-2705,51) 98445-2705,,,studio de sobrancelha,"Copacabana - Rio de Janeiro, RJ",Copacabana,"Edifício Pinheiro Machado - R. Miguel Lemos, 41 - sala 303 - Copacabana, Rio de Janeiro - RJ, 22071-001",False,,5.0,
Spa das Sobrancelhas,21) 3435-1365,,https://instagram.com/spadassobrancelhascopa1?igshid=ZDdkNTZiNTM=,,studio de sobrancelha,"Copacabana - Rio de Janeiro, RJ",Copacabana,"R. Santa Clara, 33 - Sala 416 - Copacabana, Rio de Janeiro - RJ, 22041-011",False,https://instagram.com/spadassobrancelhascopa1?igshid=ZDdkNTZiNTM=,4.6,
Alessia beauty room - Cílios Copacabana,21) 98272-8341,21) 98272-8341,,,studio de sobrancelha,"Copacabana - Rio de Janeiro, RJ",RJ,"Av. Nossa Sra. de Copacabana, 807 - Sala 606 - Copacabana, Rio de Janeiro - RJ, 22050-002, Rio de Janeiro - RJ, 22041-011",False,,5.0,
Jessica Quintans Beauty Studio,21) 97279-0757,21) 97279-0757,http://www.instagram.com/jessicaquintans.beauty,,studio de sobrancelha,"Copacabana - Rio de Janeiro, RJ",Copacabana,"Av. Nossa Sra. de Copacabana, 647/514 - Copacabana, Rio de Janeiro - RJ, 22050-002",False,http://www.instagram.com/jessicaquintans.beauty,5.0,
"Andrea Jarbas cabeleireira,design de sobrancelha.",21) 99665-1772,21) 99665-1772,,,studio de sobrancelha,"Copacabana - Rio de Janeiro, RJ",Copacabana,"Av. Nossa Sra. de Copacabana, 610 - loja 22 - Copacabana, Rio de Janeiro - RJ, 22050-001",False,,4.9,
Studio Delas,21) 97884-7956,21) 97884-7956,,,studio de sobrancelha,"Copacabana - Rio de Janeiro, RJ",Copacabana,"R. Santa Clara, 33 918 - 9º andar - Copacabana, Rio de Janeiro - RJ, 22041-010",False,,5.0,
Extensão de cílios e designer de sobrancelhas - Ana Paula Alves,21) 99761-6941,21) 99761-6941,https://www.instagram.com/anapaulaalvesbeauty,,studio de sobrancelha,"Copacabana - Rio de Janeiro, RJ",Copacabana,"R. Santa Clara, 33 - sala 311 - Copacabana, Rio de Janeiro - RJ, 22041-011",False,https://www.instagram.com/anapaulaalvesbeauty/,5.0,
Design de Sobrancelhas & Microblanding Copacabana,21) 99903-3022,21) 99903-3022,https://www.instagram.com/removal_beauty?igsh=N3Juand0aXFtZHc5,,studio de sobrancelha,"Copacabana - Rio de Janeiro, RJ",Copacabana,"R. Ronald de Carvalho, 229 - Loja A - Copacabana, Rio de Janeiro - RJ, 22021-020",False,https://www.instagram.com/removal_beauty?igsh=N3Juand0aXFtZHc5,5.0,
Bruna Oliveira - Lash Designer (Expert em Cílios e Sobrancelhas),21) 99131-7093,21) 99131-7093,https://www.instagram.com/bruoliveiralash,,studio de sobrancelha,"Copacabana - Rio de Janeiro, RJ",RJ,"Copacabana, Rio de Janeiro - RJ, 20211-901",False,https://www.instagram.com/bruoliveiralash/,5.0,
Onça Beauty - Studio de Beleza em Copacabana - Cabeleireira,21) 97486-9375,5521974869375,,,studio de sobrancelha,"Copacabana - Rio de Janeiro, RJ",Copacabana,"Rua Siqueira Campos, 239 - Loja A - Copacabana, Rio de Janeiro - RJ, 22031-071",False,,4.9,
"Luana Oliveira ,Designer sobrancelhas ,Extensão de cilios tufos e manicure.",21) 97405-8700,21) 97405-8700,,,studio de sobrancelha,"Copacabana - Rio de Janeiro, RJ",Copacabana,"Av. Nossa Sra. de Copacabana, 610 - loja 22 - Copacabana, Rio de Janeiro - RJ, 22050-001",False,,4.5,
Studio Beauty CS,21) 98932-0086,21) 98932-0086,,,studio de sobrancelha,"Copacabana - Rio de Janeiro, RJ",Copacabana,"R. Santa Clara, 33 - 1019 - Copacabana, Rio de Janeiro - RJ, 22041-011",False,,4.9,
Studio de beleza Bem-me-quer,21) 97370-9013,21) 97370-9013,,,studio de sobrancelha,"Copacabana - Rio de Janeiro, RJ",Copacabana,"Av. Nossa Sra. de Copacabana, 680 - sala 406 - Copacabana, Rio de Janeiro - RJ, 22050-001",False,,5.0,
Alessia beauty room - Cílios Copacabana,21) 98272-8341,21) 98272-8341,,,studio de cílios,"Copacabana - Rio de Janeiro, RJ",RJ,"Av. Nossa Sra. de Copacabana, 807 - Sala 606 - Copacabana, Rio de Janeiro - RJ, 22050-002, Rio de Janeiro - RJ, 22041-011",False,,5.0,
"Lmadame: Nail designer, extensão de cílios e sobrancelhas.",21) 97472-9390,21) 97472-9390,https://www.instagram.com/lmadamerj/profilecard/?igsh=MWdyZGdhM3J1ZjJ5eA==,,studio de cílios,"Copacabana - Rio de Janeiro, RJ",Copacabana,"Av. Nossa Sra. de Copacabana, 1059 - Sala 1203 - Copacabana, Rio de Janeiro - RJ, 22041-011",False,https://www.instagram.com/lmadamerj/profilecard/?igsh=MWdyZGdhM3J1ZjJ5eA==,5.0,
Amanda Fernandes Extensão de Cílios,21) 99029-2207,21) 99029-2207,https://www.instagram.com/amandaf.lash,,studio de cílios,"Copacabana - Rio de Janeiro, RJ",Copacabana,"R. Figueiredo de Magalhães, 286 - Copacabana, Rio de Janeiro - RJ, 22031-012",False,https://www.instagram.com/amandaf.lash/,5.0,
Extensão de cílios e designer de sobrancelhas - Ana Paula Alves,21) 99761-6941,21) 99761-6941,https://www.instagram.com/anapaulaalvesbeauty,,studio de cílios,"Copacabana - Rio de Janeiro, RJ",Copacabana,"R. Santa Clara, 33 - sala 311 - Copacabana, Rio de Janeiro - RJ, 22041-011",False,https://www.instagram.com/anapaulaalvesbeauty/,5.0,
Rio Lashes | Extensão de cílios,,,https://instagram.com/riolashes_,,studio de cílios,"Copacabana - Rio de Janeiro, RJ",Copacabana,"Av. Nossa Sra. de Copacabana, 262 - Copacabana, Rio de Janeiro - RJ, 22020-001",False,https://instagram.com/riolashes_,5.0,
Chloe Beauty & co l Extensão de cílios l manicure e pedicure,21) 99372-5769,21) 99372-5769,,,studio de cílios,"Copacabana - Rio de Janeiro, RJ",Copacabana,"R. Santa Clara, 33 - Copacabana, Rio de Janeiro - RJ, 22041-011",False,,5.0,
@lashdesigner_biafreixo,22) 99992-2002,22) 99992-2002,https://www.instagram.com/lashdesigner_biafreixo?igsh=MXBzaWxicjIzZ2hmZA==&utm_source=qr,,studio de cílios,"Copacabana - Rio de Janeiro, RJ",Copacabana,"Av. Nossa Sra. de Copacabana, 807 - Copacabana, Rio de Janeiro - RJ, 22041-011",False,https://www.instagram.com/lashdesigner_biafreixo?igsh=MXBzaWxicjIzZ2hmZA==&utm_source=qr,5.0,
Verônica Paixão Beauty,21) 99568-9558,21) 99568-9558,https://instagram.com/vepaixaobeauty?utm_medium=copy_link,,studio de cílios,"Copacabana - Rio de Janeiro, RJ",Copacabana,"R. Constante Ramos, 44 - Copacabana, Rio de Janeiro - RJ, 22051-011",False,https://instagram.com/vepaixaobeauty?utm_medium=copy_link,4.9,
Thaina Souza | Cílios e sobrancelhas,21) 96526-1447,21) 96526-1447,https://www.instagram.com/thainabeautyclinic?igsh=a2w4cDNwbnplYzZ6&utm_source=qr,,studio de cílios,"Copacabana - Rio de Janeiro, RJ",Copacabana,"Av. Nossa Sra. de Copacabana, 807 - sala 505 - Copacabana, Rio de Janeiro - RJ, 22050-002",False,https://www.instagram.com/thainabeautyclinic?igsh=a2w4cDNwbnplYzZ6&utm_source=qr,5.0,
Spa das Sobrancelhas,21) 3435-1365,,https://instagram.com/spadassobrancelhascopa1?igshid=ZDdkNTZiNTM=,,studio de cílios,"Copacabana - Rio de Janeiro, RJ",Copacabana,"R. Santa Clara, 33 - Sala 416 - Copacabana, Rio de Janeiro - RJ, 22041-011",False,https://instagram.com/spadassobrancelhascopa1?igshid=ZDdkNTZiNTM=,4.6,
Cílios Copacabana Janne Araújo,21) 98888-1847,21) 98888-1847,,,studio de cílios,"Copacabana - Rio de Janeiro, RJ",Copacabana,"R. Barata Ribeiro, 391 - Copacabana, Rio de Janeiro - RJ, 22051-002",False,,,
Helena’s Lash Copacabana,21) 97001-7654,21) 97001-7654,,,studio de cílios,"Copacabana - Rio de Janeiro, RJ",Copacabana,"Av. Nossa Sra. de Copacabana - Copacabana, Rio de Janeiro - RJ, 22060-002",False,,5.0,
"StudioFênix/Sobrancelhas, Cilios, Unhas,Tranças,Micropigmentação,Brow lamination,Limpeza de facial,Remoção-Laser.ESPA/PORTU",21) 97072-0366,21) 97072-0366,,,studio de cílios,"Copacabana - Rio de Janeiro, RJ",Copacabana,"Edifício das boutique - R. Santa Clara, 75 - sob. loja 808 - Copacabana, Rio de Janeiro - RJ, 22041-011",False,,5.0,
Cilios - Sobrancelhas - Micropigmentação Daniele Moreira,,,https://www.instagram.com/dannygaldinociliossobrancelhas,,studio de cílios,"Copacabana - Rio de Janeiro, RJ",Copacabana,"Av. Nossa Sra. de Copacabana, 1018 - COBERTURA 9 - Copacabana, Rio de Janeiro - RJ, 22060-002",False,https://www.instagram.com/dannygaldinociliossobrancelhas/,5.0,
"Luana Oliveira ,Designer sobrancelhas ,Extensão de cilios tufos e manicure.",21) 97405-8700,21) 97405-8700,,,studio de cílios,"Copacabana - Rio de Janeiro, RJ",Copacabana,"Av. Nossa Sra. de Copacabana, 610 - loja 22 - Copacabana, Rio de Janeiro - RJ, 22050-001",False,,4.5,
"Lmadame: Nail designer, extensão de cílios e sobrancelhas.",21) 97472-9390,21) 97472-9390,https://www.instagram.com/lmadamerj/profilecard/?igsh=MWdyZGdhM3J1ZjJ5eA==,,lash designer,"Copacabana - Rio de Janeiro, RJ",Copacabana,"Av. Nossa Sra. de Copacabana, 1059 - Sala 1203 - Copacabana, Rio de Janeiro - RJ, 22041-011",False,https://www.instagram.com/lmadamerj/profilecard/?igsh=MWdyZGdhM3J1ZjJ5eA==,5.0,
Alessia beauty room - Cílios Copacabana,21) 98272-8341,21) 98272-8341,,,lash designer,"Copacabana - Rio de Janeiro, RJ",RJ,"Av. Nossa Sra. de Copacabana, 807 - Sala 606 - Copacabana, Rio de Janeiro - RJ, 22050-002, Rio de Janeiro - RJ, 22041-011",False,,5.0,
Letícia Barradas Lash Designer,21) 97402-8180,21) 97402-8180,https://www.instagram.com/letbarradaslash,,lash designer,"Copacabana - Rio de Janeiro, RJ",Copacabana,"R. Barata Ribeiro, 727 - Copacabana, Rio de Janeiro - RJ, 22051-001",False,https://www.instagram.com/letbarradaslash,5.0,
Bruna Oliveira - Lash Designer (Expert em Cílios e Sobrancelhas),21) 99131-7093,21) 99131-7093,https://www.instagram.com/bruoliveiralash,,lash designer,"Copacabana - Rio de Janeiro, RJ",RJ,"Copacabana, Rio de Janeiro - RJ, 20211-901",False,https://www.instagram.com/bruoliveiralash/,5.0,
@lashdesigner_biafreixo,22) 99992-2002,22) 99992-2002,https://www.instagram.com/lashdesigner_biafreixo?igsh=MXBzaWxicjIzZ2hmZA==&utm_source=qr,,lash designer,"Copacabana - Rio de Janeiro, RJ",Copacabana,"Av. Nossa Sra. de Copacabana, 807 - Copacabana, Rio de Janeiro - RJ, 22041-011",False,https://www.instagram.com/lashdesigner_biafreixo?igsh=MXBzaWxicjIzZ2hmZA==&utm_source=qr,5.0,
Jessica Quintans Beauty Studio,21) 97279-0757,21) 97279-0757,http://www.instagram.com/jessicaquintans.beauty,,lash designer,"Copacabana - Rio de Janeiro, RJ",Copacabana,"Av. Nossa Sra. de Copacabana, 647/514 - Copacabana, Rio de Janeiro - RJ, 22050-002",False,http://www.instagram.com/jessicaquintans.beauty,5.0,
Mari Sales Lash,21) 99662-1214,21) 99662-1214,,,lash designer,"Copacabana - Rio de Janeiro, RJ",Copacabana,"Av. Nossa Sra. de Copacabana, 647 - Copacabana, Rio de Janeiro - RJ, 22050-002",False,,5.0,
Cílios e Sobrancelhas - Copacabana por Maria Fernanda Lima Lash,24) 99877-9504,24) 99877-9504,,,lash designer,"Copacabana - Rio de Janeiro, RJ",Copacabana,"Av. Nossa Sra. de Copacabana - Copacabana, Rio de Janeiro - RJ, 22020-001",False,,,
Spa das Sobrancelhas,21) 3435-1365,,https://instagram.com/spadassobrancelhascopa1?igshid=ZDdkNTZiNTM=,,lash designer,"Copacabana - Rio de Janeiro, RJ",Copacabana,"R. Santa Clara, 33 - Sala 416 - Copacabana, Rio de Janeiro - RJ, 22041-011",False,https://instagram.com/spadassobrancelhascopa1?igshid=ZDdkNTZiNTM=,4.6,
Lash designer,21) 97989-7935,21) 97989-7935,,,lash designer,"Copacabana - Rio de Janeiro, RJ",Copacabana,"R. Miguel Lemos, 24 - Copacabana, Rio de Janeiro - RJ, 22071-000",False,,,
Lu Rosa Beauty,21) 98298-9627,21) 98298-9627,https://www.instagram.com/lurosabeauty,,lash designer,"Copacabana - Rio de Janeiro, RJ",Copacabana,"R. Miguel Lemos, 41 - sl 201 - Copacabana, Rio de Janeiro - RJ, 22071-000",False,https://www.instagram.com/lurosabeauty/,5.0,
Balm Spa | spa rio de janeiro | massagem | spa copacabana | day spa rio de janeiro,21) 98522-4865,21) 98522-4865,http://www.instagram.com/balmspa,,spa,"Copacabana - Rio de Janeiro, RJ",Copacabana,"R. Miguel Lemos, 41 - sala 306 - Copacabana, Rio de Janeiro - RJ, 22071-000",False,http://www.instagram.com/balmspa,5.0,
Massage - Rildo Nacif,21) 97961-0384,21) 97961-0384,,,spa,"Copacabana - Rio de Janeiro, RJ",Copacabana,"R. Barata Ribeiro, 391 - Copacabana, Rio de Janeiro - RJ, 22040-002",False,,5.0,
Paulo Machado Massagen's,21) 96766-0107,21) 96766-0107,https://instagram.com/pauloquickmassage?igshid=MzRlODBiNWFlZA==,,spa,"Copacabana - Rio de Janeiro, RJ",Copacabana,"Rua Siqueira Campos, 30 - Copacabana, Rio de Janeiro - RJ, 22013-071",False,https://instagram.com/pauloquickmassage?igshid=MzRlODBiNWFlZA==,4.9,
Point 202,21) 3439-7760,,https://instagram.com/point202ofc?igshid=MzMyNGUyNmU2YQ==,,spa,"Copacabana - Rio de Janeiro, RJ",Copacabana,"Rua Siqueira Campos, 202 - Copacabana, Rio de Janeiro - RJ, 22031-070",False,https://instagram.com/point202ofc?igshid=MzMyNGUyNmU2YQ==,4.1,
"Massagem Relaxante, Esportiva, Liberação Miofascial, Quiropraxia Massagem Sensual e Tântrica Domiciliar Cléber de Souza",21) 98656-3597,21) 98656-3597,,,spa,"Copacabana - Rio de Janeiro, RJ",Copacabana,"Av. Nossa Sra. de Copacabana, 610 - sala 1022 - Copacabana, Rio de Janeiro - RJ, 22050-001",False,,,
Divino Fogão - Botafogo Praia Shopping,,,,,restaurante,"Copacabana - Rio de Janeiro, RJ",Botafogo,"Praia de Botafogo, 400 - 7 andar - Botafogo, Rio de Janeiro - RJ, 22250-040",False,,2.5,
Bonde Boca Copacabana,21) 3268-9310,,https://instagram.com/bondebocacp,,restaurante,"Copacabana - Rio de Janeiro, RJ",Copacabana,"R. Barata Ribeiro, 51 - Copacabana, Rio de Janeiro - RJ, 22011-001",False,https://instagram.com/bondebocacp,4.7,
Adega Pérola - (Copacabana),21) 2255-9425,,https://www.instagram.com/adegaperola,,restaurante,"Copacabana - Rio de Janeiro, RJ",Copacabana,"Rua Siqueira Campos, 138 - Copacabana, Rio de Janeiro - RJ, 22031-010",False,https://www.instagram.com/adegaperola/,4.6,
Parada de Copa Restaurante,21) 3936-0450,,http://www.instagram.com/paradadecopa?igsh=YnplZzF1NHltOHU3&utm_source=qr,,restaurante,"Copacabana - Rio de Janeiro, RJ",Copacabana,"R. Barata Ribeiro, 450 - Copacabana, Rio de Janeiro - RJ, 22040-002",False,http://www.instagram.com/paradadecopa?igsh=YnplZzF1NHltOHU3&utm_source=qr,4.5,
Restaurante Mondego - (Copacabana),21) 2255-5160,,,,restaurante,"Copacabana - Rio de Janeiro, RJ",Copacabana,"R. Constante Ramos, 2936 - Copacabana, Rio de Janeiro - RJ, 22070-000",False,,4.1,
Na Brasa Columbia - Copacabana,21) 3586-2032,,,,restaurante,"Copacabana - Rio de Janeiro, RJ",Copacabana,"Av. Atlântica, 3092 - Copacabana, Rio de Janeiro - RJ, 22070-000",False,,4.3,
Restaurante La Maison,21) 2256-2581,,,,restaurante,"Copacabana - Rio de Janeiro, RJ",Copacabana,"Av. Atlântica, 2634 - Copacabana, Rio de Janeiro - RJ, 22041-001",False,,4.1,
Favo Bar e Restaurante Copacabana,,,https://www.instagram.com/favobar,,restaurante,"Copacabana - Rio de Janeiro, RJ",Copacabana,"Av. Nossa Sra. de Copacabana, 403 - Copacabana, Rio de Janeiro - RJ, 22020-002",False,https://www.instagram.com/favobar,4.6,
Restaurante Príncipe de Mônaco - (Copacabana),21) 2521-0195,,,,restaurante,"Copacabana - Rio de Janeiro, RJ",Copacabana,"R. Miguel Lemos, 18 - Copacabana, Rio de Janeiro - RJ, 22071-001",False,,4.3,
Barraca da Chiquita Copacabana | Restaurante Comida Nordestina RJ,21) 2548-9144,,https://www.instagram.com/barracadachiquita_,,restaurante,"Copacabana - Rio de Janeiro, RJ",Copacabana,"R. Santa Clara, 33 - Copacabana, Rio de Janeiro - RJ, 22031-011",False,https://www.instagram.com/barracadachiquita_,4.6,
Deck buffet,21) 97254-3727,21) 97254-3727,,,restaurante,"Copacabana - Rio de Janeiro, RJ",Copacabana,"Av. Atlântica, 2316 - Copacabana, Rio de Janeiro - RJ, 22010-000",False,,4.4,
Gisela Pinheiro Esteves GPE Advogados,21) 99918-3961,21) 99918-3961,https://instagram.com/gpeadv,,advogado,"Copacabana - Rio de Janeiro, RJ",Copacabana,"R. Barata Ribeiro, 278 - Copacabana, Rio de Janeiro - RJ, 22040-002",False,https://instagram.com/gpeadv,4.9,
Thiana Vellasco Advogada,21) 97699-6564,21) 97699-6564,https://instagram.com/gpeadv,,advogado,"Copacabana - Rio de Janeiro, RJ",Copacabana,"R. Barata Ribeiro, 435 - CO 02 - Copacabana, Rio de Janeiro - RJ, 22060-030",False,,5.0,
Justino & Fagundes Advocacia,21) 99997-1460,21) 99997-1460,https://instagram.com/gpeadv,,advogado,"Copacabana - Rio de Janeiro, RJ",Copacabana,"R. Alm. Gonçalves, 50 - Copacabana, Rio de Janeiro - RJ, 22060-040",False,,5.0,
HUGO MARTINS SOCIEDADE INDIVIDUAL DE ADVOCACIA,21) 96432-4198,21) 96432-4198,https://instagram.com/gpeadv,,advogado,"Copacabana - Rio de Janeiro, RJ",Copacabana,"Rua Belfort Roxo, 394 - Copacabana, Rio de Janeiro - RJ, 22020-010",False,,,
Karen Souza e Anna Canto e Mello Arquitetura,21) 97299-9087,21) 97299-9087,https://www.instagram.com/studiio.fig,denise@dlarquitetura.com.br,arquiteto,"Copacabana - Rio de Janeiro, RJ",Copacabana,"Av. Nossa Sra. de Copacabana, 1059 - Copacabana, Rio de Janeiro - RJ, 22060-001",False,,5.0,
STILO ARQUITETURA,21) 2521-8945,,https://www.instagram.com/studiio.fig,denise@dlarquitetura.com.br,arquiteto,"Copacabana - Rio de Janeiro, RJ",Copacabana,"Av. Nossa Sra. de Copacabana, 794 - sala 406 - Copacabana, Rio de Janeiro - RJ, 22050-001",False,,5.0,
studio.figueiró,,,https://www.instagram.com/studiio.fig,denise@dlarquitetura.com.br,arquiteto,"Copacabana - Rio de Janeiro, RJ",Copacabana,"R. 5 de Julho, 189 - Copacabana, Rio de Janeiro - RJ, 22051-030",False,https://www.instagram.com/studiio.fig/,5.0,
Sophia Vogel - Fotografia,21) 96613-2790,21) 96613-2790,https://www.instagram.com/giovannafrangeph,,fotógrafo,"Copacabana - Rio de Janeiro, RJ",Copacabana,"Av. Nossa Sra. de Copacabana, 599 - Copacabana, Rio de Janeiro - RJ, 22020-002",False,,5.0,
Estúdio Giovanna Frange - Fotografia,21) 99600-2455,21) 99600-2455,https://www.instagram.com/giovannafrangeph,,fotógrafo,"Copacabana - Rio de Janeiro, RJ",Copacabana,"Rua Siqueira Campos, 43 - Sala 803 - Copacabana, Rio de Janeiro - RJ, 22031-071",False,https://www.instagram.com/giovannafrangeph/,5.0,
Côncavo Studio,21) 96954-0522,21) 96954-0522,https://www.instagram.com/giovannafrangeph,,fotógrafo,"Copacabana - Rio de Janeiro, RJ",Copacabana,"Av. Nossa Sra. de Copacabana, 599 - Sala 602 - Copacabana, Rio de Janeiro - RJ, 22060-002",False,,5.0,
Raio de Luz Fotografia,21) 98307-2076,21) 98307-2076,https://www.instagram.com/giovannafrangeph,,fotógrafo,"Copacabana - Rio de Janeiro, RJ",Praia de Copacabana,"Rua Siqueira Campos, 43 - Posto 3 - Praia de Copacabana, Rio de Janeiro - RJ, 22031-071",False,,4.4,
Centro Foto Canetas / @centrofotocopa,21) 98785-9066,21) 98785-9066,https://www.instagram.com/giovannafrangeph,,fotógrafo,"Copacabana - Rio de Janeiro, RJ",Copacabana,"Avenida Nossa Senhora de Copacabana, 581 Subsolo loja 11 (descendo a escada rolante - @centrofotocopa - Copacabana, Rio de Janeiro - RJ, 22031-000",False,https://www.instagram.com/centrofotocopa/,4.6,
Vapt Vupt Lab Fotografia Digital e Analógico,21) 97519-2642,21) 97519-2642,https://www.instagram.com/giovannafrangeph,,fotógrafo,"Copacabana - Rio de Janeiro, RJ",Copacabana,"R. Tonelero, 153 - Loja S - Copacabana, Rio de Janeiro - RJ, 22030-001",False,,4.8,
JT Foto & Vídeo,21) 98184-5118,21) 98184-5118,https://www.instagram.com/giovannafrangeph,,fotógrafo,"Copacabana - Rio de Janeiro, RJ",Copacabana,"Av. Atlântica, 3264 - 5º andar - Copacabana, Rio de Janeiro - RJ, 22070-001",False,https://www.instagram.com/jt.fotoevideo,4.9,
Escola Tempo de Crescer,21) 99876-8208,21) 99876-8208,https://www.instagram.com/tempodecrescer.edinfantil,,escola,"Copacabana - Rio de Janeiro, RJ",Copacabana,"R. Lacerda Coutinho, 54 - Copacabana, Rio de Janeiro - RJ, 22041-030",False,https://www.instagram.com/tempodecrescer.edinfantil/,4.9,
Escola Municipal Doutor Cícero Penna,,,https://www.instagram.com/tempodecrescer.edinfantil,,escola,"Copacabana - Rio de Janeiro, RJ",Copacabana,"Av. Atlântica, 1976 - Copacabana, Rio de Janeiro - RJ, 22021-001",False,,,
Centro de Ensino de Copacabana,21) 97892-4115,21) 97892-4115,https://www.instagram.com/tempodecrescer.edinfantil,,escola,"Copacabana - Rio de Janeiro, RJ",Copacabana,"R. Barata Ribeiro, 370 - loja 319 - Copacabana, Rio de Janeiro - RJ, 22040-901",False,,4.8,
Bebola - Escola de Esportes Prof. Bernardo Fejgiel - CIB,21) 2287-9622,,https://www.instagram.com/tempodecrescer.edinfantil,,escola,"Copacabana - Rio de Janeiro, RJ",Copacabana,"R. Barata Ribeiro, 489 - Copacabana, Rio de Janeiro - RJ, 22040-002",False,,4.4,
Policlinica de Copacabana,21) 96756-3724,21) 96756-3724,,,clínica médica,"Copacabana - Rio de Janeiro, RJ",Copacabana,"Rua Siqueira Campos, 59 - 201 - Copacabana, Rio de Janeiro - RJ, 22040-021",False,,3.6,
Espaço Facial Copacabana - Harmonização Facial,21) 97310-5659,21) 97310-5659,,,harmonização facial,"Copacabana - Rio de Janeiro, RJ",Copacabana,"R. Barata Ribeiro, 473 - Copacabana, Rio de Janeiro - RJ, 22040-001",False,,4.5,
Royal Face,21) 99498-4587,21) 99498-4587,,,harmonização facial,"Copacabana - Rio de Janeiro, RJ",Copacabana,"R. Barata Ribeiro, 363 - Copacabana, Rio de Janeiro - RJ, 22040-001",False,,4.2,
"Brazoli Beauty | Harmonização Facial e Corporal, Preenchimento de Glúteo e SPA Urbano",21) 99610-7827,21) 99610-7827,,,harmonização facial,"Copacabana - Rio de Janeiro, RJ",Copacabana,"Rua Siqueira Campos, 30 - sala 709 - Copacabana, Rio de Janeiro - RJ, 22031-071",False,,5.0,
Dra Talita félix / Harmonizacão Facial / Botox / Preenchimento labial / Lipo De Papada / Copacabana,21) 98133-5914,21) 98133-5914,https://www.instagram.com/dratalitafelix,,harmonização facial,"Copacabana - Rio de Janeiro, RJ",Copacabana,"Av. Nossa Sra. de Copacabana, 500 - Copacabana, Rio de Janeiro - RJ, 22020-002",False,https://www.instagram.com/dratalitafelix/,5.0,
Depile Studio de Beleza em Copacabana,21) 96561-3931,21) 96561-3931,https://instagram.com/depile_studiodebeleza?igshid=NGExMmI2YTkyZg==,,depilação a laser,"Copacabana - Rio de Janeiro, RJ",Copacabana,"R. Barata Ribeiro, 370 - Loja 110 - Copacabana, Rio de Janeiro - RJ, 22040-901",False,https://instagram.com/depile_studiodebeleza?igshid=NGExMmI2YTkyZg==,5.0,
Sensatez Copacabana - Estética & Bem-estar,21) 98464-0573,21) 98464-0573,https://www.instagram.com/sensatezriocopacabana,,depilação a laser,"Copacabana - Rio de Janeiro, RJ",Copacabana,"R. Raimundo Corrêa, 28 - Loja B - Copacabana, Rio de Janeiro - RJ, 22040-042",False,https://www.instagram.com/sensatezriocopacabana/,4.7,
CopaDepil,21) 99822-1966,21) 99822-1966,,,depilação a laser,"Copacabana - Rio de Janeiro, RJ",Copacabana,"R. Barata Ribeiro, 194 - Copacabana, Rio de Janeiro - RJ, 22011-001",False,,4.9,
Clínica de estética - Espaço Joicy Barbosa,21) 97660-5360,21) 97660-5360,https://www.instagram.com/joicybarbosa.estetica,,depilação a laser,"Copacabana - Rio de Janeiro, RJ",Copacabana,"Av. Nossa Sra. de Copacabana, 1018 - sala 402 - Copacabana, Rio de Janeiro - RJ, 22060-002",False,https://www.instagram.com/joicybarbosa.estetica/,5.0,
Celina RJ Depilação a Laser,21) 96785-3969,21) 96785-3969,,,depilação a laser,"Copacabana - Rio de Janeiro, RJ",Ipanema,"R. Visc. de Pirajá, 351 - 10º Andar -Sala 1002 - Ipanema, Rio de Janeiro - RJ, 22410-003",False,,4.9,
Design de Sobrancelhas | Raquel Menezes | micropigmentação e cursos Copacabana rio de janeiro,21) 97359-7435,21) 97359-7435,,,micropigmentação,"Copacabana - Rio de Janeiro, RJ",Copacabana,"Av. Nossa Sra. de Copacabana, 647 - sala 514 - Copacabana, Rio de Janeiro - RJ, 22050-901",False,,5.0,
Studio Ellen Araujo Copacabana | Limpeza de Pele | Extensão de Cílios | Micropigmentação de Sobrancelhas,21) 99951-5018,21) 99951-5018,https://www.instagram.com/ellenaraujooficial,,micropigmentação,"Copacabana - Rio de Janeiro, RJ",Copacabana,"R. Santa Clara, 50 - sala 1204 - Copacabana, Rio de Janeiro - RJ, 22041-012",False,https://www.instagram.com/ellenaraujooficial/,4.9,
Bianca Mezzomo Estética e Micropigmentação,,,,,micropigmentação,"Copacabana - Rio de Janeiro, RJ",Copacabana,"R. Santa Clara, 50 - sala 1019 - Copacabana, Rio de Janeiro - RJ, 22041-012",False,,4.2,
Spa das Sobrancelhas,21) 3435-1365,,https://instagram.com/spadassobrancelhascopa1?igshid=ZDdkNTZiNTM=,,micropigmentação,"Copacabana - Rio de Janeiro, RJ",Copacabana,"R. Santa Clara, 33 - Sala 416 - Copacabana, Rio de Janeiro - RJ, 22041-011",False,https://instagram.com/spadassobrancelhascopa1?igshid=ZDdkNTZiNTM=,4.6,
Alessia beauty room - Cílios Copacabana,21) 98272-8341,21) 98272-8341,,,micropigmentação,"Copacabana - Rio de Janeiro, RJ",RJ,"Av. Nossa Sra. de Copacabana, 807 - Sala 606 - Copacabana, Rio de Janeiro - RJ, 22050-002, Rio de Janeiro - RJ, 22041-011",False,,5.0,
Studio Cris Perfeito,51) 98445-2705,51) 98445-2705,,,micropigmentação,"Copacabana - Rio de Janeiro, RJ",Copacabana,"Edifício Pinheiro Machado - R. Miguel Lemos, 41 - sala 303 - Copacabana, Rio de Janeiro - RJ, 22071-001",False,,5.0,
Jessica Quintans Beauty Studio,21) 97279-0757,21) 97279-0757,http://www.instagram.com/jessicaquintans.beauty,,micropigmentação,"Copacabana - Rio de Janeiro, RJ",Copacabana,"Av. Nossa Sra. de Copacabana, 647/514 - Copacabana, Rio de Janeiro - RJ, 22050-002",False,http://www.instagram.com/jessicaquintans.beauty,5.0,
"StudioFênix/Sobrancelhas, Cilios, Unhas,Tranças,Micropigmentação,Brow lamination,Limpeza de facial,Remoção-Laser.ESPA/PORTU",21) 97072-0366,21) 97072-0366,,,micropigmentação,"Copacabana - Rio de Janeiro, RJ",Copacabana,"Edifício das boutique - R. Santa Clara, 75 - sob. loja 808 - Copacabana, Rio de Janeiro - RJ, 22041-011",False,,5.0,
Carol Portes Beauty,21) 96588-5277,21) 96588-5277,https://www.instagram.com/carolportesbeauty?igsh=aWE5eXFyM3d2eTNk,,micropigmentação,"Copacabana - Rio de Janeiro, RJ",Copacabana,"Rua: Miguel Lemos, 41 - cobertura 08 - Copacabana, Rio de Janeiro - RJ, 22061-021",False,https://www.instagram.com/carolportesbeauty?igsh=aWE5eXFyM3d2eTNk,5.0,
Cilios - Sobrancelhas - Micropigmentação Daniele Moreira,,,https://www.instagram.com/dannygaldinociliossobrancelhas,,micropigmentação,"Copacabana - Rio de Janeiro, RJ",Copacabana,"Av. Nossa Sra. de Copacabana, 1018 - COBERTURA 9 - Copacabana, Rio de Janeiro - RJ, 22060-002",False,https://www.instagram.com/dannygaldinociliossobrancelhas/,5.0,
Carol beauty • Micropigmentaçao e designer de sobrancelha,21) 98468-0518,21) 98468-0518,,,micropigmentação,"Copacabana - Rio de Janeiro, RJ",Copacabana,"Av. Princesa Isabel, 134 - Copacabana, Rio de Janeiro - RJ, 22011-010",False,,5.0,
Carol Alena •Design de sobrancelha •Micropigmentação •Depilação •Limpeza de pele •Remoção de tatuagem e sobrancelha,21) 99911-5650,21) 99911-5650,https://www.instagram.com/p/CSuBXeTne14/?utm_medium=copy_link,,micropigmentação,"Copacabana - Rio de Janeiro, RJ",Copacabana,"Rua Santa Clara, n•, 50 - sala 509 - Copacabana, Rio de Janeiro - RJ, 20775-180",False,https://www.instagram.com/p/CSuBXeTne14/?utm_medium=copy_link,5.0,
Karen Souza e Anna Canto e Mello Arquitetura,21) 97299-9087,21) 97299-9087,,denise@dlarquitetura.com.br,designer de interiores,"Copacabana - Rio de Janeiro, RJ",Copacabana,"Av. Nossa Sra. de Copacabana, 1059 - Copacabana, Rio de Janeiro - RJ, 22060-001",False,,5.0,
RB DECOR RIO,21) 97464-1327,21) 97464-1327,,denise@dlarquitetura.com.br,designer de interiores,"Copacabana - Rio de Janeiro, RJ",Copacabana,"R. Barata Ribeiro, 302 - Loja 7 - Copacabana, Rio de Janeiro - RJ, 22040-002",False,,5.0,
Exclusiva Interiores - Móveis Planejados em Copacabana e Rio de Janeiro,21) 96480-4026,21) 96480-4026,,denise@dlarquitetura.com.br,designer de interiores,"Copacabana - Rio de Janeiro, RJ",Copacabana,"Shopping Copacabana Mall - R. Barata Ribeiro, 370 - Loja 227 - Copacabana, Rio de Janeiro - RJ, 22040-901",False,,5.0,
Jorge Delmas Interiores,21) 3813-2309,,,denise@dlarquitetura.com.br,designer de interiores,"Copacabana - Rio de Janeiro, RJ",Ipanema,"Av. Rainha Elisabeth da Bélgica, 729 - 104 - Ipanema, Rio de Janeiro - RJ, 22081-041",False,,5.0,
Wellington Rodrigues | Fisiologista & Treinador,21) 95911-0841,21) 95911-0841,https://instagram.com/gustavobassanpreparacaofisica?igshid=1i6rzyhgay38i,,personal trainer,"Copacabana - Rio de Janeiro, RJ",Copacabana,"Av. Nossa Sra. de Copacabana, 702 - Sala 2 - Copacabana, Rio de Janeiro - RJ, 22050-001",False,,5.0,
Gustavo Bassan Preparação Física,21) 96535-3269,21) 96535-3269,https://instagram.com/gustavobassanpreparacaofisica?igshid=1i6rzyhgay38i,,personal trainer,"Copacabana - Rio de Janeiro, RJ",Copacabana,"Av. Nossa Sra. de Copacabana, 581 - Loja 214 - Copacabana, Rio de Janeiro - RJ, 22031-071",False,https://instagram.com/gustavobassanpreparacaofisica?igshid=1i6rzyhgay38i,5.0,
Studio de Personal Trainer JJ,21) 98784-5681,21) 98784-5681,https://instagram.com/gustavobassanpreparacaofisica?igshid=1i6rzyhgay38i,,personal trainer,"Copacabana - Rio de Janeiro, RJ",Copacabana,"Av. Nossa Sra. de Copacabana, 1063 - Sobreloja 201 - Copacabana, Rio de Janeiro - RJ, 22060-001",False,https://www.instagram.com/jeanjjp,5.0,
Studio Áldina Sousa – Personal Trainer Copacabana,21) 97204-3401,21) 97204-3401,https://instagram.com/gustavobassanpreparacaofisica?igshid=1i6rzyhgay38i,,personal trainer,"Copacabana - Rio de Janeiro, RJ",Copacabana,"Av. Nossa Sra. de Copacabana, 794 - sl 201 - Copacabana, Rio de Janeiro - RJ, 22051-020",False,,,
Eletrofit Training | Eletroestimulação em Copacabana,21) 99248-9486,21) 99248-9486,https://instagram.com/gustavobassanpreparacaofisica?igshid=1i6rzyhgay38i,,personal trainer,"Copacabana - Rio de Janeiro, RJ",Copacabana,"R. Raul Pompéia, 149B - Copacabana, Rio de Janeiro - RJ, 22080-001",False,https://www.instagram.com/eletrofit_training?igsh=MTh5b3N5Nzg4N3F3bg==,4.9,
Academia Forma Fitness Copacabana,21) 2547-7702,,https://instagram.com/gustavobassanpreparacaofisica?igshid=1i6rzyhgay38i,,personal trainer,"Copacabana - Rio de Janeiro, RJ",Copacabana,"R. Barata Ribeiro, 489 - Copacabana, Rio de Janeiro - RJ, 22040-001",False,https://www.instagram.com/formafitnesscopacabana/,4.7,
TDL Fitness Rj,21) 98045-0852,21) 98045-0852,https://instagram.com/gustavobassanpreparacaofisica?igshid=1i6rzyhgay38i,,personal trainer,"Copacabana - Rio de Janeiro, RJ",Copacabana,"Condomínio Vertical Centro Comercial - Rua Siqueira Campos, 43 - sala 413 - Copacabana, Rio de Janeiro - RJ, 22031",False,https://www.instagram.com/tdlfitnessrj/,4.5,
DYNAMO STUDIO,21) 2148-0639,5521971371451,https://instagram.com/gustavobassanpreparacaofisica?igshid=1i6rzyhgay38i,,personal trainer,"Copacabana - Rio de Janeiro, RJ",Copacabana,"R. Silva Castro, 10 - SOBRELOJA - Copacabana, Rio de Janeiro - RJ, 22031-030",False,,5.0,
Copacabana Medicina e Saúde - Sublocação de Consultórios,21) 3594-8225,,,,consultório,"Copacabana - Rio de Janeiro, RJ",Copacabana,"Av. Nossa Sra. de Copacabana, 794 - sala 902/903 - Copacabana, Rio de Janeiro - RJ, 22050-001",False,,5.0,
Consultórios,21) 2236-0556,,,,consultório,"Copacabana - Rio de Janeiro, RJ",Copacabana,"Av. Nossa Sra. de Copacabana, 664 - Copacabana, Rio de Janeiro - RJ, 22020-001",False,,3.4,
Policlinica de Copacabana,21) 96756-3724,21) 96756-3724,,,consultório,"Copacabana - Rio de Janeiro, RJ",Copacabana,"Rua Siqueira Campos, 59 - 201 - Copacabana, Rio de Janeiro - RJ, 22040-021",False,,3.6,
Clínica Renovatio,21) 99790-3535,21) 99790-3535,http://www.instagram.com.br/clinica.renovatio,,clínica de estética,"Ipanema - Rio de Janeiro, RJ",Ipanema,"Shopping Top Center - R. Visc. de Pirajá, Loja 220 - Ipanema, Rio de Janeiro - RJ, 24410-002",False,http://www.instagram.com.br/clinica.renovatio,5.0,
CESOF Ipanema - Clínica de Estética e Harmonização,21) 96878-8242,https://api.whatsapp.com/send?phone=5521999121885&text=Pergunta%20vinda%20do%20Google%20Meu%20Negocio,https://www.instagram.com/cesof.ipanema,,clínica de estética,"Ipanema - Rio de Janeiro, RJ",Ipanema,"R. Visc. de Pirajá, 550 - loja 211 - Ipanema, Rio de Janeiro - RJ, 22410-901",False,https://www.instagram.com/cesof.ipanema/,4.8,
Rio Arte Ipanema,21) 98355-0165,21) 98355-0165,,,clínica de estética,"Ipanema - Rio de Janeiro, RJ",Ipanema,"R. Visc. de Pirajá, 351 - Lojas 205, 210, 215, 217 - Ipanema, Rio de Janeiro - RJ, 22410-003",False,,3.8,
Ipa Club,21) 97242-6957,552197242,,,salão premium,"Ipanema - Rio de Janeiro, RJ",Ipanema,"R. Visc. de Pirajá, 550 - loja 109 - Ipanema, Rio de Janeiro - RJ, 22410-901",False,,5.0,
Espaço Tower,21) 3807-2887,,https://www.instagram.com/espacotower,,salão premium,"Ipanema - Rio de Janeiro, RJ",Ipanema,"R. Prudente de Morais, 1008 - Térreo - Ipanema, Rio de Janeiro - RJ, 22420-040",False,https://www.instagram.com/espacotower,5.0,
Lê Concept l Salão de Beleza l Ipanema,21) 3439-0003,,https://www.instagram.com/leconcepthair?igsh=MXEybDRxazk1bmQ5OQ%3D%3D&utm_source=qr,,salão premium,"Ipanema - Rio de Janeiro, RJ",Ipanema,"R. Visc. de Pirajá, 602 - loja B - Ipanema, Rio de Janeiro - RJ, 22410-002",False,https://www.instagram.com/leconcepthair?igsh=MXEybDRxazk1bmQ5OQ%3D%3D&utm_source=qr,4.6,
La Belle Ipanema Salão de Beleza,21) 3489-1678,,,,salão premium,"Ipanema - Rio de Janeiro, RJ",Ipanema,"R. Visc. de Pirajá, 550 - loja 219 - Ipanema, Rio de Janeiro - RJ, 22410-901",False,,4.9,
Salão,,,,,salão premium,"Ipanema - Rio de Janeiro, RJ",ss113,"R. Visc. de Pirajá, 580 - ss113, Rio de Janeiro - RJ, 22410-002",False,,3.0,
WERNER IPANEMA,21) 2137-8958,,,,salão premium,"Ipanema - Rio de Janeiro, RJ",Ipanema,"R. Visc. de Pirajá, 281 - Ipanema, Rio de Janeiro - RJ, 22410-001",False,,3.7,
Salão Cellophanes Ipanema,21) 2239-2715,5521993471415,https://www.instagram.com/salaocellophanesrj,,salão premium,"Ipanema - Rio de Janeiro, RJ",Ipanema,"Rua Visconde de Pirajá, 580 Subsolo - Loja 121 - Ipanema, Rio de Janeiro - RJ, 22410-002",False,https://www.instagram.com/salaocellophanesrj/,5.0,
Tu.do salão,21) 97911-9111,21) 97911-9111,https://instagram.com/tu.dosalao,,salão premium,"Ipanema - Rio de Janeiro, RJ",Ipanema,"R. Visc. de Pirajá, 82 - Loja 110 - Ipanema, Rio de Janeiro - RJ, 22410-000",False,https://instagram.com/tu.dosalao,5.0,
Clínica Estação Sorriso,21) 99452-2377,21) 99452-2377,https://www.instagram.com/lsodontologiarj?igsh=MTd1YzFlbmNvMWRmeA==,,dentista,"Ipanema - Rio de Janeiro, RJ",Ipanema,"R. Visc. de Pirajá, 207 - Sala 305 - Ipanema, Rio de Janeiro - RJ, 22410-000",False,,4.8,
Dentistas Ipanema Stephany & Lucas - Odontologia e Cirurgia Avançada,21) 92000-9734,21) 92000-9734,https://www.instagram.com/lsodontologiarj?igsh=MTd1YzFlbmNvMWRmeA==,,dentista,"Ipanema - Rio de Janeiro, RJ",Ipanema,"R. Visc. de Pirajá, 330 - sobreloja 314 - Ipanema, Rio de Janeiro - RJ, 22410-000",False,https://www.instagram.com/lsodontologiarj?igsh=MTd1YzFlbmNvMWRmeA==,5.0,
Clínica Odontológica Holodontia | Invisalign | Dentista em Ipanema - RJ,21) 96662-5526,21) 96662-5526,https://www.instagram.com/lsodontologiarj?igsh=MTd1YzFlbmNvMWRmeA==,,dentista,"Ipanema - Rio de Janeiro, RJ",Ipanema,"Edifício Fórum de Ipanema, R. Visc. de Pirajá, 351 - Sala 823 - Ipanema, Rio de Janeiro - RJ, 22410-003",False,http://www.instagram.com/clinicaholodontia/,5.0,
"Psicóloga Rio de Janeiro - Ipanema | Mariana Zacarias | Crianças, adolescentes e adultos",21) 99134-7220,21) 99134-7220,https://www.instagram.com/psicologiapravoc?igsh=NWwzNG14cHhia3Jr&utm_source=qr,,psicólogo,"Ipanema - Rio de Janeiro, RJ",Ipanema,"R. Visc. de Pirajá, 207 - Ipanema, Rio de Janeiro - RJ, 22410-001",False,,5.0,
"Psicóloga Rio de Janeiro - Ipanema | Luany Nascimento | Crianças, adolescentes e adultos",21) 99189-1137,21989143363,https://www.instagram.com/psicologiapravoc?igsh=NWwzNG14cHhia3Jr&utm_source=qr,,psicólogo,"Ipanema - Rio de Janeiro, RJ",Ipanema,"R. Visc. de Pirajá, 207 - Ipanema, Rio de Janeiro - RJ, 22410-001",False,https://www.instagram.com/psicologiapravoc?igsh=NWwzNG14cHhia3Jr&utm_source=qr,5.0,
Psicóloga Regina Domingues,21) 97016-8343,21989143363,https://www.instagram.com/psicologiapravoc?igsh=NWwzNG14cHhia3Jr&utm_source=qr,,psicólogo,"Ipanema - Rio de Janeiro, RJ",Ipanema,"R. Farme de Amoedo, 75 - Sala 302 - Ipanema, Rio de Janeiro - RJ, 22420-020",False,https://www.instagram.com/reginadomingues_psi/,5.0,
"Clínica de Psicologia | Ipanema | Copacabana | Rio de Janeiro | Meraki Psicologia | Crianças, Adolescentes e Adultos.",21) 99870-7917,21989143363,https://www.instagram.com/psicologiapravoc?igsh=NWwzNG14cHhia3Jr&utm_source=qr,,psicólogo,"Ipanema - Rio de Janeiro, RJ",Copacabana,"Av. Nossa Sra. de Copacabana, 1066 - Copacabana, Rio de Janeiro - RJ, 22060-002",False,,5.0,
Psicóloga Clínica - CRP 05/82117 (Atendimento emergencial 24h),21) 97033-0617,21989143363,https://www.instagram.com/psicologiapravoc?igsh=NWwzNG14cHhia3Jr&utm_source=qr,,psicólogo,"Ipanema - Rio de Janeiro, RJ",Ipanema,"Av. Henrique Dumont, 85 - Ipanema, Rio de Janeiro - RJ, 22410-060",False,,,
Psicóloga cognitivo-comportamental,21) 98134-8113,21989143363,https://www.instagram.com/psicologiapravoc?igsh=NWwzNG14cHhia3Jr&utm_source=qr,,psicólogo,"Ipanema - Rio de Janeiro, RJ",Ipanema,"R. Prudente de Morais, 1199 - Ipanema, Rio de Janeiro - RJ, 22420-043",False,https://www.instagram.com/psicologa.adrielesantiago,5.0,
Vivian Landim | Júlia Dupont - Consultório de Psicologia,,21989143363,https://www.instagram.com/psicologiapravoc?igsh=NWwzNG14cHhia3Jr&utm_source=qr,,psicólogo,"Ipanema - Rio de Janeiro, RJ",Ipanema,"R. Visc. de Pirajá, 351 - Ipanema, Rio de Janeiro - RJ, 22410-003",False,,5.0,
Psicóloga Giselle Casado. CRP 05/72036.,21) 99307-0967,21989143363,https://www.instagram.com/psicologiapravoc?igsh=NWwzNG14cHhia3Jr&utm_source=qr,,psicólogo,"Ipanema - Rio de Janeiro, RJ",Ipanema,"R. Visc. de Pirajá, 259 - Ipanema, Rio de Janeiro - RJ, 22410-001",False,,5.0,
Psicóloga Copacabana Fátima Ayoubi,21) 98585-2480,21989143363,https://www.instagram.com/psicologiapravoc?igsh=NWwzNG14cHhia3Jr&utm_source=qr,,psicólogo,"Ipanema - Rio de Janeiro, RJ",Ipanema,"R. Visc. de Pirajá, 463 - sala 503 - Ipanema, Rio de Janeiro - RJ, 22410-003",False,https://www.instagram.com/fatimaayoubi.psi/,5.0,
Erika Santinoni - Nutrição Clínica e Esportiva,21) 98131-8963,21) 98131-8963,https://www.instagram.com/nathalliajord_nutri,,nutricionista,"Ipanema - Rio de Janeiro, RJ",Ipanema,"R. Visc. de Pirajá, 414 - Sala 1304 - Ipanema, Rio de Janeiro - RJ, 22410-905",False,,5.0,
Nutricionista Clínica Funcional - Katherine Raffaele,21) 96900-5401,21) 96900-5401,https://www.instagram.com/nathalliajord_nutri,,nutricionista,"Ipanema - Rio de Janeiro, RJ",Ipanema,"R. Visc. de Pirajá, 550 - Ipanema, Rio de Janeiro - RJ, 22410-002",False,,5.0,
Nathállia Jordão,21) 99460-7696,21) 99460-7696,https://www.instagram.com/nathalliajord_nutri,,nutricionista,"Ipanema - Rio de Janeiro, RJ",Ipanema,"R. Visc. de Pirajá, 550 - Ipanema, Rio de Janeiro - RJ, 24410-002",False,https://www.instagram.com/nathalliajord_nutri/,5.0,
Nutricionista Joana Hartmann | Ipanema & Online,21) 99129-3878,21) 99129-3878,https://www.instagram.com/nathalliajord_nutri,,nutricionista,"Ipanema - Rio de Janeiro, RJ",Ipanema,"R. Visc. de Pirajá, 550 - Ipanema, Rio de Janeiro - RJ, 22410-002",False,,5.0,
MATHEUS FERREIRA NUTRIÇÃO LTDA,21) 99438-0268,21) 99438-0268,https://www.instagram.com/nathalliajord_nutri,,nutricionista,"Ipanema - Rio de Janeiro, RJ",Ipanema,"R. Visc. de Pirajá, 595 - Ipanema, Rio de Janeiro - RJ, 22410-003",False,https://www.instagram.com/nutrimatheusferreira?igsh=ajBnMzV0eW4xZjB0&utm_source=qr,5.0,
Nutricionista Paula Ryfer,21) 99166-1378,21) 99166-1378,https://www.instagram.com/nathalliajord_nutri,,nutricionista,"Ipanema - Rio de Janeiro, RJ",Ipanema,"R. Visc. de Pirajá, 547 - Ipanema, Rio de Janeiro - RJ, 22410-003",False,https://www.instagram.com/nutricionistapaularyfer/,5.0,
Nutricionista Luma iatarola,21) 99693-6001,21) 99693-6001,https://www.instagram.com/nathalliajord_nutri,,nutricionista,"Ipanema - Rio de Janeiro, RJ",Ipanema,"R. Farme de Amoedo, 75 - Ipanema, Rio de Janeiro - RJ, 22420-020",False,,5.0,
Andressa Rodrigues | Emagrecimento Feminino e Nutrição Comportamental,21) 99796-8827,21) 99796-8827,https://www.instagram.com/nathalliajord_nutri,,nutricionista,"Ipanema - Rio de Janeiro, RJ",Ipanema,"R. Visc. de Pirajá, 259 - Ipanema, Rio de Janeiro - RJ, 22420-041",False,https://www.instagram.com/nutri.dessarodrigues/,5.0,
"Nutricionista Comportamental e modulação intestinal - Patrícia Oliveira, Ipanema - Rio de Janeiro",21) 96425-4617,https://api.whatsapp.com/send/?phone=2B5521964254617&text=Oi%C2%A22C+eu+sou+Patr%C3%ADcia+Vieira+e+te+ajudo+a+nutrir+seu+corpo+alimentando+a+alma.+Como+posso+te+ajudar&type=phone_number&app_absente=0,https://www.instagram.com/nathalliajord_nutri,,nutricionista,"Ipanema - Rio de Janeiro, RJ",Ipanema,"R. Visc. de Pirajá, 142 - Ipanema, Rio de Janeiro - RJ, 22410-001",False,,5.0,
Fisioterapia Rose Wanderley,21) 96773-4124,21) 96773-4124,https://www.instagram.com/fisiorosewanderley,,fisioterapeuta,"Ipanema - Rio de Janeiro, RJ",Ipanema,"R. Visc. de Pirajá, 550 - Ipanema, Rio de Janeiro - RJ, 22410-002",False,https://www.instagram.com/fisiorosewanderley/,5.0,
Centro de fisioterapia Camila Maciel,21) 2529-2617,,https://www.instagram.com/fisiorosewanderley,,fisioterapeuta,"Ipanema - Rio de Janeiro, RJ",Ipanema,"R. Visc. de Pirajá, 595 - Ipanema, Rio de Janeiro - RJ, 22410-003",False,,4.9,
FISIOTERAPEUTA THIAGO VIDAL,21) 96409-8981,5521996173172,https://www.instagram.com/fisiorosewanderley,,fisioterapeuta,"Ipanema - Rio de Janeiro, RJ",Ipanema,"R. Visc. de Pirajá, 550 - sala 1415 - Ipanema, Rio de Janeiro - RJ, 22410-901",False,https://www.instagram.com/fisiothiagovidal/,5.0,
Fisioterapeuta E Esteticista Michele de Sá,21) 96986-5811,21) 96986-5811,https://www.instagram.com/fisiorosewanderley,,fisioterapeuta,"Ipanema - Rio de Janeiro, RJ",Ipanema,"R. Prudente de Morais, 1788 - Ipanema, Rio de Janeiro - RJ, 22420-042",False,https://www.instagram.com/michele_fisiodermato?igsh=MW41ODJkMDhtcWQ0OQ==,5.0,
qualifyphysio,21) 99883-7214,21) 99883-7214,https://www.instagram.com/fisiorosewanderley,,fisioterapeuta,"Ipanema - Rio de Janeiro, RJ",Ipanema,"R. Visc. de Pirajá, 430 - Ipanema, Rio de Janeiro - RJ, 22410-002",False,https://instagram.com/pauloraphael_fisio?utm_medium=copy_link,5.0,
MOTUS Reabilitação,21) 99975-1343,21) 99975-1343,https://www.instagram.com/fisiorosewanderley,,fisioterapeuta,"Ipanema - Rio de Janeiro, RJ",Ipanema,"R. Visc. de Pirajá, 550 - sala 2007 - Ipanema, Rio de Janeiro - RJ, 22410-003",False,,5.0,
Omni Fisioterapia - Henrique Jatobá,21) 2511-3927,,https://www.instagram.com/fisiorosewanderley,,fisioterapeuta,"Ipanema - Rio de Janeiro, RJ",Ipanema,"Rua Visconde de Pirajá, 550 Salas 1514 e 1515 - Ipanema, Rio de Janeiro - RJ, 22410-002",False,,5.0,
ON SPA,21) 97513-3846,21) 97513-3846,https://www.instagram.com/fisiorosewanderley,,fisioterapeuta,"Ipanema - Rio de Janeiro, RJ",Ipanema,"R. Visc. de Pirajá, 608 - 810 - Ipanema, Rio de Janeiro - RJ, 22410-002",False,,5.0,
Ipanema Pilates,21) 99480-6584,21) 99480-6584,,,pilates,"Ipanema - Rio de Janeiro, RJ",Ipanema,"R. Joana Angélica, 116 - Quinto andar - Ipanema, Rio de Janeiro - RJ, 22410-003",False,,4.9,
Carioca Pilates - Ipanema,21) 98225-8259,21) 98225-8259,,,pilates,"Ipanema - Rio de Janeiro, RJ",Ipanema,"R. Joana Angélica, 173 - segundo andar - Ipanema, Rio de Janeiro - RJ, 22420-030",False,,4.8,
The Pilates Studio Brasil - Unidade IPANEMA,21) 3813-7290,,,,pilates,"Ipanema - Rio de Janeiro, RJ",Ipanema,"R. Visc. de Pirajá, 318 - Sala 211 - Ipanema, Rio de Janeiro - RJ, 22410-003",False,,5.0,
Vertical Ipanema,21) 3079-0039,,,,pilates,"Ipanema - Rio de Janeiro, RJ",Ipanema,"R. Farme de Amoedo, 76 - Ipanema, Rio de Janeiro - RJ, 22420-020",False,,5.0,
Studio A Pilates Clássico,21) 99579-2805,21) 99579-2805,,,pilates,"Ipanema - Rio de Janeiro, RJ",Ipanema,"R. Visc. de Pirajá, 177 - sala 201 - Ipanema, Rio de Janeiro - RJ, 22410-001",False,,5.0,
Pilates Aline Magalhães,21) 97749-1026,21) 97749-1026,,,pilates,"Ipanema - Rio de Janeiro, RJ",Ipanema,"Galeria Boutiques De Ipanema - R. Visc. de Pirajá, 303/320 - Ipanema, Rio de Janeiro - RJ, 22410-003",False,,5.0,
Daniel Ferraz Treinamento Funcional,21) 99497-3177,21) 99497-3177,,,pilates,"Ipanema - Rio de Janeiro, RJ",Leblon,"Av. Gen. San Martin, 1002 - 201A - Leblon, Rio de Janeiro - RJ, 22441-014",False,,5.0,
Vertical Ipanema,21) 3079-0039,,,,academia boutique,"Ipanema - Rio de Janeiro, RJ",Ipanema,"R. Farme de Amoedo, 76 - Ipanema, Rio de Janeiro - RJ, 22420-020",False,,5.0,
Studio Total Fitness,21) 98216-0832,21) 98216-0832,,,academia boutique,"Ipanema - Rio de Janeiro, RJ",Ipanema,"R. Visc. de Pirajá, 82 - Ipanema, Rio de Janeiro - RJ, 22410-000",False,,5.0,
Stubb,21) 2437-8061,,,,academia boutique,"Ipanema - Rio de Janeiro, RJ",Ipanema,"R. Vinícius de Moraes, 129 - Ipanema, Rio de Janeiro - RJ, 22411-010",False,,4.8,
Bianca Dutra Studio Ipanema,21) 96524-9034,21) 96524-9034,,,studio de sobrancelha,"Ipanema - Rio de Janeiro, RJ",Ipanema,"R. Visc. de Pirajá, 330 - loja 301 - Ipanema, Rio de Janeiro - RJ, 22410-001",False,,4.9,
MR Clinic,21) 97445-3269,21) 97445-3269,https://instagram.com/mrclinicc?igshid=Y2ZmNzg0YzQ=,,studio de sobrancelha,"Ipanema - Rio de Janeiro, RJ",Ipanema,"R. Visc. de Pirajá, 595 - Loja 207 - Ipanema, Rio de Janeiro - RJ, 22410-003",False,https://instagram.com/mrclinicc?igshid=Y2ZmNzg0YzQ=,5.0,
Studio Lu Rech - Leblon,21) 3502-9699,,http://instagram.com/studiolurech,,studio de sobrancelha,"Ipanema - Rio de Janeiro, RJ",Leblon,"Galeria do Teatro Leblon - Rua Conde de Bernadotte, 26 - Loja 110 - Leblon, Rio de Janeiro - RJ, 22430-200",False,http://instagram.com/studiolurech,4.9,
MyLash Leblon,21) 3437-7914,,https://www.instagram.com/mylash.leblon.rj,,studio de sobrancelha,"Ipanema - Rio de Janeiro, RJ",Leblon,"Av. Ataulfo de Paiva, 566 - sobreloja 203 - Leblon, Rio de Janeiro - RJ, 22440-033",False,https://www.instagram.com/mylash.leblon.rj,4.8,
Espaço Tower,21) 3807-2887,,https://www.instagram.com/espacotower,,studio de sobrancelha,"Ipanema - Rio de Janeiro, RJ",Ipanema,"R. Prudente de Morais, 1008 - Térreo - Ipanema, Rio de Janeiro - RJ, 22420-040",False,https://www.instagram.com/espacotower,5.0,
Espaço Léo Lopes Ipanema 507,21) 96607-3265,"https://api.whatsapp.com/send?1=pt_BR&phone=5521966073265&text=Ol%C3%A1,%20gostaria%20de%20mais%20informa%C3%A7%C3%B5es%20ou%20agendamento.",http://instagram.com/espacoleolopesoficial,,studio de sobrancelha,"Ipanema - Rio de Janeiro, RJ",Ipanema,"R. Visc. de Pirajá, 507 - Ipanema, Rio de Janeiro - RJ, 22410-000",False,http://instagram.com/espacoleolopesoficial,3.9,
Studio Buh Cabeleireiros,21) 98812-2389,21) 98812-2389,,,studio de sobrancelha,"Ipanema - Rio de Janeiro, RJ",Ipanema,"Sub-solo, R. Visc. de Pirajá, 318 - Sala 19 - Ipanema, Rio de Janeiro - RJ, 22410-000",False,,5.0,
Namastê,21) 2513-2380,,,,studio de sobrancelha,"Ipanema - Rio de Janeiro, RJ",Ipanema,"Galeria 282, R. Visc. de Pirajá, 282 - Ipanema, Rio de Janeiro - RJ, 22411-001",False,,4.7,
MyLash Ipanema | Extensão de cílios,21) 96450-7215,21) 96450-7215,,,studio de cílios,"Ipanema - Rio de Janeiro, RJ",Ipanema,"R. Visc. de Pirajá, 207 - loja 307 - Ipanema, Rio de Janeiro - RJ, 22410-001",False,,4.8,
Bianca Dutra Studio Ipanema,21) 96524-9034,21) 96524-9034,,,studio de cílios,"Ipanema - Rio de Janeiro, RJ",Ipanema,"R. Visc. de Pirajá, 330 - loja 301 - Ipanema, Rio de Janeiro - RJ, 22410-001",False,,4.9,
Studio Fran Braga Micropigmentação Ipanema,21) 98822-1091,21) 98822-1091,,,studio de cílios,"Ipanema - Rio de Janeiro, RJ",Ipanema,"R. Visc. de Pirajá, 330 - sala 1005 - Ipanema, Rio de Janeiro - RJ, 22410-000",False,,5.0,
Studio de Beleza em Ipanema Ori,21) 98296-4810,21) 98296-4810,https://www.instagram.com/italoluz.makeup,,studio de cílios,"Ipanema - Rio de Janeiro, RJ",Ipanema,"R. Visc. de Pirajá, 156 - sala 202 - Ipanema, Rio de Janeiro - RJ, 22410-001",False,https://www.instagram.com/italoluz.makeup,5.0,
Studio Patricia Santos Beauty,21) 97697-9238,21) 97697-9238,https://instagram.com/patriciasts_beauty?igshid=YmMyMTA2M2Y=,,lash designer,"Ipanema - Rio de Janeiro, RJ",Pantanal,"Rua Leopoldo Fróis, 3 - quadra 70 - Pantanal, Duque de Caxias - RJ, 25040-325",False,https://instagram.com/patriciasts_beauty?igshid=YmMyMTA2M2Y=,5.0,
Studio Ingridi Klimaschenski-Lash Designer,,,,,lash designer,"Ipanema - Rio de Janeiro, RJ",Jardim Limeira,"Estr. Aníbal da Mota, 2 - quadra 3 - Jardim Limeira, Belford Roxo - RJ, 26190-083",False,,5.0,
MyLash Ipanema | Extensão de cílios,21) 96450-7215,21) 96450-7215,,,lash designer,"Ipanema - Rio de Janeiro, RJ",Ipanema,"R. Visc. de Pirajá, 207 - loja 307 - Ipanema, Rio de Janeiro - RJ, 22410-001",False,,4.8,
Studio Ester Lima,21) 97375-0195,21) 97375-0195,https://www.instagram.com/lashesterlimaa,,lash designer,"Ipanema - Rio de Janeiro, RJ",Parque Sao Jose,"Estrada do - Estr. Aníbal da Mota, 1825 - Parque Sao Jose, Belford Roxo - RJ, 26190-083",False,https://www.instagram.com/lashesterlimaa/,5.0,
"Gabrielle | Lash designer | Designer de sobrancelhas | Duque de caxias, Sarapuí",21) 98235-7561,21) 98235-7561,https://www.instagram.com/bystudiogabrielle?igsh=MWMwZjFubWg3c3lwcQ==,,lash designer,"Ipanema - Rio de Janeiro, RJ",Vila Sarapui,"R. Alfredo Backer, 321 - Vila Sarapui, Duque de Caxias - RJ, 25050-290",False,https://www.instagram.com/bystudiogabrielle?igsh=MWMwZjFubWg3c3lwcQ==,5.0,
LORENA LIMA | LASH DESIGN,21) 96502-5349,21) 96502-5349,https://www.instagram.com/lorenalima.lash_?igsh=MTZiYWhzOXNpdGxjMA==,,lash designer,"Ipanema - Rio de Janeiro, RJ",Campos Eliseos,"R. Clara Nunes - Campos Eliseos, Duque de Caxias - RJ, 25040-673",False,https://www.instagram.com/lorenalima.lash_?igsh=MTZiYWhzOXNpdGxjMA==,5.0,
KS STUDIO DE BELEZA,21) 99393-7904,21) 99393-7904,,,lash designer,"Ipanema - Rio de Janeiro, RJ",Nossa Sra. do Carmo,"Estr. do sarapuí - Nossa Sra. do Carmo, Duque de Caxias - RJ, 25040-460",False,,,
Yana Braz Studio,,,,,lash designer,"Ipanema - Rio de Janeiro, RJ",Vila Leopoldina,"R. Rio Preto, 1626 - Vila Leopoldina, Duque de Caxias - RJ, 25035-390",False,,5.0,
Thainá Souza Beauty Studio | Sobrancelhas,21) 97551-1953,21) 97551-1953,https://instagram.com/Thaina.sobrancelhass,,lash designer,"Ipanema - Rio de Janeiro, RJ",Jardim Metropole,"R. Visc. da Gávea, 72 - Jardim Metropole, São João de Meriti - RJ, 25575-310",False,https://instagram.com/Thaina.sobrancelhass,5.0,
MANU BARBOSA DESIGNER,21) 98822-6361,21) 98822-6361,,,lash designer,"Ipanema - Rio de Janeiro, RJ",Jardim Nova California,"Avenida Ulisses Guimarães oposto ao número 303 - Jardim Nova California, São João de Meriti - RJ, 25571-250",False,,5.0,
Hadassa Ateliê de Beleza em Ipanema rj,21) 99491-8960,5521993035435,,,lash designer,"Ipanema - Rio de Janeiro, RJ",Ipanema,"R. Visc. de Pirajá, 156 - Loja D - Ipanema, Rio de Janeiro - RJ, 22410-000",False,,4.8,
Bruna Oliveira - Lash Designer (Expert em Cílios e Sobrancelhas),21) 99131-7093,21) 99131-7093,https://www.instagram.com/bruoliveiralash,,lash designer,"Ipanema - Rio de Janeiro, RJ",RJ,"Copacabana, Rio de Janeiro - RJ, 20211-901",False,https://www.instagram.com/bruoliveiralash/,5.0,
Angélica Nunnes Beauty,21) 96864-0400,21) 96864-0400,https://www.instagram.com/angelicanunnesbeauty?igsh=eGY2Zm55bzd5Zndu&utm_source=qr,,lash designer,"Ipanema - Rio de Janeiro, RJ",Jardim Olavo Bilac,"R. Juçara, 19 - Jardim Olavo Bilac, Duque de Caxias - RJ, 25036-250",False,https://www.instagram.com/angelicanunnesbeauty?igsh=eGY2Zm55bzd5Zndu&utm_source=qr,,
Oliva Spa - Head Spa,21) 98833-0981,21) 98833-0981,,,spa,"Ipanema - Rio de Janeiro, RJ",Ipanema,"R. Visc. de Pirajá, 86 - loja 10 - Ipanema, Rio de Janeiro - RJ, 22410-903",False,,4.9,
Spa Ipanema - Massoterapia e Massage - Robéria Gomes,21) 98240-6134,21) 98240-6134,https://www.instagram.com/roberiagomes?igsh=aWhuMGJpa2pteHhl,,spa,"Ipanema - Rio de Janeiro, RJ",Ipanema,"Clínica JT - R. Visc. de Pirajá, 580 - Subsolo - Ipanema, Rio de Janeiro - RJ, 22410-902",False,https://www.instagram.com/roberiagomes?igsh=aWhuMGJpa2pteHhl,5.0,
Espaço Carla Ipanema,21) 97380-9449,21) 97380-9449,,,spa,"Ipanema - Rio de Janeiro, RJ",Ipanema,"R. Visc. de Pirajá, 580 - 311 - Ipanema, Rio de Janeiro - RJ, 22410-902",False,,5.0,
RASSAMA® Rio de Janeiro Massagem,,,,,spa,"Ipanema - Rio de Janeiro, RJ",Ipanema,"R. Visc. de Pirajá, 82 - Ipanema, Rio de Janeiro - RJ, 22410-970",False,,,
Zazá Bistrô Tropical,21) 99530-7173,21) 99530-7173,https://www.instagram.com/zazabistro?igsh=MXB0Z3A2NGI1c3ZueQ==,,restaurante,"Ipanema - Rio de Janeiro, RJ",Ipanema,"R. Joana Angélica, 40 - Ipanema, Rio de Janeiro - RJ, 22420-030",False,https://www.instagram.com/zazabistro?igsh=MXB0Z3A2NGI1c3ZueQ==,4.6,
Pura Brasa Ipanema,21) 3738-3749,,,,restaurante,"Ipanema - Rio de Janeiro, RJ",Ipanema,"R. Barão da Torre, 248 - Ipanema, Rio de Janeiro - RJ, 22411-000",False,,4.5,
Pope Ipanema,,,,,restaurante,"Ipanema - Rio de Janeiro, RJ",Ipanema,"R. Joana Angélica, 47 - Ipanema, Rio de Janeiro - RJ, 22420-030",False,,4.7,
Babbo Osteria,,5521998086496,https://instagram.com/babboosteria,,restaurante,"Ipanema - Rio de Janeiro, RJ",Ipanema,"R. Barão da Torre, 632 - Ipanema, Rio de Janeiro - RJ, 22411-002",False,https://instagram.com/babboosteria/,4.6,
Boteco Belmonte,21) 2267-9909,,https://www.instagram.com/boteco_belmonte,,restaurante,"Ipanema - Rio de Janeiro, RJ",Ipanema,"Av. Vieira Souto, 236 - Ipanema, Rio de Janeiro - RJ, 22420-004",False,https://www.instagram.com/boteco_belmonte,4.3,
Margarida's Pousada,21) 2239-1840,,,,pousada,"Ipanema - Rio de Janeiro, RJ",Ipanema,"R. Barão da Torre, 600 - Ipanema, Rio de Janeiro - RJ, 22411-001",False,,4.6,
Hotel Bossa Nova Ipanema,0800 960 8526,0800 960 8526,,,pousada,"Ipanema - Rio de Janeiro, RJ",Arpoador,"Rua Bulhões Carvalho, 337 - Arpoador, Rio de Janeiro - RJ, 22081-000",False,,4.4,
Ipanema Beach Star,21) 2523-5959,,,,pousada,"Ipanema - Rio de Janeiro, RJ",Ipanema,"R. Prudente de Morais, 729 - 729 Andar - Ipanema, Rio de Janeiro - RJ, 22420-041",False,,4.6,
Hostel Yes Brasil,,,,,pousada,"Ipanema - Rio de Janeiro, RJ",Copacabana,"Rampinha - Morro do Cantagalo, R. Criança Esperança - Copacabana, Rio de Janeiro - RJ, 22071-060",False,,4.3,
Guest Apartment Ipanema,21) 99199-9116,21) 99199-9116,,,pousada,"Ipanema - Rio de Janeiro, RJ",Ipanema,"R. Visc. de Pirajá, 463 - Ipanema, Rio de Janeiro - RJ, 22410-003",False,,4.7,
Rio Ipanema Hotel Residence,21) 3439-7542,,,,pousada,"Ipanema - Rio de Janeiro, RJ",Ipanema,"Condomínio do Edifício Hotel Residencia Ipanema - R. Visc. de Pirajá, 66 - Ipanema, Rio de Janeiro - RJ, 22410-000",False,,4.4,
RARO Ipanema Boutique Hotel,21) 97508-1608,21) 97508-1608,,,hotel boutique,"Ipanema - Rio de Janeiro, RJ",Copacabana,"R. Saint Roman, 222 - Copacabana, Rio de Janeiro - RJ, 22071-060",False,,4.7,
Hotel Bossa Nova Ipanema,0800 960 8526,0800 960 8526,,,hotel boutique,"Ipanema - Rio de Janeiro, RJ",Arpoador,"Rua Bulhões Carvalho, 337 - Arpoador, Rio de Janeiro - RJ, 22081-000",False,,4.4,
Flat Praia de Copacabana Ipanema - Pé na Areia,21) 98283-5424,21) 98283-5424,,,hotel boutique,"Ipanema - Rio de Janeiro, RJ",Ipanema,"R. Francisco Otaviano, 61 - Ipanema, Rio de Janeiro - RJ, 22080-040",False,,4.2,
Advocacia Criminal | Amanda Anjos,11) 93206-6719,11) 93206-6719,https://www.instagram.com/priscillamorgado.adv,,advogado,"Ipanema - Rio de Janeiro, RJ",Ipanema,"R. Visc. de Pirajá, 414 - Ipanema, Rio de Janeiro - RJ, 22410-002",False,,5.0,
"Priscilla Morgado Advocacia - Direito Médico e da Saúde, Plano de Saúde, Erro Médico",21) 96944-9659,21) 96944-9659,https://www.instagram.com/priscillamorgado.adv,,advogado,"Ipanema - Rio de Janeiro, RJ",Ipanema,"R. Visc. de Pirajá, 414 - Sala 718 - Ipanema, Rio de Janeiro - RJ, 22410-002",False,https://www.instagram.com/priscillamorgado.adv/,5.0,
RB Advogados associados,21) 99753-1452,21) 99753-1452,https://www.instagram.com/priscillamorgado.adv,,advogado,"Ipanema - Rio de Janeiro, RJ",Ipanema,"R. Visc. de Pirajá, 414 - sala 718 - Ipanema, Rio de Janeiro - RJ, 22410-002",False,,5.0,
Espíndola Wolszczak Advogados,21) 2267-1657,,https://www.instagram.com/priscillamorgado.adv,,advogado,"Ipanema - Rio de Janeiro, RJ",Ipanema,"R. Redentor, 91 - Ipanema, Rio de Janeiro - RJ, 22421-030",False,,,
BMP Arquitetura e Construção,11) 91065-6627,11) 91065-6627,http://instagram.com/marini.arq,,arquiteto,"Ipanema - Rio de Janeiro, RJ",Ipanema,"R. Visc. de Pirajá, 414 - sl 718 - Ipanema, Rio de Janeiro - RJ, 22410-905",False,,5.0,
Bric Arquitetura | Portillo & Pantoja,21) 3449-9027,,http://instagram.com/marini.arq,,arquiteto,"Ipanema - Rio de Janeiro, RJ",Ipanema,"Av. Epitácio Pessoa, 1674 - Ipanema, Rio de Janeiro - RJ, 22411-072",False,,5.0,
Marini Arquitetura,21) 3269-1280,,http://instagram.com/marini.arq,,arquiteto,"Ipanema - Rio de Janeiro, RJ",Ipanema,"R. Barão da Torre - Ipanema, Rio de Janeiro - RJ, 22411-002",False,http://instagram.com/marini.arq,5.0,
Guaxe Arquitetura,,,http://instagram.com/marini.arq,,arquiteto,"Ipanema - Rio de Janeiro, RJ",Lagoa,"Av. Epitácio Pessoa, 1674 - 201 - Lagoa, Rio de Janeiro - RJ, 22411-072",False,,5.0,
Círculo Arquitetura,21) 99195-1484,21) 99195-1484,http://instagram.com/marini.arq,,arquiteto,"Ipanema - Rio de Janeiro, RJ",Ipanema,"R. Alberto de Campos, 51 - Ipanema, Rio de Janeiro - RJ, 22411-030",False,,5.0,
Casa Redentor,21) 2135-1596,,http://instagram.com/marini.arq,,arquiteto,"Ipanema - Rio de Janeiro, RJ",Ipanema,"R. Redentor, 149 - Ipanema, Rio de Janeiro - RJ, 22421-030",False,,5.0,
Igor Helal - Fotógrafo / Filmmaker / Ensaios fotográficos e produções audiovisuais / Rio de Janeiro,21) 99983-8749,21) 99983-8749,https://instagram.com/igorhelal,,fotógrafo,"Ipanema - Rio de Janeiro, RJ",Ipanema,"Av. Francisco Bhering - Ipanema, Rio de Janeiro - RJ, 22080-050",False,https://instagram.com/igorhelal,5.0,
Klub Photo Produtos e Serviços,21) 98410-4238,21) 98410-4238,https://instagram.com/igorhelal,,fotógrafo,"Ipanema - Rio de Janeiro, RJ",Ipanema,"R. Visc. de Pirajá, 452 - Ipanema, Rio de Janeiro - RJ, 22410-002",False,,4.9,
TOUR DESIGN 360 Fotógrafo Imóveis Airbnb Booking Hotel Comércio Tour Virtual,21) 96495-0774,https://api.whatsapp.com/send/?phone=%2B5521964950774&text&type=phone_number&app_absent=0,https://instagram.com/igorhelal,,fotógrafo,"Ipanema - Rio de Janeiro, RJ",Ipanema,"R. Visc. de Pirajá, 414 - Ipanema, Rio de Janeiro - RJ, 22410-002",False,https://www.instagram.com/tourdesign,5.0,
Honorio Cine Foto,21) 2287-9342,,https://instagram.com/igorhelal,,fotógrafo,"Ipanema - Rio de Janeiro, RJ",Ipanema,"R. Vinícius de Moraes, 146 - Loja E - Ipanema, Rio de Janeiro - RJ, 22411-010",False,,4.4,
Pico do RJ Foto Surf,,,https://instagram.com/igorhelal,,fotógrafo,"Ipanema - Rio de Janeiro, RJ",,"Ipanema, Rio de Janeiro - RJ",False,,5.0,
Escola Bambini,21) 2247-4590,,,,escola,"Ipanema - Rio de Janeiro, RJ",Ipanema,"R. Redentor, 16 - Ipanema, Rio de Janeiro - RJ, 22421-030",False,,5.0,
Creche Primeiros Passos,21) 3546-6975,,https://www.instagram.com/horizontbjj?igsh=ZzRxMjZrMmQ0dmhz&utm_source=qr,,escola,"Ipanema - Rio de Janeiro, RJ",Ipanema,"R. Joana Angélica, 243 - Ipanema, Rio de Janeiro - RJ, 22420-030",False,,4.6,
Escola Municipal Henrique Dodsworth,21) 2274-5556,,,,escola,"Ipanema - Rio de Janeiro, RJ",Ipanema,"Av. Epitácio Pessoa, 474 - Ipanema, Rio de Janeiro - RJ, 22471-000",False,,,
Happy Ipanema | Escola de habilidades - O novo jeito de aprender,21) 96626-1695,21) 96626-1695,https://www.instagram.com/horizontbjj?igsh=ZzRxMjZrMmQ0dmhz&utm_source=qr,,escola,"Ipanema - Rio de Janeiro, RJ",Ipanema,"R. Barão da Torre, 308 - Ipanema, Rio de Janeiro - RJ, 22411-000",False,,,
Ipamove - Funcional na Praia em Ipanema - Rio de Janeiro,21) 96919-5269,21) 96919-5269,,,escola,"Ipanema - Rio de Janeiro, RJ",Ipanema,"Av. Vieira Souto, 110 - Ipanema, Rio de Janeiro - RJ, 22420-002",False,,5.0,
Meditação Ipanema,21) 99902-9595,21) 99902-9595,https://www.instagram.com/horizontbjj?igsh=ZzRxMjZrMmQ0dmhz&utm_source=qr,,escola,"Ipanema - Rio de Janeiro, RJ",Ipanema,"R. Visc. de Pirajá, 303 - sala 505 - Ipanema, Rio de Janeiro - RJ, 22410-003",False,,5.0,
Vertical Ipanema,21) 3079-0039,,https://www.instagram.com/horizontbjj?igsh=ZzRxMjZrMmQ0dmhz&utm_source=qr,,escola,"Ipanema - Rio de Janeiro, RJ",Ipanema,"R. Farme de Amoedo, 76 - Ipanema, Rio de Janeiro - RJ, 22420-020",False,,5.0,
Colégio Notre Dame - entrada crianças menores,,,https://www.instagram.com/horizontbjj?igsh=ZzRxMjZrMmQ0dmhz&utm_source=qr,,escola,"Ipanema - Rio de Janeiro, RJ",Ipanema,"R. Nascimento Silva, 211 - Ipanema, Rio de Janeiro - RJ, 22421-023",False,,,
Entrelinhas Cursos RJ,21) 99969-6496,https://api.whatsapp.com/send?1=pt_BR&phone=5521999696496,https://www.instagram.com/cursoritmar,,curso livre,"Ipanema - Rio de Janeiro, RJ",Ipanema,"R. Visc. de Pirajá, 550 - 1601 - Ipanema, Rio de Janeiro - RJ, 22410-901",False,,,
Curso Livre de Música Ritmar,21) 98841-9749,21) 98841-9749,https://www.instagram.com/cursoritmar,,curso livre,"Ipanema - Rio de Janeiro, RJ",Centro,"R. Ten. José Dias, 513 - sala 401 e 403 - Centro, Duque de Caxias - RJ, 25010-305",False,https://www.instagram.com/cursoritmar/,5.0,
Ritamar Curso Livre De Música Ritamar,,,https://www.instagram.com/cursoritmar,,curso livre,"Ipanema - Rio de Janeiro, RJ",Parque Araruama,"Av. Arthur Antônio Sendas - Parque Araruama, São João de Meriti - RJ, 25585-021",False,,,
Curso Livre de Música,21) 98327-6144,21) 98327-6144,https://www.instagram.com/cursoritmar,,curso livre,"Ipanema - Rio de Janeiro, RJ",Pavuna,"R. Srg. Benevides Monte - Pavuna, Rio de Janeiro - RJ, 21520-440",False,,,
Centro Médico Samaritano Ipanema,21) 3820-4444,,,,clínica médica,"Ipanema - Rio de Janeiro, RJ",Ipanema,"R. Farme de Amoedo, 86 - Ipanema, Rio de Janeiro - RJ, 22420-020",False,,3.7,
Ipanema Medical Center,21) 2512-3453,,,,clínica médica,"Ipanema - Rio de Janeiro, RJ",Ipanema,"Rua Garcia d'Avila, 64 - Ipanema, Rio de Janeiro - RJ, 22421-010",False,,4.2,
Centro Médico,21) 3717-1797,5521992542039,,,clínica médica,"Ipanema - Rio de Janeiro, RJ",Ipanema,"R. Visc. de Pirajá, 595 - Ipanema, Rio de Janeiro - RJ, 22410-003",False,,,
Incasa | Clínica Médica em Ipanema,,5521992542039,,,clínica médica,"Ipanema - Rio de Janeiro, RJ",Ipanema,"R. Visc. de Pirajá, 580 - Sala 402 - Ipanema, Rio de Janeiro - RJ, 22410-902",False,,,
Centro Médico Dr. Mario Cunha,21) 2513-4137,5521992542039,,,clínica médica,"Ipanema - Rio de Janeiro, RJ",Ipanema,"R. Visc. de Pirajá, 430 - Ipanema, Rio de Janeiro - RJ, 22410-002",False,,4.7,
Clínica Renovatio,21) 99790-3535,5521992542039,http://www.instagram.com.br/clinica.renovatio,,clínica médica,"Ipanema - Rio de Janeiro, RJ",Ipanema,"Shopping Top Center - R. Visc. de Pirajá, Loja 220 - Ipanema, Rio de Janeiro - RJ, 24410-002",False,http://www.instagram.com.br/clinica.renovatio,5.0,
"Dra. Caroline Fendeler | Botox, Harmonização Facial - Ipanema/Zona Sul/Rio de Janeiro/RJ",21) 99936-0949,5521982190077,https://www.instagram.com/carolinefendeler,,harmonização facial,"Ipanema - Rio de Janeiro, RJ",Ipanema,"R. Visc. de Pirajá, 82 - Ipanema, Rio de Janeiro - RJ, 22410-904",False,https://www.instagram.com/carolinefendeler,5.0,
"Vanessa Veiga | Botox, Bioestimulador e Harmonização Facial em Ipanema",21) 99757-1303,5521982190077,https://www.instagram.com/carolinefendeler,,harmonização facial,"Ipanema - Rio de Janeiro, RJ",Ipanema,"R. Maria Quitéria, 59 - 2 andar - sala 205 - Ipanema, Rio de Janeiro - RJ, 22410-040",False,https://www.instagram.com/dravanessaveiga?igsh=MXh1MW0ycXQ4N28wdg==,5.0,
Face 2 Face,21) 98946-3969,5521982190077,https://www.instagram.com/carolinefendeler,,harmonização facial,"Ipanema - Rio de Janeiro, RJ",Ipanema,"R. Visc. de Pirajá, 547 - loja 111 - Ipanema, Rio de Janeiro - RJ, 22410-900",False,,5.0,
Dra. Francine Vieira | Harmonização facial no Leblon,21) 99543-1993,5521982190077,https://www.instagram.com/carolinefendeler,,harmonização facial,"Ipanema - Rio de Janeiro, RJ",Leblon,"Av. Ataulfo de Paiva, 391 - Leblon, Rio de Janeiro - RJ, 22440-032",False,https://www.instagram.com/drafrancinevieira/,5.0,
CESOF Ipanema - Clínica de Estética e Harmonização,21) 96878-8242,5521982190077,https://www.instagram.com/carolinefendeler,,harmonização facial,"Ipanema - Rio de Janeiro, RJ",Ipanema,"R. Visc. de Pirajá, 550 - loja 211 - Ipanema, Rio de Janeiro - RJ, 22410-901",False,https://www.instagram.com/cesof.ipanema/,4.8,
Dra. Janyne Calmon - Harmonização Facial,21) 3580-1126,5521982190077,https://www.instagram.com/carolinefendeler,,harmonização facial,"Ipanema - Rio de Janeiro, RJ",Ipanema,"R. Visc. de Pirajá, 351 - Sl. 1009 - Ipanema, Rio de Janeiro - RJ, 22410-906",False,,4.8,
Clínica Renovatio,21) 99790-3535,5521982190077,https://www.instagram.com/carolinefendeler,,harmonização facial,"Ipanema - Rio de Janeiro, RJ",Ipanema,"Shopping Top Center - R. Visc. de Pirajá, Loja 220 - Ipanema, Rio de Janeiro - RJ, 24410-002",False,http://www.instagram.com.br/clinica.renovatio,5.0,
Harmonização Facial RJ,21) 97174-2233,5521982190077,https://www.instagram.com/carolinefendeler,,harmonização facial,"Ipanema - Rio de Janeiro, RJ",Ipanema,"R Visconde de Pirajá, 550 Grupo 1414/B - Ipanema, Rio de Janeiro - RJ, 22410-002",False,,,
Celina RJ Depilação a Laser,21) 96785-3969,21) 96785-3969,,,depilação a laser,"Ipanema - Rio de Janeiro, RJ",Ipanema,"R. Visc. de Pirajá, 351 - 10º Andar -Sala 1002 - Ipanema, Rio de Janeiro - RJ, 22410-003",False,,4.9,
Ipanema Depilação e Massagem,21) 99646-9908,21) 99646-9908,https://www.instagram.com/ipanema_depilacao_e_massagem,,depilação a laser,"Ipanema - Rio de Janeiro, RJ",Ipanema,"R. Visc. de Pirajá, 330/218 - Ipanema, Rio de Janeiro - RJ, 22410-000",False,https://www.instagram.com/ipanema_depilacao_e_massagem/,4.8,
Dermanlaser - Depilação a Laser,21) 3215-0887,,,,depilação a laser,"Ipanema - Rio de Janeiro, RJ",Ipanema,"Av, R. Visc. de Pirajá, 414 - Sala 1013 - Ipanema, Rio de Janeiro - RJ, 22410-002",False,,5.0,
Rio Arte Ipanema,21) 98355-0165,21) 98355-0165,,,depilação a laser,"Ipanema - Rio de Janeiro, RJ",Ipanema,"R. Visc. de Pirajá, 351 - Lojas 205, 210, 215, 217 - Ipanema, Rio de Janeiro - RJ, 22410-003",False,,3.8,
Crystalle Leblon,21) 96645-9304,21) 96645-9304,,,depilação a laser,"Ipanema - Rio de Janeiro, RJ",Leblon,"Galeria Bandeirante - Av. Ataulfo de Paiva, 725 - Loja J - Leblon, Rio de Janeiro - RJ, 22440-032",False,,5.0,
Dr. Ivanésio Merlo,21) 2287-7153,,,,depilação a laser,"Ipanema - Rio de Janeiro, RJ",Ipanema,"R. Visc. de Pirajá, 330 - Ipanema, Rio de Janeiro - RJ, 22410-000",False,,4.6,
MR Clinic,21) 97445-3269,21) 97445-3269,https://instagram.com/mrclinicc?igshid=Y2ZmNzg0YzQ=,,micropigmentação,"Ipanema - Rio de Janeiro, RJ",Ipanema,"R. Visc. de Pirajá, 595 - Loja 207 - Ipanema, Rio de Janeiro - RJ, 22410-003",False,https://instagram.com/mrclinicc?igshid=Y2ZmNzg0YzQ=,5.0,
Studio Fran Braga Micropigmentação Ipanema,21) 98822-1091,21) 98822-1091,,,micropigmentação,"Ipanema - Rio de Janeiro, RJ",Ipanema,"R. Visc. de Pirajá, 330 - sala 1005 - Ipanema, Rio de Janeiro - RJ, 22410-000",False,,5.0,
Bianca Dutra Studio Ipanema,21) 96524-9034,21) 96524-9034,,,micropigmentação,"Ipanema - Rio de Janeiro, RJ",Ipanema,"R. Visc. de Pirajá, 330 - loja 301 - Ipanema, Rio de Janeiro - RJ, 22410-001",False,,4.9,
Flavia Lys Micropigmentação Capilar,21) 97669-0667,21) 97669-0667,,,micropigmentação,"Ipanema - Rio de Janeiro, RJ",Ipanema,"R. Visc. de Pirajá, 303 - Ipanema, Rio de Janeiro - RJ, 22410-001",False,,5.0,
Face Design -Sobrancelhas / Micropigmentação - Taty Moura,21) 98824-9501,21) 98824-9501,,,micropigmentação,"Ipanema - Rio de Janeiro, RJ",Leblon,"R. Visc. de Pirajá, 156 - Leblon, Rio de Janeiro - RJ, 22410-000",False,,4.9,
MyLash Ipanema | Extensão de cílios,21) 96450-7215,21) 96450-7215,,,micropigmentação,"Ipanema - Rio de Janeiro, RJ",Ipanema,"R. Visc. de Pirajá, 207 - loja 307 - Ipanema, Rio de Janeiro - RJ, 22410-001",False,,4.8,
Alessia beauty room - Cílios Copacabana,21) 98272-8341,21) 98272-8341,,,micropigmentação,"Ipanema - Rio de Janeiro, RJ",RJ,"Av. Nossa Sra. de Copacabana, 807 - Sala 606 - Copacabana, Rio de Janeiro - RJ, 22050-002, Rio de Janeiro - RJ, 22041-011",False,,5.0,
Jorge Delmas Interiores,21) 3813-2309,,https://instagram.com/ateliercortinasmarciacosta?igshid=OGQ5ZDc2ODk2ZA==,,designer de interiores,"Ipanema - Rio de Janeiro, RJ",Ipanema,"Av. Rainha Elisabeth da Bélgica, 729 - 104 - Ipanema, Rio de Janeiro - RJ, 22081-041",False,,5.0,
Casa Redentor,21) 2135-1596,,https://instagram.com/ateliercortinasmarciacosta?igshid=OGQ5ZDc2ODk2ZA==,,designer de interiores,"Ipanema - Rio de Janeiro, RJ",Ipanema,"R. Redentor, 149 - Ipanema, Rio de Janeiro - RJ, 22421-030",False,,5.0,
Atelier de cortinas Márcia Costa | Ipanema,21) 99422-8689,21) 99422-8689,https://instagram.com/ateliercortinasmarciacosta?igshid=OGQ5ZDc2ODk2ZA==,,designer de interiores,"Ipanema - Rio de Janeiro, RJ",Ipanema,"Escritório - Atendimento a domicílio - R. Nascimento Silva, 4 - Ipanema, Rio de Janeiro - RJ, 22421-022",False,https://instagram.com/ateliercortinasmarciacosta?igshid=OGQ5ZDc2ODk2ZA==,5.0,
Finger Ipanema Ambientes Personalizados,,,https://instagram.com/ateliercortinasmarciacosta?igshid=OGQ5ZDc2ODk2ZA==,,designer de interiores,"Ipanema - Rio de Janeiro, RJ",Ipanema,"R. Visc. de Pirajá, 82 - Loja 206 - Ipanema, Rio de Janeiro - RJ, 22410-970",False,,4.8,
Spazio Associados,21) 3576-8687,,https://instagram.com/ateliercortinasmarciacosta?igshid=OGQ5ZDc2ODk2ZA==,,designer de interiores,"Ipanema - Rio de Janeiro, RJ",Ipanema,"R. Visc. de Pirajá, 351 - Ipanema, Rio de Janeiro - RJ, 22410-906",False,,4.5,
Personal Trainer Domiciliar Leblon - Paula Cavati,21) 98167-1616,21) 98167-1616,https://www.instagram.com/personal.williamaugusto?igsh=MXFnMHNiMTR1Nmh0bg==&utm_source=qr,,personal trainer,"Ipanema - Rio de Janeiro, RJ",Ipanema,"R. Nascimento Silva, 81 - Ipanema, Rio de Janeiro - RJ, 22421-025",False,,5.0,
PERSONAL TRAINER WILLIAM AUGUSTO,21) 97217-2833,21) 97217-2833,https://www.instagram.com/personal.williamaugusto?igsh=MXFnMHNiMTR1Nmh0bg==&utm_source=qr,,personal trainer,"Ipanema - Rio de Janeiro, RJ",Ipanema,"R. Visc. de Pirajá, 525 - loja C - Ipanema, Rio de Janeiro - RJ, 22410-003",False,https://www.instagram.com/personal.williamaugusto?igsh=MXFnMHNiMTR1Nmh0bg==&utm_source=qr,5.0,
Personal Trainer André,,,https://www.instagram.com/personal.williamaugusto?igsh=MXFnMHNiMTR1Nmh0bg==&utm_source=qr,,personal trainer,"Ipanema - Rio de Janeiro, RJ",Ipanema,"R. Barão da Torre, 398 - Ipanema, Rio de Janeiro - RJ, 22411-002",False,,5.0,
Arena 21 - Academia na Praia de Ipanema,21) 98978-4831,https://api.whatsapp.com/send/?phone=5521989784831&text&type=phone_number&app_absent=0,https://www.instagram.com/personal.williamaugusto?igsh=MXFnMHNiMTR1Nmh0bg==&utm_source=qr,,personal trainer,"Ipanema - Rio de Janeiro, RJ",Ipanema,"Av. Vieira Souto, 712 - Posto 10 - Ipanema, Rio de Janeiro - RJ, 22420-012",False,https://www.instagram.com/arena21.ct/,5.0,
Claudinho personal,,,https://www.instagram.com/personal.williamaugusto?igsh=MXFnMHNiMTR1Nmh0bg==&utm_source=qr,,personal trainer,"Ipanema - Rio de Janeiro, RJ",Ipanema,"R. Barão da Torre, 404 - Ipanema, Rio de Janeiro - RJ, 22411-002",False,,5.0,
vbfuncional Ipanema,21) 99391-0806,21) 99391-0806,https://www.instagram.com/personal.williamaugusto?igsh=MXFnMHNiMTR1Nmh0bg==&utm_source=qr,,personal trainer,"Ipanema - Rio de Janeiro, RJ",Ipanema,"Av. Vieira Souto, 486 - Ipanema, Rio de Janeiro - RJ, 22420-006",False,https://www.instagram.com/vbfuncional/profilecard/?igsh=NHducTZxcjYxbHhw,5.0,
Treino na Areia,21) 99818-5949,21) 99818-5949,https://www.instagram.com/personal.williamaugusto?igsh=MXFnMHNiMTR1Nmh0bg==&utm_source=qr,,personal trainer,"Ipanema - Rio de Janeiro, RJ",Ipanema,"Preparador Físico - Av. Vieira Souto, 460 - Ipanema, Rio de Janeiro - RJ, 22420-002",False,,4.6,
Leandro Huguenin Personal Trainer,21) 99542-6637,21) 99542-6637,https://www.instagram.com/personal.williamaugusto?igsh=MXFnMHNiMTR1Nmh0bg==&utm_source=qr,,personal trainer,"Ipanema - Rio de Janeiro, RJ",Leblon,"Praia Estacao de exercicios na calçada da praia - Av. Delfim Moreira, 12 - Leblon, Rio de Janeiro - RJ, 22441-000",False,,5.0,
Gaspar - Personal Trainer Ipanema/Leblon,21) 98560-1179,21) 98560-1179,https://www.instagram.com/personal.williamaugusto?igsh=MXFnMHNiMTR1Nmh0bg==&utm_source=qr,,personal trainer,"Ipanema - Rio de Janeiro, RJ",Leblon,"Ipanema Ipanema - Leblon, Rio de Janeiro - RJ, 22410-000",False,,5.0,
Muscle Memory Fitness,44 7727 280965,,https://www.instagram.com/personal.williamaugusto?igsh=MXFnMHNiMTR1Nmh0bg==&utm_source=qr,,personal trainer,"Ipanema - Rio de Janeiro, RJ",Ipanema,"Praça General Osório - Ipanema, Rio de Janeiro - RJ, 22410-020",False,,,
Túllio Vitiello - Personal Trainer,21) 92000-4172,21) 92000-4172,https://www.instagram.com/personal.williamaugusto?igsh=MXFnMHNiMTR1Nmh0bg==&utm_source=qr,,personal trainer,"Ipanema - Rio de Janeiro, RJ",Ipanema,"R. Visc. de Pirajá, 161 - Ipanema, Rio de Janeiro - RJ, 22410-001",False,https://www.instagram.com/tulliovitiellopersonal/,5.0,
Academia Ipanema,21) 99480-6584,21) 99480-6584,https://www.instagram.com/personal.williamaugusto?igsh=MXFnMHNiMTR1Nmh0bg==&utm_source=qr,,personal trainer,"Ipanema - Rio de Janeiro, RJ",Ipanema,"R. Joana Angélica, 116 - Quinto andar - Ipanema, Rio de Janeiro - RJ, 22421-001",False,,5.0,
Centro Médico Samaritano Ipanema,21) 3820-4444,,,,consultório,"Ipanema - Rio de Janeiro, RJ",Ipanema,"R. Farme de Amoedo, 86 - Ipanema, Rio de Janeiro - RJ, 22420-020",False,,3.7,
AlergoLife - Clínica de Alergia | Ipanema,21) 3217-1747,https://api.whatsapp.com/send?phone=5521933007000&text=Ol%C3%A1%2C%20gostaria%20de%20marcar%20uma%20consulta&source=&data=,,,consultório,"Ipanema - Rio de Janeiro, RJ",Ipanema,"Rua Visconde de Pirajá, 547 Grupo 605 - Ipanema 2000 - Ipanema, Rio de Janeiro - RJ, 22410-900",False,,5.0,
Dr. Alan Mekler,21) 98826-2616,21) 98826-2616,,,consultório,"Ipanema - Rio de Janeiro, RJ",Ipanema,"R. Visc. de Pirajá, 82 - Sala 1010 - Ipanema, Rio de Janeiro - RJ, 22410-003",False,,4.9,
Clínica Viviane Lang,21) 99682-6109,21) 99682-6109,,,consultório,"Ipanema - Rio de Janeiro, RJ",Ipanema,"R. Visc. de Pirajá, 407 - sala 307 - Ipanema, Rio de Janeiro - RJ, 22410-003",False,,5.0,
"RlB Clinique Leblon - Medicina Capilar, Tricologia, Dermatologia e Endocrinologia",21) 99431-3576,21) 99431-3576,https://www.instagram.com/rlbcliniqueleblon,,clínica de estética,"Leblon - Rio de Janeiro, RJ",Leblon,"Avenida Ataulfo de Paiva, 135 Sala 216, 217 e 218 - Leblon, Rio de Janeiro - RJ, 22440-030",False,https://www.instagram.com/rlbcliniqueleblon/,5.0,
Clínica Mariz - Medicina de Resultados,21) 98772-6525,21) 98772-6525,https://www.instagram.com/rlbcliniqueleblon,,clínica de estética,"Leblon - Rio de Janeiro, RJ",Leblon,"Rua Carlos Góis, 375/601 - Leblon, Rio de Janeiro - RJ, 22440-040",False,,5.0,
Glaci Fernandes Estética e Bem-Estar,21) 96607-7030,21) 96607-7030,https://www.instagram.com/rlbcliniqueleblon,,clínica de estética,"Leblon - Rio de Janeiro, RJ",Leblon,"Av. Ataulfo de Paiva, 566 - sala 310 - Leblon, Rio de Janeiro - RJ, 22440-032",False,,5.0,
Crystalle Leblon,21) 96645-9304,21) 96645-9304,https://www.instagram.com/rlbcliniqueleblon,,clínica de estética,"Leblon - Rio de Janeiro, RJ",Leblon,"Galeria Bandeirante - Av. Ataulfo de Paiva, 725 - Loja J - Leblon, Rio de Janeiro - RJ, 22440-032",False,,5.0,
Clínica de estética,,,https://www.instagram.com/rlbcliniqueleblon,,clínica de estética,"Leblon - Rio de Janeiro, RJ",Leblon,"R. Codajás - Leblon, Rio de Janeiro - RJ, 22793-260",False,,,
Studio Lu Rech - Leblon,21) 3502-9699,,https://www.instagram.com/rlbcliniqueleblon,,clínica de estética,"Leblon - Rio de Janeiro, RJ",Leblon,"Galeria do Teatro Leblon - Rua Conde de Bernadotte, 26 - Loja 110 - Leblon, Rio de Janeiro - RJ, 22430-200",False,http://instagram.com/studiolurech,4.9,
Dra. Francine Vieira | Harmonização facial no Leblon,21) 99543-1993,21) 99543-1993,https://www.instagram.com/rlbcliniqueleblon,,clínica de estética,"Leblon - Rio de Janeiro, RJ",Leblon,"Av. Ataulfo de Paiva, 391 - Leblon, Rio de Janeiro - RJ, 22440-032",False,https://www.instagram.com/drafrancinevieira/,5.0,
4U Studio Leblon,21) 3591-8384,,https://www.instagram.com/rlbcliniqueleblon,,clínica de estética,"Leblon - Rio de Janeiro, RJ",Leblon,"Vitrine do Leblon - Av. Ataulfo de Paiva, 1079 - Loja 108 - Leblon, Rio de Janeiro - RJ, 22440-034",False,https://www.instagram.com/4ustudioleblon/?utm_source=ig_web_button_share_sheet&igshid=OGQ5ZDc2ODk2ZA==,4.9,
Damier Clinique,21) 98987-6153,21) 98987-6153,https://www.instagram.com/rlbcliniqueleblon,,clínica de estética,"Leblon - Rio de Janeiro, RJ",Leblon,"R. Cupertino Durão, 81 - sala 2 - Leblon, Rio de Janeiro - RJ, 22441-030",False,,5.0,
Beauty Laser clínica de dermatologia e estética,21) 2529-6192,,https://www.instagram.com/rlbcliniqueleblon,,clínica de estética,"Leblon - Rio de Janeiro, RJ",Leblon,"Edifício Leblon Medical Center - Rua Carlos Góis, 375 - sl 603 - Leblon, Rio de Janeiro - RJ, 22440-040",False,,5.0,
Salão de Beleza TP Beauty Lounge,21) 2051-3585,https://api.whatsapp.com/send?phone=5521996965668,,,salão premium,"Leblon - Rio de Janeiro, RJ",Leblon,"R. Gen. Urquiza, 132 - Leblon, Rio de Janeiro - RJ, 22431-040",False,,4.6,
Werner Leblon,21) 2259-9599,,,,salão premium,"Leblon - Rio de Janeiro, RJ",Leblon,"Av. Ataulfo de Paiva, 386 - Loja B - Leblon, Rio de Janeiro - RJ, 22440-033",False,,4.6,
Studio Vitrinni Beauty Experience,21) 3358-9340,,https://www.instagram.com/studiovitrinni,,salão premium,"Leblon - Rio de Janeiro, RJ",Leblon,"Av. Ataulfo de Paiva, 1079 - Loja 117 Subsolo - Leblon, Rio de Janeiro - RJ, 22440-034",False,https://instagram.com/studiovitrinni,5.0,
Studio Leblon,21) 99652-7627,21) 99652-7627,,,salão premium,"Leblon - Rio de Janeiro, RJ",Leblon,"Av. Gen. San Martin, 1062 - Leblon, Rio de Janeiro - RJ, 22441-014",False,,4.6,
Beauty Room International,21) 98296-6930,5521982966930,,,salão premium,"Leblon - Rio de Janeiro, RJ",Leblon,"Av. Ataulfo de Paiva, 1174 - sl 07 - Leblon, Rio de Janeiro - RJ, 22440-035",False,,5.0,
Salão Bellíssima,21) 2274-7590,,https://www.instagram.com/salaobellissima,,salão premium,"Leblon - Rio de Janeiro, RJ",Leblon,"Av. Ataulfo de Paiva, 706 - Leblon, Rio de Janeiro - RJ, 22440-033",False,https://www.instagram.com/salaobellissima/,4.7,
Camarim Coiffeur,21) 2259-6799,,,,salão premium,"Leblon - Rio de Janeiro, RJ",Leblon,"Av. Ataulfo de Paiva, 725 - loja F - Leblon, Rio de Janeiro - RJ, 22440-033",False,,5.0,
STUDIO QUARTZO,21) 96642-3531,21) 96642-3531,,,salão premium,"Leblon - Rio de Janeiro, RJ",Leblon,"Av. Ataulfo de Paiva, 566/302 - Leblon, Rio de Janeiro - RJ, 22440-033",False,,5.0,
Shopping Vitrine do Leblon,21) 2294-3395,,,,salão premium,"Leblon - Rio de Janeiro, RJ",Leblon,"Av. Ataulfo de Paiva, 1079 - Leblon, Rio de Janeiro - RJ, 22440-035",False,,4.3,
Salão de Beleza TH Beauty Lounge,21) 2294-0487,,,,salão premium,"Leblon - Rio de Janeiro, RJ",Leblon,"Rua Carlos Góis, 234 - Loja D - Leblon, Rio de Janeiro - RJ, 22440-040",False,,4.8,
Unha Perfeita,21) 2512-9836,,https://www.instagram.com/unhaperfeita,,salão premium,"Leblon - Rio de Janeiro, RJ",Leblon,"Av. Ataulfo de Paiva, 135 - sl. 212 - Leblon, Rio de Janeiro - RJ, 22440-032",False,http://instagram.com/unhaperfeita,4.7,
Boteco Princesa,11) 3368-6863,,,,salão premium,"Leblon - Rio de Janeiro, RJ",Leblon,"R. João Líra, 148 - Leblon, Rio de Janeiro - RJ, 22430-210",False,,4.7,
Barbearia Corte das Estrelas,21) 97959-1640,21) 97959-1640,,,barbearia premium,"Leblon - Rio de Janeiro, RJ",Vila São Luis,"R. Santo Antônio, 340 - Vila São Luis, Duque de Caxias - RJ, 25065-051",False,,4.9,
Barbearia Bonaparte - Shopping Leblon,21) 3190-0581,,https://instagram.com/bonapartebarbearia,,barbearia premium,"Leblon - Rio de Janeiro, RJ",Leblon,"Av. Afrânio de Melo Franco, 290 - Loja 18a - Leblon, Rio de Janeiro - RJ, 22430-060",False,https://instagram.com/bonapartebarbearia,4.9,
Prime Barber e Beer,21) 3577-3602,,,,barbearia premium,"Leblon - Rio de Janeiro, RJ",Barra da Tijuca,"Shopping Novo Leblon - Av. das Américas, 7607 - Loja 134 - Barra da Tijuca, Rio de Janeiro - RJ, 22793-081",False,,4.6,
Orlion barbearia premium,21) 97541-5868,21) 97541-5868,,,barbearia premium,"Leblon - Rio de Janeiro, RJ",Penha,"R. Afonso Ribeiro, 394 - Loja c - Penha, Rio de Janeiro - RJ, 21021-000",False,,5.0,
Barbearia Leblon,21) 3325-8170,,https://www.instagram.com/barbearia_leblonrj,,barbearia premium,"Leblon - Rio de Janeiro, RJ",Leblon,"R. José Linhares, 79 - Leblon, Rio de Janeiro - RJ, 22430-220",False,https://www.instagram.com/barbearia_leblonrj/,5.0,
Barbearia Premium,,,https://www.instagram.com/jldocorte,,barbearia premium,"Leblon - Rio de Janeiro, RJ",Taquara,"R. do Caule, 12 - Taquara, Rio de Janeiro - RJ, 22713-582",False,https://www.instagram.com/jldocorte/,4.9,
DG BARBER PREMIUM,21) 98686-4144,21) 98686-4144,,,barbearia premium,"Leblon - Rio de Janeiro, RJ",Jardim Palmares,"R. das Mangueiras, 123 - Jardim Palmares, Nova Iguaçu - RJ, 26277-610",False,,5.0,
NAVALHA PREMIUM BARBEARIA,,,,,barbearia premium,"Leblon - Rio de Janeiro, RJ",Manguinhos,"R. Uranos, 1206 - Manguinhos, Rio de Janeiro - RJ, 21060-070",False,,5.0,
Barber Club Premium,21) 97396-3604,21) 97396-3604,,,barbearia premium,"Leblon - Rio de Janeiro, RJ",Vila Santa Alice,"R. Wilson de Araújo, 286 - Vila Santa Alice, Duque de Caxias - RJ, 25245-710",False,,5.0,
Península Barber Club,21) 3640-0653,,,,barbearia premium,"Leblon - Rio de Janeiro, RJ",Barra da Tijuca,"Av. João Cabral de Mello Neto, 610 - SALA 1103 - Barra da Tijuca, Rio de Janeiro - RJ, 22775-057",False,,5.0,
Barbados Barbearia Premium,21) 97466-2553,21) 97466-2553,,,barbearia premium,"Leblon - Rio de Janeiro, RJ",Senador Vasconcelos,"Av. Cesário de Melo, 375 - Senador Vasconcelos, Rio de Janeiro - RJ, 23085-110",False,,4.9,
Barbearia & Studio AL,21) 99748-8523,21) 99748-8523,,,barbearia premium,"Leblon - Rio de Janeiro, RJ",Centro,"Galeria do Edifício Ônix - Rua do Ouvidor, 130 - Lojas, L & M - Centro, Rio de Janeiro - RJ, 20040-030",False,,5.0,
Rosane Haber Dentista Emergência,21) 98859-5557,5521980806711,https://www.instagram.com/marciabarbozaodontologia/?hl=en,,dentista,"Leblon - Rio de Janeiro, RJ",Leblon,"Av. Ataulfo de Paiva, 135 - Leblon, Rio de Janeiro - RJ, 22431-010",False,,4.7,
Clínica Marcia Barboza Odontologia Integrada,21) 2569-9910,5521980806711,https://www.instagram.com/marciabarbozaodontologia/?hl=en,,dentista,"Leblon - Rio de Janeiro, RJ",Leblon,"Av. Ataulfo de Paiva, 255 - sala 204 - Leblon, Rio de Janeiro - RJ, 22440-032",False,https://www.instagram.com/marciabarbozaodontologia/?hl=en,5.0,
Dra Carolina Fernandez | Odontologia,21) 99979-6076,5521980806711,https://www.instagram.com/marciabarbozaodontologia/?hl=en,,dentista,"Leblon - Rio de Janeiro, RJ",Leblon,"R. Gen. Urquiza, 67 - sala 9 - Leblon, Rio de Janeiro - RJ, 22431-040",False,,5.0,
Odonto Face,21) 99373-2467,5521980806711,https://www.instagram.com/marciabarbozaodontologia/?hl=en,,dentista,"Leblon - Rio de Janeiro, RJ",Leblon,"Rua Almirante Guilhem, 366 - 4 Andar - Leblon, Rio de Janeiro - RJ, 22440-000",False,,5.0,
Psicóloga Jaqueline Reis,21) 98073-1111,21) 98073-1111,https://www.instagram.com/psianaleticiamendes?igsh=MTEzYm43dnBuMWoxaA%3D%3D&utm_source=qr,,psicólogo,"Leblon - Rio de Janeiro, RJ",Copacabana,"Av. Nossa Sra. de Copacabana, 960 - Copacabana, Rio de Janeiro - RJ, 22060-002",False,,5.0,
Psicóloga Ana Letícia Mendes,21) 99578-2650,21) 99578-2650,https://www.instagram.com/psianaleticiamendes?igsh=MTEzYm43dnBuMWoxaA%3D%3D&utm_source=qr,,psicólogo,"Leblon - Rio de Janeiro, RJ",Copacabana,"Av. Nossa Sra. de Copacabana, 647 - Copacabana, Rio de Janeiro - RJ, 22050-002",False,https://www.instagram.com/psianaleticiamendes?igsh=MTEzYm43dnBuMWoxaA%3D%3D&utm_source=qr,5.0,
IPC Clínica Psicológica Leblon Tradição Desde 1982,,,https://www.instagram.com/psianaleticiamendes?igsh=MTEzYm43dnBuMWoxaA%3D%3D&utm_source=qr,,psicólogo,"Leblon - Rio de Janeiro, RJ",Leblon,"R. Alm. Pereira Guimarães, 72 - Leblon, Rio de Janeiro - RJ, 22440-005",False,,5.0,
Ana Paula Tavares | Psicóloga Clinica | Copacabana - RJ,21) 99348-9889,21) 99348-9889,https://www.instagram.com/psianaleticiamendes?igsh=MTEzYm43dnBuMWoxaA%3D%3D&utm_source=qr,,psicólogo,"Leblon - Rio de Janeiro, RJ",Copacabana,"Av. Nossa Sra. de Copacabana, 330 - Copacabana, Rio de Janeiro - RJ, 22020-001",False,,5.0,
Psicologa Michele Nascimento,21) 98215-6324,21) 98215-6324,https://www.instagram.com/psianaleticiamendes?igsh=MTEzYm43dnBuMWoxaA%3D%3D&utm_source=qr,,psicólogo,"Leblon - Rio de Janeiro, RJ",Copacabana,"Nossa Senhora de Copacabana - Copacabana, Rio de Janeiro - RJ, 22060-022",False,,5.0,
Psicóloga Cléa Rawcz l Online e Presencial,21) 98432-2294,21) 98432-2294,https://www.instagram.com/psianaleticiamendes?igsh=MTEzYm43dnBuMWoxaA%3D%3D&utm_source=qr,,psicólogo,"Leblon - Rio de Janeiro, RJ",Copacabana,"R. Barata Ribeiro, 383 - sala 505 - Copacabana, Rio de Janeiro - RJ, 22040-001",False,,5.0,
Psicóloga Gabriella Chomentowski Pereira,21) 99500-8741,21) 99500-8741,https://www.instagram.com/psianaleticiamendes?igsh=MTEzYm43dnBuMWoxaA%3D%3D&utm_source=qr,,psicólogo,"Leblon - Rio de Janeiro, RJ",Copacabana,"Rua Siqueira Campos, 53 - Sala 405 - Copacabana, Rio de Janeiro - RJ, 22031-071",False,https://www.instagram.com/psi.gabriellacp,5.0,
Psicóloga Adriana Andrade | Copacabana | TCC,21) 98215-6388,21) 98215-6388,https://www.instagram.com/psianaleticiamendes?igsh=MTEzYm43dnBuMWoxaA%3D%3D&utm_source=qr,,psicólogo,"Leblon - Rio de Janeiro, RJ",Copacabana,"R. Santa Clara, 50 - Copacabana, Rio de Janeiro - RJ, 22041-010",False,,5.0,
Nutricionista no Leblon | Zona Sul RJ - Jéssica Emerentino,21) 97094-0262,5521970940262,https://instagram.com/nutri.juliacaufour,,nutricionista,"Leblon - Rio de Janeiro, RJ",Leblon,"Av. Ataulfo de Paiva, 482 - Leblon, Rio de Janeiro - RJ, 22440-032",False,,5.0,
Julia Caufour – Nutricionista no Leblon,,,https://instagram.com/nutri.juliacaufour,,nutricionista,"Leblon - Rio de Janeiro, RJ",Leblon,"Av. Ataulfo de Paiva, n° 135 - sala 216 - Leblon, Rio de Janeiro - RJ, 22440-030",False,https://instagram.com/nutri.juliacaufour,5.0,
Krisna Rizzo,,,https://instagram.com/nutri.juliacaufour,,nutricionista,"Leblon - Rio de Janeiro, RJ",Leblon,"Av. Ataulfo de Paiva, 1079 - Sala 210 - Leblon, Rio de Janeiro - RJ, 22440-034",False,,5.0,
Nutricionista Priscila Facundo,21) 97513-5287,21) 97513-5287,https://instagram.com/nutri.juliacaufour,,nutricionista,"Leblon - Rio de Janeiro, RJ",Leblon,"Vitrine do Leblon - Av. Ataulfo de Paiva, 1079 - Sala 1101 - Leblon, Rio de Janeiro - RJ, 22440-035",False,https://www.instagram.com/priscilafacundonutri/,5.0,
Nutricionista Dra. Fernanda Oliveira,22) 99216-0565,22) 99216-0565,https://instagram.com/nutri.juliacaufour,,nutricionista,"Leblon - Rio de Janeiro, RJ",Leblon,"Av: Ataufo de Paiva, 226 - Sala 601 - Leblon, Rio de Janeiro - RJ, 22440-033",False,https://www.instagram.com/nutri_fernanda_oliveira/,5.0,
Nutricionista Ana Carolina Arnhold,21) 99517-8610,5521995178610,https://instagram.com/nutri.juliacaufour,,nutricionista,"Leblon - Rio de Janeiro, RJ",Leblon,"Consultório B - Av. Ataulfo de Paiva, 204 - Sala 808 - Leblon, Rio de Janeiro - RJ, 22440-033",False,https://www.instagram.com/nutrianacarolarnhold/,5.0,
Dra. Cilene Gonçalves,21) 2239-7040,,https://instagram.com/nutri.juliacaufour,,nutricionista,"Leblon - Rio de Janeiro, RJ",Leblon,"Av. Ataulfo de Paiva, 255 - Sala 702 - Leblon, Rio de Janeiro - RJ, 22440-033",False,,5.0,
Nutricionista Elaine Bento - Renal e Emagrecimento RJ e Online,21) 96666-4165,21) 96666-4165,https://instagram.com/nutri.juliacaufour,,nutricionista,"Leblon - Rio de Janeiro, RJ",Leblon,"Pilares - Em frente ao Norte Shopping - Av. Ataulfo de Paiva, 135 , sala 1418, Rua José Bonifacio, 1050 - Bloco 1 sala 1115 - Leblon, Rio de Janeiro - RJ, 22440-901",False,https://www.instagram.com/nutrielainebentoo?igsh=amZ2Z3g5YjljZHJj,5.0,
HP Fisioterapia,21) 99879-2232,5521996173172,https://www.instagram.com/hp.fisioterapia,,fisioterapeuta,"Leblon - Rio de Janeiro, RJ",Leblon,"R. Gen. Venâncio Flores, 305 - sala 702 - Leblon, Rio de Janeiro - RJ, 22441-090",False,https://www.instagram.com/hp.fisioterapia/,4.9,
Clínica Dieny Moutinho Fisioterapia Especializada,21) 2274-7457,5521996173172,https://www.instagram.com/hp.fisioterapia,,fisioterapeuta,"Leblon - Rio de Janeiro, RJ",Leblon,"R. Gen. Venâncio Flores, 305 - 607 - Leblon, Rio de Janeiro - RJ, 22441-090",False,,5.0,
Fisioterapia RPG,21) 2511-3111,5521996173172,https://www.instagram.com/hp.fisioterapia,,fisioterapeuta,"Leblon - Rio de Janeiro, RJ",Leblon,"Rua Dias Ferreira, 359 - Leblon, Rio de Janeiro - RJ, 22431-030",False,,4.7,
Kamilla Leão Pilates Clássico Leblon Rio de Janeiro,21) 98159-3720,5521996173172,https://www.instagram.com/hp.fisioterapia,,fisioterapeuta,"Leblon - Rio de Janeiro, RJ",Leblon,"R. Gen. Venâncio Flores, 305 - Sala 406 - Leblon, Rio de Janeiro - RJ, 22441-090",False,https://www.instagram.com/kamillaleao.pilatesclassico/,5.0,
"Clínica Dra Patricia Guimarães | Fisioterapia, Pilates e Spa",21) 98320-4376,5521996173172,https://www.instagram.com/hp.fisioterapia,,fisioterapeuta,"Leblon - Rio de Janeiro, RJ",Leblon,"Av Ataulfo de Paiva,135 Loja 301 - 3º Andar (21, 98320-4376 - Leblon, Rio de Janeiro - RJ, 22440-032",False,https://www.instagram.com/pguimaraesfisio/,5.0,
"Dra. Nicoli Greco - Osteopatia, Fisioterapia Pélvica e Acupuntura - Leblon/RJ",21) 97594-3632,5521996173172,https://www.instagram.com/hp.fisioterapia,,fisioterapeuta,"Leblon - Rio de Janeiro, RJ",Leblon,"Rua Almirante Guilhem, 366 - 5º andar - Leblon, Rio de Janeiro - RJ, 22440-000",False,https://www.instagram.com/fisionicoligreco/,5.0,
Dra. Ana Carolina Batista Ezequiel - Fisioterapia Dermatofuncional,21) 97080-9938,5521996173172,https://www.instagram.com/hp.fisioterapia,,fisioterapeuta,"Leblon - Rio de Janeiro, RJ",Leblon,"Av. Ataulfo de Paiva, 341 - sala: 201 - Leblon, Rio de Janeiro - RJ, 22440-032",False,https://instagram.com/fisioanacarolinaezequiel?igshid=YTQwZjQ0NmI0OA==,5.0,
Studio Phoenix Leblon,21) 99912-6256,21) 99912-6256,,,pilates,"Leblon - Rio de Janeiro, RJ",Leblon,"Av. Ataulfo de Paiva, 255 - sala 706 - Leblon, Rio de Janeiro - RJ, 22440-032",False,,5.0,
Kamilla Leão Pilates Clássico Leblon Rio de Janeiro,21) 98159-3720,21) 98159-3720,https://www.instagram.com/kamillaleao.pilatesclassico,,pilates,"Leblon - Rio de Janeiro, RJ",Leblon,"R. Gen. Venâncio Flores, 305 - Sala 406 - Leblon, Rio de Janeiro - RJ, 22441-090",False,https://www.instagram.com/kamillaleao.pilatesclassico/,5.0,
Vértice Pilates - Pilates no Leblon Rio de Janeiro,21) 97030-5574,21) 97030-5574,,,pilates,"Leblon - Rio de Janeiro, RJ",Leblon,"Av. Ataulfo de Paiva, 341 - 310 - Leblon, Rio de Janeiro - RJ, 22440-032",False,,4.7,
Espaço Único,21) 99975-1969,21) 99975-1969,,,pilates,"Leblon - Rio de Janeiro, RJ",Leblon,"Rua - Av. Ataulfo de Paiva, 1175 - sala 302 - Leblon, Rio de Janeiro - RJ, 22440-034",False,,5.0,
Daniel Ferraz Treinamento Funcional,21) 99497-3177,21) 99497-3177,,,pilates,"Leblon - Rio de Janeiro, RJ",Leblon,"Av. Gen. San Martin, 1002 - 201A - Leblon, Rio de Janeiro - RJ, 22441-014",False,,5.0,
Studio ON Pilates,21) 96510-0848,21) 96510-0848,,,pilates,"Leblon - Rio de Janeiro, RJ",Rocinha,"Subida do Doutor Mário( ao lado do bar recanto dos amigos - Estr. da Gávea, 454 - bloco 5 - Rocinha, Rio de Janeiro - RJ, 22450-260",False,,5.0,
Centro de Terapias Integradas - CTI - Leblon,21) 98803-9914,21) 98803-9914,,,pilates,"Leblon - Rio de Janeiro, RJ",Leblon,"R. Gen. Urquiza, 128 - sl 201 - Leblon, Rio de Janeiro - RJ, 22431-040",False,,5.0,
XN Leblon | Studio Personal | Academia de Alto Padrão,21) 97207-5069,5521972075069,,,academia boutique,"Leblon - Rio de Janeiro, RJ",Leblon,"R. Juquiá, 61 - loja E - Leblon, Rio de Janeiro - RJ, 22441-080",False,,4.4,
"STUDIO DE PILATES LAMARC, aulas de pilates, fisioterapia, psicologia.",21) 97323-5301,21) 97323-5301,https://www.instagram.com/studiodepilateslamarc?igsh=ZHBtdmpudTQxcGh6,,academia boutique,"Leblon - Rio de Janeiro, RJ",Barra da Tijuca,"UNIDADE Shop. Novo Leblon - Estrada dos Bandeirantes 8100 Camorim. Unidade IRON FIT RJ, Av. das Américas, 7607 - LOJA 218 - Barra da Tijuca, Rio de Janeiro - RJ, 22783-119",False,https://www.instagram.com/studiodepilateslamarc?igsh=ZHBtdmpudTQxcGh6,5.0,
Studio Phoenix Leblon,21) 99912-6256,21) 99912-6256,,,academia boutique,"Leblon - Rio de Janeiro, RJ",Leblon,"Av. Ataulfo de Paiva, 255 - sala 706 - Leblon, Rio de Janeiro - RJ, 22440-032",False,,5.0,
Athletic School Leblon,21) 98032-1220,21) 98032-1220,,,academia boutique,"Leblon - Rio de Janeiro, RJ",Leblon,"na areia da praia do Leblon - Av. Delfim Moreira, 180 - Leblon, Rio de Janeiro - RJ, 22441-000",False,,5.0,
NBFit Leblon,21) 99260-8982,21) 99260-8982,https://instagram.com/nbfit_academia_leblon?igshid=MzRlODBiNWFlZA==,,academia boutique,"Leblon - Rio de Janeiro, RJ",Leblon,"Av. Ataulfo de Paiva, 566 - sobreloja 305 - Leblon, Rio de Janeiro - RJ, 22440-033",False,https://instagram.com/nbfit_academia_leblon?igshid=MzRlODBiNWFlZA==,5.0,
Daniel Ferraz Treinamento Funcional,21) 99497-3177,21) 99497-3177,,,academia boutique,"Leblon - Rio de Janeiro, RJ",Leblon,"Av. Gen. San Martin, 1002 - 201A - Leblon, Rio de Janeiro - RJ, 22441-014",False,,5.0,
Studio Lu Rech - Leblon,21) 3502-9699,,http://instagram.com/studiolurech,,studio de sobrancelha,"Leblon - Rio de Janeiro, RJ",Leblon,"Galeria do Teatro Leblon - Rua Conde de Bernadotte, 26 - Loja 110 - Leblon, Rio de Janeiro - RJ, 22430-200",False,http://instagram.com/studiolurech,4.9,
MyLash Leblon,21) 3437-7914,,https://www.instagram.com/mylash.leblon.rj,,studio de sobrancelha,"Leblon - Rio de Janeiro, RJ",Leblon,"Av. Ataulfo de Paiva, 566 - sobreloja 203 - Leblon, Rio de Janeiro - RJ, 22440-033",False,https://www.instagram.com/mylash.leblon.rj,4.8,
Mar Beauty Studio,21) 99962-6468,21) 99962-6468,,,studio de sobrancelha,"Leblon - Rio de Janeiro, RJ",Leblon,"Rua Carlos Góis, 141 - Leblon, Rio de Janeiro - RJ, 22440-040",False,,5.0,
Studio Leblon,21) 99652-7627,21) 99652-7627,,,studio de sobrancelha,"Leblon - Rio de Janeiro, RJ",Leblon,"Av. Gen. San Martin, 1062 - Leblon, Rio de Janeiro - RJ, 22441-014",False,,4.6,
Face Design -Sobrancelhas / Micropigmentação - Taty Moura,21) 98824-9501,21) 98824-9501,,,studio de sobrancelha,"Leblon - Rio de Janeiro, RJ",Leblon,"R. Visc. de Pirajá, 156 - Leblon, Rio de Janeiro - RJ, 22410-000",False,,4.9,
Walter's Coiffeur Leblon - by Blessed Beauty e Cia,21) 96736-2323,21) 96736-2323,https://www.instagram.com/blessedb.cia,,studio de sobrancelha,"Leblon - Rio de Janeiro, RJ",Leblon,"Av. Bartolomeu Mitre, 792 - Leblon, Rio de Janeiro - RJ, 22431-000",False,https://www.instagram.com/blessedb.cia/,5.0,
Werner Leblon,21) 2259-9599,,,,studio de sobrancelha,"Leblon - Rio de Janeiro, RJ",Leblon,"Av. Ataulfo de Paiva, 386 - Loja B - Leblon, Rio de Janeiro - RJ, 22440-033",False,,4.6,
Salão de Beleza TP Beauty Lounge,21) 2051-3585,https://api.whatsapp.com/send?phone=5521996965668,,,studio de sobrancelha,"Leblon - Rio de Janeiro, RJ",Leblon,"R. Gen. Urquiza, 132 - Leblon, Rio de Janeiro - RJ, 22431-040",False,,4.6,
Salão de Beleza TH Beauty Lounge,21) 2294-0487,,,,studio de sobrancelha,"Leblon - Rio de Janeiro, RJ",Leblon,"Rua Carlos Góis, 234 - Loja D - Leblon, Rio de Janeiro - RJ, 22440-040",False,,4.8,
Espaço Léo Lopes,21) 98906-7852,https://api.whatsapp.com/send?phone=5521989067852,http://instagram.com/espacoleolopesoficial,,studio de sobrancelha,"Leblon - Rio de Janeiro, RJ",Leblon,"Av. Ataulfo de Paiva, 696 - Loja A - Leblon, Rio de Janeiro - RJ, 22440-033",False,http://instagram.com/espacoleolopesoficial,4.3,
MyLash Leblon,21) 3437-7914,,https://www.instagram.com/mylash.leblon.rj,,studio de cílios,"Leblon - Rio de Janeiro, RJ",Leblon,"Av. Ataulfo de Paiva, 566 - sobreloja 203 - Leblon, Rio de Janeiro - RJ, 22440-033",False,https://www.instagram.com/mylash.leblon.rj,4.8,
Studio Lu Rech - Leblon,21) 3502-9699,,http://instagram.com/studiolurech,,studio de cílios,"Leblon - Rio de Janeiro, RJ",Leblon,"Galeria do Teatro Leblon - Rua Conde de Bernadotte, 26 - Loja 110 - Leblon, Rio de Janeiro - RJ, 22430-200",False,http://instagram.com/studiolurech,4.9,
Mar Beauty Studio,21) 99962-6468,21) 99962-6468,,,studio de cílios,"Leblon - Rio de Janeiro, RJ",Leblon,"Rua Carlos Góis, 141 - Leblon, Rio de Janeiro - RJ, 22440-040",False,,5.0,
Hozi Rocha - Lash Designer,21) 98396-4588,21) 98396-4588,https://www.instagram.com/hozi.lashdesigner?igsh=ajcwa2ZkN3Bicjl4,,studio de cílios,"Leblon - Rio de Janeiro, RJ",Vidigal,"R. Maj. Toja Martinez Filho, 149 B - Vidigal, Rio de Janeiro - RJ, 22450-270",False,https://www.instagram.com/hozi.lashdesigner?igsh=ajcwa2ZkN3Bicjl4,5.0,
Studio Leblon,21) 99652-7627,21) 99652-7627,,,studio de cílios,"Leblon - Rio de Janeiro, RJ",Leblon,"Av. Gen. San Martin, 1062 - Leblon, Rio de Janeiro - RJ, 22441-014",False,,4.6,
Studio perfeito olhar,21) 97686-7168,21) 97686-7168,,,studio de cílios,"Leblon - Rio de Janeiro, RJ",Leblon,"R. Humberto de Campos, 95 - bloco 2 - Leblon, Rio de Janeiro - RJ, 22430-190",False,,5.0,
"Juliana Rivas | Lash Lifting, Cílios Fio a Fio e Sobrancelhas",21) 99744-9703,21) 99744-9703,https://instagram.com/_julianarivas_,,studio de cílios,"Leblon - Rio de Janeiro, RJ",Barra da Tijuca,"Ilha da Gigoia - Alameda Dalton Barreto, 1 - Barra da Tijuca, Rio de Janeiro - RJ, 22640-334",False,https://instagram.com/_julianarivas_,5.0,
MyLash Leblon,21) 3437-7914,,https://www.instagram.com/mylash.leblon.rj,,lash designer,"Leblon - Rio de Janeiro, RJ",Leblon,"Av. Ataulfo de Paiva, 566 - sobreloja 203 - Leblon, Rio de Janeiro - RJ, 22440-033",False,https://www.instagram.com/mylash.leblon.rj,4.8,
Studio Patricia Santos Beauty,21) 97697-9238,21) 97697-9238,https://instagram.com/patriciasts_beauty?igshid=YmMyMTA2M2Y=,,lash designer,"Leblon - Rio de Janeiro, RJ",Pantanal,"Rua Leopoldo Fróis, 3 - quadra 70 - Pantanal, Duque de Caxias - RJ, 25040-325",False,https://instagram.com/patriciasts_beauty?igshid=YmMyMTA2M2Y=,5.0,
Studio Ingridi Klimaschenski-Lash Designer,,,,,lash designer,"Leblon - Rio de Janeiro, RJ",Jardim Limeira,"Estr. Aníbal da Mota, 2 - quadra 3 - Jardim Limeira, Belford Roxo - RJ, 26190-083",False,,5.0,
Hozi Rocha - Lash Designer,21) 98396-4588,21) 98396-4588,https://www.instagram.com/hozi.lashdesigner?igsh=ajcwa2ZkN3Bicjl4,,lash designer,"Leblon - Rio de Janeiro, RJ",Vidigal,"R. Maj. Toja Martinez Filho, 149 B - Vidigal, Rio de Janeiro - RJ, 22450-270",False,https://www.instagram.com/hozi.lashdesigner?igsh=ajcwa2ZkN3Bicjl4,5.0,
LORENA LIMA | LASH DESIGN,21) 96502-5349,21) 96502-5349,https://www.instagram.com/lorenalima.lash_?igsh=MTZiYWhzOXNpdGxjMA==,,lash designer,"Leblon - Rio de Janeiro, RJ",Campos Eliseos,"R. Clara Nunes - Campos Eliseos, Duque de Caxias - RJ, 25040-673",False,https://www.instagram.com/lorenalima.lash_?igsh=MTZiYWhzOXNpdGxjMA==,5.0,
Studio Mari Firmino Lash designer,21) 97262-7831,21) 97262-7831,,,lash designer,"Leblon - Rio de Janeiro, RJ",Vila São João,"Av. Casimiro de Abreu, 85 - Vila São João, São João de Meriti - RJ, 25570-330",False,,5.0,
Fabiane lash Designer,21) 96426-8294,21) 96426-8294,https://www.instagram.com/fabianedepaulamicro?igsh=MWw4YWxub2hweXo2bg==,,lash designer,"Leblon - Rio de Janeiro, RJ",Vila Leopoldina,"R. Virgílio de Melo Franco, 226 - Vila Leopoldina, Duque de Caxias - RJ, 26060-060",False,https://www.instagram.com/fabianedepaulamicro?igsh=MWw4YWxub2hweXo2bg==,,
Mar Beauty Studio,21) 99962-6468,21) 99962-6468,,,lash designer,"Leblon - Rio de Janeiro, RJ",Leblon,"Rua Carlos Góis, 141 - Leblon, Rio de Janeiro - RJ, 22440-040",False,,5.0,
Ellen Fernandes Lash Designer,,,https://www.instagram.com/ellenf_lashdesigner?igsh=eTlwMGhuN3FnYmRr&utm_source=qr,,lash designer,"Leblon - Rio de Janeiro, RJ",Dr. Laureano,"Avenida. Dr - R. Pres. Juscelino Kubitscheck de Oliveira, 765 - Dr. Laureano, Duque de Caxias - RJ, 25060-200",False,https://www.instagram.com/ellenf_lashdesigner?igsh=eTlwMGhuN3FnYmRr&utm_source=qr,5.0,
Yana Braz Studio,,,,,lash designer,"Leblon - Rio de Janeiro, RJ",Vila Leopoldina,"R. Rio Preto, 1626 - Vila Leopoldina, Duque de Caxias - RJ, 25035-390",False,,5.0,
"Gabrielle | Lash designer | Designer de sobrancelhas | Duque de caxias, Sarapuí",21) 98235-7561,21) 98235-7561,https://www.instagram.com/bystudiogabrielle?igsh=MWMwZjFubWg3c3lwcQ==,,lash designer,"Leblon - Rio de Janeiro, RJ",Vila Sarapui,"R. Alfredo Backer, 321 - Vila Sarapui, Duque de Caxias - RJ, 25050-290",False,https://www.instagram.com/bystudiogabrielle?igsh=MWMwZjFubWg3c3lwcQ==,5.0,
Thaty Azevedo Company (Cílios e Cursos de extensão de cílios),21) 96580-2581,21) 96580-2581,,,lash designer,"Leblon - Rio de Janeiro, RJ",Parque Fluminense,"Rua Nossa Senhora das Graças, Praça do Galo, 0 - Parque Fluminense, Duque de Caxias - RJ, 25045-570",False,,5.0,
Gabriella lash designer( extension),21) 99741-9524,21) 99741-9524,https://www.instagram.com/gabrielaa_lashh?igsh=MWo0OTMzdWgzMzB4Zg%3D%3D&utm_source=qr,,lash designer,"Leblon - Rio de Janeiro, RJ",Rocinha,"Tv. Aníbal Félix - Rocinha, Rio de Janeiro - RJ, 22451-264",False,https://www.instagram.com/gabrielaa_lashh?igsh=MWo0OTMzdWgzMzB4Zg%3D%3D&utm_source=qr,5.0,
Nanda Lash Designer,21) 97017-5469,21) 97017-5469,https://www.instagram.com/by.nandalashes?igsh=MXI0Z21taGRlYm5hdA%3D%3D&utm_source=qr,,lash designer,"Leblon - Rio de Janeiro, RJ",Parque Fluminense,"R. São Miguel - Parque Fluminense, Duque de Caxias - RJ, 25046-510",False,https://www.instagram.com/by.nandalashes?igsh=MXI0Z21taGRlYm5hdA==&utm_source=qr,,
"Lmadame: Nail designer, extensão de cílios e sobrancelhas.",21) 97472-9390,21) 97472-9390,https://www.instagram.com/lmadamerj/profilecard/?igsh=MWdyZGdhM3J1ZjJ5eA==,,lash designer,"Leblon - Rio de Janeiro, RJ",Copacabana,"Av. Nossa Sra. de Copacabana, 1059 - Sala 1203 - Copacabana, Rio de Janeiro - RJ, 22041-011",False,https://www.instagram.com/lmadamerj/profilecard/?igsh=MWdyZGdhM3J1ZjJ5eA==,5.0,
Jessica Lash e design,,,,,lash designer,"Leblon - Rio de Janeiro, RJ",Acari,"R. Piracambú, 31 - Acari, Rio de Janeiro - RJ, 21531-050",False,,,
Julio Braga Massage Spa,21) 96410-8703,21) 96410-8703,,,spa,"Leblon - Rio de Janeiro, RJ",Leblon,"R. Alm. Pereira Guimarães, 72 - Leblon, Rio de Janeiro - RJ, 20440-005",False,,5.0,
SPA La kasa,21) 99266-4413,21) 99266-4413,https://instagram.com/spa.leblon?igshid=MzNlNGNkZWQ4Mg==,,spa,"Leblon - Rio de Janeiro, RJ",Leblon,"Av. Delfim Moreira - Leblon, Rio de Janeiro - RJ, 22441-000",False,https://instagram.com/spa.leblon?igshid=MzNlNGNkZWQ4Mg==,5.0,
"Aloha Rio Recovery, Massagem, Quiropraxia e Bem estar Leblon",,,,,spa,"Leblon - Rio de Janeiro, RJ",Lagoa,"Av. Borges de Medeiros, 829 - Lagoa, Rio de Janeiro - RJ, 23430-042",False,,5.0,
Sardinha Taberna Portuguesa (Leblon),,,https://www.instagram.com/sardinhataberna,,restaurante,"Leblon - Rio de Janeiro, RJ",Leblon,"R. Aristides Espinola, 101 - Leblon, Rio de Janeiro - RJ, 22440-050",False,https://www.instagram.com/sardinhataberna/,4.6,
Cantinho do Leblon,21) 2540-7563,,https://www.instagram.com/cantinhodoleblon,,restaurante,"Leblon - Rio de Janeiro, RJ",Leblon,"Rua Dias Ferreira, 482 - Leblon, Rio de Janeiro - RJ, 22431-050",False,https://www.instagram.com/cantinhodoleblon/,4.6,
Studio Eloy e Freitas Arquitetura,21) 3689-2899,,https://www.instagram.com/nafarquitetura?igsh=MWF3eno0c240djlzNw==,,arquiteto,"Leblon - Rio de Janeiro, RJ",Leblon,"Rua Dias Ferreira - Leblon, Rio de Janeiro - RJ, 22431-050",False,,4.6,
Amanda Pimenta,,,https://www.instagram.com/nafarquitetura?igsh=MWF3eno0c240djlzNw==,,arquiteto,"Leblon - Rio de Janeiro, RJ",Leblon,"Av. Ataulfo de Paiva, 269 - Leblon, Rio de Janeiro - RJ, 22440-032",False,,5.0,
Alledi Arquitetura e Interiores - Soraya Alledi - Arquiteto Rio de Janeiro,21) 99221-2242,21) 99221-2242,https://www.instagram.com/nafarquitetura?igsh=MWF3eno0c240djlzNw==,,arquiteto,"Leblon - Rio de Janeiro, RJ",Leblon,"R. Timóteo da Costa, 1100 - bloco 2 306 - Leblon, Rio de Janeiro - RJ, 22450-130",False,,5.0,
studio ro+ca,21) 2492-8323,,https://www.instagram.com/nafarquitetura?igsh=MWF3eno0c240djlzNw==,,arquiteto,"Leblon - Rio de Janeiro, RJ",Leblon,"Rua Almirante Guilhem, 366 - Leblon, Rio de Janeiro - RJ, 22440-000",False,,5.0,
NAF Arquitetura,21) 99997-0470,21) 99997-0470,https://www.instagram.com/nafarquitetura?igsh=MWF3eno0c240djlzNw==,,arquiteto,"Leblon - Rio de Janeiro, RJ",Leblon,"R. José Linhares, 138 - sala 401 - Leblon, Rio de Janeiro - RJ, 22430-220",False,https://www.instagram.com/nafarquitetura?igsh=MWF3eno0c240djlzNw==,5.0,
ENSAIO NEWBORN RJ,21) 97464-6370,21) 97464-6370,https://www.instagram.com/lucasphotos___,,fotógrafo,"Leblon - Rio de Janeiro, RJ",Irajá,"Av. Brasil, 19 / 102 - 19 - Irajá, Rio de Janeiro - RJ, 21230-043",False,,4.9,
Laís Reis Fotografia,21) 99756-3444,21) 99756-3444,https://www.instagram.com/nandopessoafoto?igsh=cjhwNzV4dDR5cnBv&utm_source=qr,,fotógrafo,"Leblon - Rio de Janeiro, RJ",Higienópolis,"R. Mallet, 56 - Casa - Higienópolis, Rio de Janeiro - RJ, 21061-130",False,,,
Estudio Digital,21) 7908-0067,,https://www.instagram.com/nandopessoafoto?igsh=cjhwNzV4dDR5cnBv&utm_source=qr,,fotógrafo,"Leblon - Rio de Janeiro, RJ",Leblon,"Av. Afrânio de Melo Franco, 265 - Leblon, Rio de Janeiro - RJ, 22430-060",False,,,
Viviane Almeida Fotografia,21) 97077-4706,21) 97077-4706,https://www.instagram.com/lucasphotos___,,fotógrafo,"Leblon - Rio de Janeiro, RJ",Vigário Geral,"R. Gregório de Matos, 152 - Vigário Geral, Rio de Janeiro - RJ, 21240-670",False,,,
Marinho Morais Fotografia,21) 99860-9409,21) 99860-9409,https://www.instagram.com/lucasphotos___,,fotógrafo,"Leblon - Rio de Janeiro, RJ",RJ,"Jardim Guanabara, Rio de Janeiro - RJ, 21941-210",False,https://www.instagram.com/marinho_morais_fotografia/,5.0,
Nando Pessoa,11) 97877-3046,11) 97877-3046,https://www.instagram.com/lucasphotos___,,fotógrafo,"Leblon - Rio de Janeiro, RJ",Flamengo,"R. Sen. Vergueiro - Flamengo, Rio de Janeiro - RJ, 22230-001",False,https://www.instagram.com/nandopessoafoto?igsh=cjhwNzV4dDR5cnBv&utm_source=qr,5.0,
Estudio Dio,21) 96443-2253,21) 96443-2253,https://www.instagram.com/s45fotografias,,fotógrafo,"Leblon - Rio de Janeiro, RJ",Barra da Tijuca,"Av. Ator José Wilker, 600 - loja 129 BL 5 - Barra da Tijuca, Rio de Janeiro - RJ, 22775-024",False,,4.0,
Leblon Corporate,21) 3875-5028,,https://www.instagram.com/s45fotografias,,fotógrafo,"Leblon - Rio de Janeiro, RJ",Leblon,"Rua Dias Ferreira, 190 - Leblon, Rio de Janeiro - RJ, 22431-050",False,,4.6,
Jardim Escola de Vilhena Moraes,21) 2274-0753,,,,escola,"Leblon - Rio de Janeiro, RJ",Leblon,"R. Alberto Rangel, 90 - Leblon, Rio de Janeiro - RJ, 22450-160",False,,5.0,
Núcleo de Artes Leblon,21) 2274-7746,,,,escola,"Leblon - Rio de Janeiro, RJ",Leblon,"R. Gilberto Cardoso, s/n - Leblon, Rio de Janeiro - RJ, 22430-070",False,,4.5,
Colégio Estadual André Maurois,21) 2334-6774,,,,escola,"Leblon - Rio de Janeiro, RJ",Leblon,"Av. Visc. de Albuquerque, 1325 - Leblon, Rio de Janeiro - RJ, 22450-001",False,,,
Colégio Estadual Professor Antonio Maria Teixeira Filho,21) 2334-6767,,,,escola,"Leblon - Rio de Janeiro, RJ",Leblon,"Av. Bartolomeu Mitre, 701 - Leblon, Rio de Janeiro - RJ, 22431-003",False,,,
MV Ensino,21) 2540-4813,,,,escola,"Leblon - Rio de Janeiro, RJ",Leblon,"R. Aristides Espinola, 121 - Leblon, Rio de Janeiro - RJ, 22440-050",False,,5.0,
Leblon 173,,,,,escola,"Leblon - Rio de Janeiro, RJ",RJ,"Av. Delfim Moreira, Rio de Janeiro - RJ, 22441-000",False,,4.8,
Escola Municipal Santos Anjos,21) 2512-5552,,,,escola,"Leblon - Rio de Janeiro, RJ",Leblon,"R. Humberto de Campos, S/N - Leblon, Rio de Janeiro - RJ, 22430-190",False,,,
Escola Municipal Sergio Vieira de Mello,21) 3114-1244,,,,escola,"Leblon - Rio de Janeiro, RJ",Leblon,"R. Adalberto Ferreira, 19 - Leblon, Rio de Janeiro - RJ, 22441-040",False,,,
Relson Gracie Brazil /Leblon,21) 96811-7171,21) 96811-7171,https://www.instagram.com/pontoapontobt?igsh=MTNmdTdibWo0cWZ3bA==,,escola,"Leblon - Rio de Janeiro, RJ",Leblon,"R. José Linhares, 88 - Leblon, Rio de Janeiro - RJ, 22430-220",False,,4.6,
Curso Livre de Música,21) 98327-6144,21) 98327-6144,https://www.instagram.com/espacorosaaerea,,curso livre,"Leblon - Rio de Janeiro, RJ",Pavuna,"R. Srg. Benevides Monte - Pavuna, Rio de Janeiro - RJ, 21520-440",False,,,
"RosaAérea - movimento, arte, alegria, acrobacia aérea, tecido acrobático, lira, trapézio, yoga, calistenia, tecido",21) 98847-0956,21) 98847-0956,https://www.instagram.com/espacorosaaerea,,curso livre,"Leblon - Rio de Janeiro, RJ",Leblon,"Av. Borges de Medeiros, 701 - Leblon, Rio de Janeiro - RJ, 22430-041",False,https://www.instagram.com/espacorosaaerea,4.9,
Curso Livre de Música Ritmar,21) 98841-9749,21) 98841-9749,https://www.instagram.com/espacorosaaerea,,curso livre,"Leblon - Rio de Janeiro, RJ",Centro,"R. Ten. José Dias, 513 - sala 401 e 403 - Centro, Duque de Caxias - RJ, 25010-305",False,https://www.instagram.com/cursoritmar/,5.0,
Athletic School Leblon,21) 98032-1220,21) 98032-1220,https://www.instagram.com/espacorosaaerea,,curso livre,"Leblon - Rio de Janeiro, RJ",Leblon,"na areia da praia do Leblon - Av. Delfim Moreira, 180 - Leblon, Rio de Janeiro - RJ, 22441-000",False,,5.0,
Leblon Medical Center,21) 2294-8849,,https://www.instagram.com/vetleblon/profilecard/?igsh=MWUyaXJnNTV5nlyMw==,,clínica médica,"Leblon - Rio de Janeiro, RJ",Leblon,"Rua Carlos Góis, 375 - Leblon, Rio de Janeiro - RJ, 22440-040",False,,5.0,
Centro Médico Leblon,21) 2239-2390,,,,clínica médica,"Leblon - Rio de Janeiro, RJ",Leblon,"R. Gen. Urquiza, 67 - Loja 10 - Leblon, Rio de Janeiro - RJ, 22431-040",False,,3.8,
Centro Médico Jardim Botânico,,,,,clínica médica,"Leblon - Rio de Janeiro, RJ",Leblon,"R. Gen. Venâncio Flores, 305 - Leblon, Rio de Janeiro - RJ, 22441-090",False,,,
Dr. Alberto Zinger / Dra. Fany Zinger Clinica Medica / Psicanalista,21) 2239-4302,,,,clínica médica,"Leblon - Rio de Janeiro, RJ",Leblon,"Av. Ataulfo de Paiva, 1251 - Leblon, Rio de Janeiro - RJ, 22440-034",False,,5.0,
DETRAN RJ Clínica de Avaliação Médico-Psicológica de Condutores de Veículos,21) 2294-0995,,,,clínica médica,"Leblon - Rio de Janeiro, RJ",Leblon,"Av. Ataulfo de Paiva, 725 - Leblon, Rio de Janeiro - RJ, 22440-030",False,,1.5,
Centro de Terapias Integradas - CTI - Leblon,21) 98803-9914,21) 98803-9914,,,clínica médica,"Leblon - Rio de Janeiro, RJ",Leblon,"R. Gen. Urquiza, 128 - sl 201 - Leblon, Rio de Janeiro - RJ, 22431-040",False,,5.0,
Dra. Francine Vieira | Harmonização facial no Leblon,21) 99543-1993,5527998112200,https://www.instagram.com/drafrancinevieira,,harmonização facial,"Leblon - Rio de Janeiro, RJ",Leblon,"Av. Ataulfo de Paiva, 391 - Leblon, Rio de Janeiro - RJ, 22440-032",False,https://www.instagram.com/drafrancinevieira/,5.0,
Dr. Maurício Araújo - Bioestimulador de Colágeno - Rinomodelação - Preenchimento Labial em Leblon,21) 99419-6334,21) 99419-6334,https://www.instagram.com/drafrancinevieira,,harmonização facial,"Leblon - Rio de Janeiro, RJ",Leblon,"Av. Afrânio de Melo Franco, 141 - sala 306 - Leblon, Rio de Janeiro - RJ, 22430-060",False,,5.0,
Clínica Mariz - Medicina de Resultados,21) 98772-6525,21) 98772-6525,https://www.instagram.com/drafrancinevieira,,harmonização facial,"Leblon - Rio de Janeiro, RJ",Leblon,"Rua Carlos Góis, 375/601 - Leblon, Rio de Janeiro - RJ, 22440-040",False,,5.0,
"RlB Clinique Leblon - Medicina Capilar, Tricologia, Dermatologia e Endocrinologia",21) 99431-3576,21) 99431-3576,https://www.instagram.com/drafrancinevieira,,harmonização facial,"Leblon - Rio de Janeiro, RJ",Leblon,"Avenida Ataulfo de Paiva, 135 Sala 216, 217 e 218 - Leblon, Rio de Janeiro - RJ, 22440-030",False,https://www.instagram.com/rlbcliniqueleblon/,5.0,
Damier Clinique,21) 98987-6153,21) 98987-6153,https://www.instagram.com/drafrancinevieira,,harmonização facial,"Leblon - Rio de Janeiro, RJ",Leblon,"R. Cupertino Durão, 81 - sala 2 - Leblon, Rio de Janeiro - RJ, 22441-030",False,,5.0,
Dra. Camila Paiva Savattone | Dermatologista no Leblon RJ,21) 97299-3029,21) 97299-3029,https://www.instagram.com/drafrancinevieira,,harmonização facial,"Leblon - Rio de Janeiro, RJ",Leblon,"Av. Ataulfo de Paiva, 341 - sala 209 - Leblon, Rio de Janeiro - RJ, 22440-033",False,,5.0,
Isabella Lopes Estética,21) 97390-4658,21) 97390-4658,https://www.instagram.com/drafrancinevieira,,harmonização facial,"Leblon - Rio de Janeiro, RJ",Leblon,"R. Alm. Pereira Guimarães - Leblon, Rio de Janeiro - RJ, 22440-005",False,https://www.instagram.com/esteticista_isa?igsh=MXU2ajc5dGNvdXo2aA%3D%3D&utm_source=qr,5.0,
"Vanessa Veiga | Botox, Bioestimulador e Harmonização Facial em Ipanema",21) 99757-1303,21) 99757-1303,https://www.instagram.com/drafrancinevieira,,harmonização facial,"Leblon - Rio de Janeiro, RJ",Ipanema,"R. Maria Quitéria, 59 - 2 andar - sala 205 - Ipanema, Rio de Janeiro - RJ, 22410-040",False,https://www.instagram.com/dravanessaveiga?igsh=MXh1MW0ycXQ4N28wdg==,5.0,
Crystalle Leblon,21) 96645-9304,21) 96645-9304,,,depilação a laser,"Leblon - Rio de Janeiro, RJ",Leblon,"Galeria Bandeirante - Av. Ataulfo de Paiva, 725 - Loja J - Leblon, Rio de Janeiro - RJ, 22440-032",False,,5.0,
Depileblon Depilação Integrada,21) 97285-7302,21) 97285-7302,,,depilação a laser,"Leblon - Rio de Janeiro, RJ",Leblon,"Av. Ataulfo de Paiva, 566 - 102 - Leblon, Rio de Janeiro - RJ, 22440-033",False,,4.3,
Leblon Laser Spa,21) 3298-0155,,,,depilação a laser,"Leblon - Rio de Janeiro, RJ",Leblon,"Av. Ataulfo de Paiva, 566 - 102 - Leblon, Rio de Janeiro - RJ, 22440-033",False,,2.0,
Beauty Laser clínica de dermatologia e estética,21) 2529-6192,,,,depilação a laser,"Leblon - Rio de Janeiro, RJ",Leblon,"Edifício Leblon Medical Center - Rua Carlos Góis, 375 - sl 603 - Leblon, Rio de Janeiro - RJ, 22440-040",False,,5.0,
Drª Ana Letícia Gonçalves - Dermatologista no Rio de Janeiro,21) 98878-1880,21) 98878-1880,,,depilação a laser,"Leblon - Rio de Janeiro, RJ",Leblon,"Av. Ataulfo de Paiva, 204 - Sala 808 - Leblon, Rio de Janeiro - RJ, 22440-033",False,,5.0,
Mar Beauty Studio,21) 99962-6468,21) 99962-6468,https://www.instagram.com/mylash.leblon.rj,,micropigmentação,"Leblon - Rio de Janeiro, RJ",Leblon,"Rua Carlos Góis, 141 - Leblon, Rio de Janeiro - RJ, 22440-040",False,,5.0,
MyLash Leblon,21) 3437-7914,,https://www.instagram.com/mylash.leblon.rj,,micropigmentação,"Leblon - Rio de Janeiro, RJ",Leblon,"Av. Ataulfo de Paiva, 566 - sobreloja 203 - Leblon, Rio de Janeiro - RJ, 22440-033",False,https://www.instagram.com/mylash.leblon.rj,4.8,
Face Design -Sobrancelhas / Micropigmentação - Taty Moura,21) 98824-9501,21) 98824-9501,https://www.instagram.com/mylash.leblon.rj,,micropigmentação,"Leblon - Rio de Janeiro, RJ",Leblon,"R. Visc. de Pirajá, 156 - Leblon, Rio de Janeiro - RJ, 22410-000",False,,4.9,
Camila Martins Beauty - micropigmentação e microagulhamento,21) 98335-0186,21) 98335-0186,https://www.instagram.com/mylash.leblon.rj,,micropigmentação,"Leblon - Rio de Janeiro, RJ",Leblon,"Rua Sete de Setembro 88, Av. Ataulfo de Paiva, 1166 - Leblon, Rio de Janeiro - RJ, 22440-035",False,https://instagram.com/camilamartins_beauty?igshid=YmMyMTA2M2Y=,5.0,
Bianca Dutra Studio Ipanema,21) 96524-9034,21) 96524-9034,https://www.instagram.com/mylash.leblon.rj,,micropigmentação,"Leblon - Rio de Janeiro, RJ",Ipanema,"R. Visc. de Pirajá, 330 - loja 301 - Ipanema, Rio de Janeiro - RJ, 22410-001",False,,4.9,
Studio Leblon,21) 99652-7627,21) 99652-7627,https://www.instagram.com/mylash.leblon.rj,,micropigmentação,"Leblon - Rio de Janeiro, RJ",Leblon,"Av. Gen. San Martin, 1062 - Leblon, Rio de Janeiro - RJ, 22441-014",False,,4.6,
Gisela Perim Micropigmentação,21) 99366-7836,21) 99366-7836,https://www.instagram.com/mylash.leblon.rj,,micropigmentação,"Leblon - Rio de Janeiro, RJ",Leblon,"Av. Ataulfo de Paiva, 135/803 - Leblon, Rio de Janeiro - RJ, 22440-032",False,,,
Micropigmentação de sobrancelhas LARISSI OLIVEIRA,21) 96587-2287,21) 96587-2287,https://www.instagram.com/mylash.leblon.rj,,micropigmentação,"Leblon - Rio de Janeiro, RJ",Rocinha,"Travessa Silva, 04 - sala 104 - Rocinha, Rio de Janeiro - RJ, 22451-630",False,,5.0,
Flavia Lys Micropigmentação Capilar,21) 97669-0667,21) 97669-0667,https://www.instagram.com/mylash.leblon.rj,,micropigmentação,"Leblon - Rio de Janeiro, RJ",Ipanema,"R. Visc. de Pirajá, 303 - Ipanema, Rio de Janeiro - RJ, 22410-001",False,,5.0,
Studio Évora,21) 97290-2039,21) 97290-2039,https://www.instagram.com/mylash.leblon.rj,,micropigmentação,"Leblon - Rio de Janeiro, RJ",Vidigal,"Av. Presidente João Goulart, 757 - Vidigal, Rio de Janeiro - RJ, 22450-241",False,https://www.instagram.com/studioevora/,5.0,
Design de Sobrancelhas | Raquel Menezes | micropigmentação e cursos Copacabana rio de janeiro,21) 97359-7435,21) 97359-7435,https://www.instagram.com/mylash.leblon.rj,,micropigmentação,"Leblon - Rio de Janeiro, RJ",Copacabana,"Av. Nossa Sra. de Copacabana, 647 - sala 514 - Copacabana, Rio de Janeiro - RJ, 22050-901",False,,5.0,
Amanda Pimenta,,,https://www.instagram.com/dreamdesignarq,,designer de interiores,"Leblon - Rio de Janeiro, RJ",Leblon,"Av. Ataulfo de Paiva, 269 - Leblon, Rio de Janeiro - RJ, 22440-032",False,,5.0,
Alledi Arquitetura e Interiores - Soraya Alledi - Arquiteto Rio de Janeiro,21) 99221-2242,21) 99221-2242,https://www.instagram.com/dreamdesignarq,,designer de interiores,"Leblon - Rio de Janeiro, RJ",Leblon,"R. Timóteo da Costa, 1100 - bloco 2 306 - Leblon, Rio de Janeiro - RJ, 22450-130",False,,5.0,
Dream Design Arquitetura e Interiores,21) 99473-6966,21) 99473-6966,https://www.instagram.com/dreamdesignarq,,designer de interiores,"Leblon - Rio de Janeiro, RJ",Pitangueiras,"R. Flávio José da Costa - Pitangueiras, Rio de Janeiro - RJ, 21930-290",False,https://www.instagram.com/dreamdesignarq/,5.0,
Studio LM+,21) 99994-4683,21) 99994-4683,https://www.instagram.com/dreamdesignarq,,designer de interiores,"Leblon - Rio de Janeiro, RJ",Barra da Tijuca,"ED, Dimension Office Park - AV. ABELARDO BUENO, 1, Av. Ayrton Senna, 2 - Barra da Tijuca, Rio de Janeiro - RJ, 22775-040",False,https://www.instagram.com/studiolmais/,5.0,
Studio Eloy e Freitas Arquitetura,21) 3689-2899,,https://www.instagram.com/dreamdesignarq,,designer de interiores,"Leblon - Rio de Janeiro, RJ",Leblon,"Rua Dias Ferreira - Leblon, Rio de Janeiro - RJ, 22431-050",False,,4.6,
design_elis_interior,21) 97102-3066,5521971023066,https://www.instagram.com/dreamdesignarq,,designer de interiores,"Leblon - Rio de Janeiro, RJ",Tijuca,"Rua Conde de Bonfim, 177 - Tijuca, Rio de Janeiro - RJ, 20520-050",False,https://www.instagram.com/elis_design_interior/,5.0,
studio ro+ca,21) 2492-8323,,https://www.instagram.com/dreamdesignarq,,designer de interiores,"Leblon - Rio de Janeiro, RJ",Leblon,"Rua Almirante Guilhem, 366 - Leblon, Rio de Janeiro - RJ, 22440-000",False,,5.0,
Leandro Huguenin Personal Trainer,21) 99542-6637,5521980561227,https://www.instagram.com/simonecalvano,,personal trainer,"Leblon - Rio de Janeiro, RJ",Leblon,"Praia Estacao de exercicios na calçada da praia - Av. Delfim Moreira, 12 - Leblon, Rio de Janeiro - RJ, 22441-000",False,,5.0,
Personal Trainer Domiciliar Leblon - Paula Cavati,21) 98167-1616,5521980561227,https://www.instagram.com/simonecalvano,,personal trainer,"Leblon - Rio de Janeiro, RJ",Ipanema,"R. Nascimento Silva, 81 - Ipanema, Rio de Janeiro - RJ, 22421-025",False,,5.0,
XN Leblon | Studio Personal | Academia de Alto Padrão,21) 97207-5069,5521980561227,https://www.instagram.com/simonecalvano,,personal trainer,"Leblon - Rio de Janeiro, RJ",Leblon,"R. Juquiá, 61 - loja E - Leblon, Rio de Janeiro - RJ, 22441-080",False,,4.4,
Gaspar - Personal Trainer Ipanema/Leblon,21) 98560-1179,5521980561227,https://www.instagram.com/simonecalvano,,personal trainer,"Leblon - Rio de Janeiro, RJ",Leblon,"Ipanema Ipanema - Leblon, Rio de Janeiro - RJ, 22410-000",False,,5.0,
Espaço Air,21) 99682-0770,5521980561227,https://www.instagram.com/simonecalvano,,personal trainer,"Leblon - Rio de Janeiro, RJ",Leblon,"Em frente ao número - Av. Delfim Moreira, 630 - Leblon, Rio de Janeiro - RJ, 25745-700",False,https://www.instagram.com/espacoair?igsh=MXhzczJmZjRwdGR3Yg==,5.0,
Dra.Astrea Xavier,21) 98275-1802,5521980561227,https://www.instagram.com/simonecalvano,,personal trainer,"Leblon - Rio de Janeiro, RJ",Leblon,"R. Humberto de Campos - Leblon, Rio de Janeiro - RJ, 22440-050",False,,5.0,
Studio Marcos Ayala,21) 98742-9142,5521980561227,https://www.instagram.com/simonecalvano,,personal trainer,"Leblon - Rio de Janeiro, RJ",Leblon,"Av. Ataulfo de Paiva, 1079 - sobreloja sala 317 - Leblon, Rio de Janeiro - RJ, 22440-034",False,,5.0,
PersonalTrainer.Rio,21) 98011-9988,5521980561227,https://www.instagram.com/simonecalvano,,personal trainer,"Leblon - Rio de Janeiro, RJ",Leblon,"Av. Ataulfo de Paiva, 467 - Leblon, Rio de Janeiro - RJ, 22440-032",False,,,
Leblon Medical Center,21) 2294-8849,,https://www.instagram.com/vetleblon/profilecard/?igsh=MWUyaXJnNTV5nlyMw==,,consultório,"Leblon - Rio de Janeiro, RJ",Leblon,"Rua Carlos Góis, 375 - Leblon, Rio de Janeiro - RJ, 22440-040",False,,5.0,
Centro Médico Leblon,21) 2239-2390,,,,consultório,"Leblon - Rio de Janeiro, RJ",Leblon,"R. Gen. Urquiza, 67 - Loja 10 - Leblon, Rio de Janeiro - RJ, 22431-040",False,,3.8,
Consultório da Dor Dr Vinicius Dias - Leblon,21) 97249-1885,21) 97249-1885,,,consultório,"Leblon - Rio de Janeiro, RJ",Leblon,"Rua Almirante Guilhem, 366 - 5° andar - Leblon, Rio de Janeiro - RJ, 22440-000",False,,5.0,
Consultório Leblon,21) 2274-9496,,,,consultório,"Leblon - Rio de Janeiro, RJ",Leblon,"Av. Ataulfo de Paiva, 1079 - Leblon, Rio de Janeiro - RJ, 22440-034",False,,4.0,
medico dra margareth,,,,,consultório,"Leblon - Rio de Janeiro, RJ",Leblon,"Av. Ataulfo de Paiva, 1251 - Leblon, Rio de Janeiro - RJ, 22440-034",False,,,
Psicóloga Clínica e Gestalt-terapeuta Marcela Fontoura,21) 98690-4135,21) 98690-4135,,,consultório,"Leblon - Rio de Janeiro, RJ",Leblon,"R. José Linhares, 138 - Leblon, Rio de Janeiro - RJ, 22430-220",False,,5.0,
Dr. Alberto Zinger / Dra. Fany Zinger Clinica Medica / Psicanalista,21) 2239-4302,,,,consultório,"Leblon - Rio de Janeiro, RJ",Leblon,"Av. Ataulfo de Paiva, 1251 - Leblon, Rio de Janeiro - RJ, 22440-034",False,,5.0,
Centro de Terapias Integradas - CTI - Leblon,21) 98803-9914,21) 98803-9914,https://www.instagram.com/dra.karenbergman,,consultório,"Leblon - Rio de Janeiro, RJ",Leblon,"R. Gen. Urquiza, 128 - sl 201 - Leblon, Rio de Janeiro - RJ, 22431-040",False,,5.0,
Clinica Inova Estética,21) 2527-9145,,,,clínica de estética,"Botafogo - Rio de Janeiro, RJ",Botafogo,"R. Paulino Fernandes, 5 - Botafogo, Rio de Janeiro - RJ, 22270-050",False,,4.7,
Clínica Luciane Rigueira,21) 99617-8046,21) 99617-8046,,,clínica de estética,"Botafogo - Rio de Janeiro, RJ",Botafogo,"Rua da Passagem, 83 - sala 305 - Botafogo, Rio de Janeiro - RJ, 22290-030",False,,4.9,
Clínica Dra. Gizele Cabral,21) 96763-0388,21) 96763-0388,https://www.instagram.com/dragizelecabral,,clínica de estética,"Botafogo - Rio de Janeiro, RJ",Botafogo,"R. Voluntários da Pátria, 45 - sala 1308 - Botafogo, Rio de Janeiro - RJ, 22270-000",False,https://www.instagram.com/dragizelecabral/,5.0,
Clínica de Estética Sophia Carneiro,21) 99880-9989,21) 99880-9989,,,clínica de estética,"Botafogo - Rio de Janeiro, RJ",Botafogo,"R. Voluntários da Pátria, 190 - Sala 925 - Botafogo, Rio de Janeiro - RJ, 22270-012",False,,5.0,
Espaço Facial Botafogo - Harmonização Facial,21) 99222-1152,21) 99222-1152,https://instagram.com/espacofacial_botafogo,,clínica de estética,"Botafogo - Rio de Janeiro, RJ",Botafogo,"Praia de Botafogo, 400 - Piso 2 Loja 223 - Botafogo, Rio de Janeiro - RJ, 22250-040",False,https://instagram.com/espacofacial_botafogo,4.4,
Clínica de Estética Mariah Costa,21) 99625-8518,21) 99625-8518,,,clínica de estética,"Botafogo - Rio de Janeiro, RJ",Botafogo,"Praia de Botafogo, 340 - Loja 5 - Botafogo, Rio de Janeiro - RJ, 22250-040",False,,5.0,
Marina Curi Micropigmentação | Harmonização & Estética Facial | Podologia | Botafogo,21) 99602-1017,21) 99602-1017,,,clínica de estética,"Botafogo - Rio de Janeiro, RJ",Botafogo,"R. Dezenove de Fevereiro, 130 - sala 102 - Botafogo, Rio de Janeiro - RJ, 22280-030",False,,5.0,
"Edna Roseane Massoterapia & Bem-Estar – Drenagem, Modelagem e Relaxamento",21) 96556-6667,21) 96556-6667,,,clínica de estética,"Botafogo - Rio de Janeiro, RJ",Botafogo,"e Copacabana - R. Real Grandeza, 238 - LOJA A - Botafogo, Rio de Janeiro - RJ, 22260-081",False,,5.0,
La belle-espaço de beleza,21) 3344-0114,5521983686517,https://www.instagram.com/ns.studiodebeleza,,salão premium,"Botafogo - Rio de Janeiro, RJ",Botafogo,"Rua da Passagem, 82 - Botafogo, Rio de Janeiro - RJ, 22290-030",False,,4.5,
Barbearia Corte das Estrelas,21) 97959-1640,21) 97959-1640,,,barbearia premium,"Botafogo - Rio de Janeiro, RJ",Vila São Luis,"R. Santo Antônio, 340 - Vila São Luis, Duque de Caxias - RJ, 25065-051",False,,4.9,
Barbearia Premium,,,https://www.instagram.com/jldocorte,,barbearia premium,"Botafogo - Rio de Janeiro, RJ",Taquara,"R. do Caule, 12 - Taquara, Rio de Janeiro - RJ, 22713-582",False,https://www.instagram.com/jldocorte/,4.9,
NAVALHA PREMIUM BARBEARIA,,,,,barbearia premium,"Botafogo - Rio de Janeiro, RJ",Manguinhos,"R. Uranos, 1206 - Manguinhos, Rio de Janeiro - RJ, 21060-070",False,,5.0,
Bonaparte Barbearia - Botafogo Praia Shopping,21) 3489-2767,,https://instagram.com/bonapartebarbearia,,barbearia premium,"Botafogo - Rio de Janeiro, RJ",Botafogo,"Praia de Botafogo, 400 - Loja 203/204, 2º piso - Botafogo, Rio de Janeiro - RJ, 22250-040",False,https://instagram.com/bonapartebarbearia,4.9,
Barbearia do John,21) 97934-0034,21) 97934-0034,,,barbearia premium,"Botafogo - Rio de Janeiro, RJ",Botafogo,"R. Voluntários da Pátria, n°25 - Botafogo, Rio de Janeiro - RJ, 22270-000",False,,4.8,
Barbearia Fino Trato,21) 98272-1472,21) 98272-1472,,,barbearia premium,"Botafogo - Rio de Janeiro, RJ",Botafogo,"R. General Polidoro, 58 - Loja 108 - Botafogo, Rio de Janeiro - RJ, 22280-005",False,,4.8,
Portela Barbearia,21) 97295-8848,21) 97295-8848,https://instagram.com/portelabarbearia.rj?igshid=YmMyMTA2M2Y=,,barbearia premium,"Botafogo - Rio de Janeiro, RJ",Botafogo,"Praia de Botafogo, 324 - Loja 05 - Botafogo, Rio de Janeiro - RJ, 22250-040",False,https://instagram.com/portelabarbearia.rj?igshid=YmMyMTA2M2Y=,4.8,
Premium barber shop,21) 97650-6220,21) 97650-6220,https://www.instagram.com/barbeariapremi1?igsh=d3RsZTMzZ25jdXZ6,,barbearia premium,"Botafogo - Rio de Janeiro, RJ",Icaraí,"R. Pres. João Pessoa, 392 - loja 102 - Icaraí, Niterói - RJ, 24220-331",False,https://www.instagram.com/barbeariapremi1?igsh=d3RsZTMzZ25jdXZ6,5.0,
Dom da Barbearia,21) 99585-4663,21) 99585-4663,,,barbearia premium,"Botafogo - Rio de Janeiro, RJ",Botafogo,"R. Bambina, 68 - Botafogo, Rio de Janeiro - RJ, 22251-050",False,,4.8,
Barbearia Sr. Rodrigues,21) 99786-2576,21) 99786-2576,,,barbearia premium,"Botafogo - Rio de Janeiro, RJ",Botafogo,"R. Marquês de Abrantes, 177 - Loja 103 - Botafogo, Rio de Janeiro - RJ, 22230-060",False,,4.9,
HAP Odontologia,21) 3495-7274,5521983625684,,,dentista,"Botafogo - Rio de Janeiro, RJ",Botafogo,"R. Real Grandeza, 108 - Sala 315 - Botafogo, Rio de Janeiro - RJ, 22281-034",False,,5.0,
Odonto Vitrine,21) 98103-3189,5521983625684,,,dentista,"Botafogo - Rio de Janeiro, RJ",Botafogo,"R. Voluntários da Pátria, 190 - Botafogo, Rio de Janeiro - RJ, 22270-012",False,,4.3,
Psicóloga Gabriella Chomentowski Pereira,21) 99500-8741,https://api.whatsapp.com/send?phone=5521994922202,https://www.instagram.com/psi.gabriellacp,,psicólogo,"Botafogo - Rio de Janeiro, RJ",Botafogo,"R. Voluntários da Pátria, 286 - sl 203 - Botafogo, Rio de Janeiro - RJ, 22270-003",False,https://www.instagram.com/psi.gabriellacp,5.0,
Psicóloga Letícia Guedes - Psicologia,24) 99911-0044,https://api.whatsapp.com/send?phone=5521994922202,https://instagram.com/leguedespsi?igshid=MzMyNGUyNmU2YQ==&utm_source=qr,,psicólogo,"Botafogo - Rio de Janeiro, RJ",Botafogo,"R. da Matriz, 26 - Botafogo, Rio de Janeiro - RJ, 22260-100",False,https://instagram.com/leguedespsi?igshid=MzMyNGUyNmU2YQ==&utm_source=qr,5.0,
Psicóloga Clínica Dandara Mota da Silva | Botafogo - Rio de Janeiro -RJ,21) 96547-2013,https://api.whatsapp.com/send?phone=5521994922202,https://instagram.com/leguedespsi?igshid=MzMyNGUyNmU2YQ==&utm_source=qr,,psicólogo,"Botafogo - Rio de Janeiro, RJ",Botafogo,"R. Real Grandeza - Botafogo, Rio de Janeiro - RJ, 22281-036",False,https://www.instagram.com/dandaramota.psi?igsh=cHp5Y3VjOGs2cnIz,5.0,
Psicóloga Mariana Gonçalves Ramos | Psicóloga em Botafogo,21) 97955-2515,https://api.whatsapp.com/send?phone=5521994922202,https://instagram.com/leguedespsi?igshid=MzMyNGUyNmU2YQ==&utm_source=qr,,psicólogo,"Botafogo - Rio de Janeiro, RJ",Botafogo,"Rua General Góis Monteiro, 155 - Grupo M - Botafogo, Rio de Janeiro - RJ, 22290-080",False,http://www.instagram.com/psimarianagramos,5.0,
Psicóloga Botafogo- Debora Farago/Rio de Janeiro,21) 99772-6538,https://api.whatsapp.com/send?phone=5521994922202,https://instagram.com/leguedespsi?igshid=MzMyNGUyNmU2YQ==&utm_source=qr,,psicólogo,"Botafogo - Rio de Janeiro, RJ",Botafogo,"R. Voluntários da Pátria, 45 - Sala 705 - Botafogo, Rio de Janeiro - RJ, 22270-010",False,,5.0,
Nutricionista Esportivo e Clínico - Vitor Faria,21) 98813-0063,21) 98813-0063,http://www.instagram.com/nutri.brunassalles,,nutricionista,"Botafogo - Rio de Janeiro, RJ",Botafogo,"R. Sorocaba - Botafogo, Rio de Janeiro - RJ, 22271-110",False,,5.0,
Lucas Borda | Nutricionista Esportivo,21) 98144-8483,21) 98144-8483,http://www.instagram.com/nutri.brunassalles,,nutricionista,"Botafogo - Rio de Janeiro, RJ",Botafogo,"R. Voluntários da Pátria, 190 - Sala 925 - Botafogo, Rio de Janeiro - RJ, 22270-012",False,,5.0,
Bruna Salles - Nutricionista no Rio de Janeiro: Cirurgia Bariátrica e Emagrecimento,21) 99614-4827,21) 99614-4827,http://www.instagram.com/nutri.brunassalles,,nutricionista,"Botafogo - Rio de Janeiro, RJ",Botafogo,"R. Voluntários da Pátria, 445 - Sl 302 - Botafogo, Rio de Janeiro - RJ, 22270-005",False,http://www.instagram.com/nutri.brunassalles,5.0,
Nutricionista Vittor Stern,21) 97697-5853,21) 97697-5853,http://www.instagram.com/nutri.brunassalles,,nutricionista,"Botafogo - Rio de Janeiro, RJ",Botafogo,"R. Voluntários da Pátria, 190 - sala 925 - Botafogo, Rio de Janeiro - RJ, 22270-902",False,https://instagram.com/nutrivittorstern?igshid=YmMyMTA2M2Y=,5.0,
Adriane Dias Nutricionista,21) 99576-2704,21) 99576-2704,http://www.instagram.com/nutri.brunassalles,,nutricionista,"Botafogo - Rio de Janeiro, RJ",Botafogo,"R. Voluntários da Pátria, 190 - Consultorio 1124 - Botafogo, Rio de Janeiro - RJ, 22270-012",False,,5.0,
Nutricionista Camila Rosa ONLINE e Presencial,21) 98211-3798,21) 98211-3798,http://www.instagram.com/nutri.brunassalles,,nutricionista,"Botafogo - Rio de Janeiro, RJ",Botafogo,"R. Voluntários da Pátria, 190 - Botafogo, Rio de Janeiro - RJ, 22270-902",False,https://www.instagram.com/anutricamilarosa?igsh=MWM3bGUzMjdmeXg3eQ==,5.0,
Clínica Fisiotropos,21) 3593-4701,,https://www.instagram.com/karinerodrigues.fisioterapeuta,,fisioterapeuta,"Botafogo - Rio de Janeiro, RJ",Botafogo,"R. Voluntários da Pátria, 45 - Sala 401 - Botafogo, Rio de Janeiro - RJ, 22270-900",False,,4.8,
"Fisioterapia:Dra. Maria Martins, fisioterapeuta de idosos, drenagem linfática, fisioterapia ortopédica.",21) 98958-7616,21) 98958-7616,https://www.instagram.com/karinerodrigues.fisioterapeuta,,fisioterapeuta,"Botafogo - Rio de Janeiro, RJ",Botafogo,"R. Sorocaba, 344 - Botafogo, Rio de Janeiro - RJ, 22271-070",False,,5.0,
Dra. Karine Rodrigues | Fisioterapia Domiciliar e Pós-Operatório,21) 97904-6730,21) 97904-6730,https://www.instagram.com/karinerodrigues.fisioterapeuta,,fisioterapeuta,"Botafogo - Rio de Janeiro, RJ",Botafogo,"R. São Clemente - Botafogo, Rio de Janeiro - RJ, 22250-040",False,https://www.instagram.com/karinerodrigues.fisioterapeuta,5.0,
Marcus Pereira - Fisioterapia Respiratória e Cardíaca no Rio de Janeiro.,21) 97983-2989,21) 97983-2989,https://www.instagram.com/karinerodrigues.fisioterapeuta,,fisioterapeuta,"Botafogo - Rio de Janeiro, RJ",Botafogo,"R. Voluntários da Pátria, 190 - Sala 925 - Botafogo, Rio de Janeiro - RJ, 22270-012",False,,5.0,
Pilates e Fisioterapia em Botafogo,21) 99764-6655,21) 99764-6655,,,pilates,"Botafogo - Rio de Janeiro, RJ",Botafogo,"R. Voluntários da Pátria, 190 - Botafogo, Rio de Janeiro - RJ, 22270-010",False,,4.5,
Bem Viver Pilates - Botafogo,21) 99620-7908,21) 99620-7908,https://www.instagram.com/bemviverpilates,,pilates,"Botafogo - Rio de Janeiro, RJ",Botafogo,"R. Voluntários da Pátria, 190 - Sala 203 - Botafogo, Rio de Janeiro - RJ, 22270-902",False,https://www.instagram.com/bemviverpilates,5.0,
SER Pilates Estúdio,21) 96426-0451,21) 96426-0451,https://www.instagram.com/ser.pilates.estudio,,pilates,"Botafogo - Rio de Janeiro, RJ",Botafogo,"R. Voluntários da Pátria, 190/319 - Botafogo, Rio de Janeiro - RJ, 22270-902",False,https://www.instagram.com/ser.pilates.estudio/,5.0,
Aulas de Pilates em Botafogo - RJ | Espaço Ser em Movimentos,21) 98685-7675,21) 98685-7675,,,pilates,"Botafogo - Rio de Janeiro, RJ",Botafogo,"R. Voluntários da Pátria, 258 - Botafogo, Rio de Janeiro - RJ, 22270-014",False,,5.0,
CP Pilates,21) 97325-6133,21) 97325-6133,,,pilates,"Botafogo - Rio de Janeiro, RJ",Botafogo,"Rua das Palmeiras, 14 - Botafogo, Rio de Janeiro - RJ, 22270-070",False,,5.0,
Estúdio Qualivida,21) 98033-1333,21) 98033-1333,https://www.instagram.com/estudio_qualivida,,pilates,"Botafogo - Rio de Janeiro, RJ",Botafogo,"R. Voluntários da Pátria, 54 - Botafogo, Rio de Janeiro - RJ, 22270-001",False,https://www.instagram.com/estudio_qualivida/,4.9,
Vida Pilates,21) 99707-6710,21) 99707-6710,,,pilates,"Botafogo - Rio de Janeiro, RJ",Botafogo,"R. Dezenove de Fevereiro, 130 - Botafogo, Rio de Janeiro - RJ, 22280-030",False,,5.0,
Iara Perdigão Fisio Studio - Pilates em Botafogo,21) 98015-2856,21) 98015-2856,https://www.instagram.com/ipfisiostudio/profilecard/?igsh=MWUyMmM5NDlna3l2eQ==,,pilates,"Botafogo - Rio de Janeiro, RJ",Botafogo,"R. Bambina, 56 - salas 208 209 210 - Botafogo, Rio de Janeiro - RJ, 22251-050",False,https://www.instagram.com/ipfisiostudio/profilecard/?igsh=MWUyMmM5NDlna3l2eQ==,5.0,
Estúdio Qualivida,21) 98033-1333,21) 98033-1333,https://www.instagram.com/estudio_qualivida,,academia boutique,"Botafogo - Rio de Janeiro, RJ",Botafogo,"R. Voluntários da Pátria, 54 - Botafogo, Rio de Janeiro - RJ, 22270-001",False,https://www.instagram.com/estudio_qualivida/,4.9,
"Extensão de Cílios e Sobrancelhas | Studio Karol Garcia - Botafogo, Rio de janeiro",21) 98277-1238,21) 98277-1238,https://www.instagram.com/studiokarolgarcia?igsh=YmV6ZnlkdGV0NjBh,,studio de sobrancelha,"Botafogo - Rio de Janeiro, RJ",Botafogo,"Praia de Botafogo, 210 - Botafogo, Rio de Janeiro - RJ, 22250-040",False,https://www.instagram.com/studiokarolgarcia?igsh=YmV6ZnlkdGV0NjBh,5.0,
Sobrancelhas Design Botafogo Praia Shopping,21) 97890-7335,21) 97890-7335,,,studio de sobrancelha,"Botafogo - Rio de Janeiro, RJ",Botafogo,"Botafogo Praia Shopping - Botafogo, Rio de Janeiro - RJ, 22250-040",False,,5.0,
Cíntia Simões Micropigmentação,21) 99907-5988,21) 99907-5988,https://instagram.com/cintiasimoesmicro?igshid=NTdlMDg3MTY=,,studio de sobrancelha,"Botafogo - Rio de Janeiro, RJ",Botafogo,"R. Voluntários da Pátria, 190 - Botafogo, Rio de Janeiro - RJ, 22270-902",False,https://instagram.com/cintiasimoesmicro?igshid=NTdlMDg3MTY=,5.0,
Maquiadora Rio de Janeiro - RJ | Jojo Colares Beauty,38) 99827-6288,38) 99827-6288,https://instagram.com/jojocolaresbeauty,,studio de sobrancelha,"Botafogo - Rio de Janeiro, RJ",Botafogo,"R. Voluntários da Pátria, 190 - sala 722 - Botafogo, Rio de Janeiro - RJ, 22270-012",False,https://instagram.com/jojocolaresbeauty,5.0,
MyLash Botafogo | Extensão de Cílios | design de sobrancelhas | Micropigmentação | Hydragloss | Lash Lifting,21) 99150-5089,21) 99150-5089,https://instagram.com/mylash.botafogo.rj,,studio de sobrancelha,"Botafogo - Rio de Janeiro, RJ",Botafogo,"R. Voluntários da Pátria, 45 - loja 108 - Botafogo, Rio de Janeiro - RJ, 22270-900",False,https://instagram.com/mylash.botafogo.rj,4.2,
Studio Thaize Moraes,21) 97003-0479,21) 97003-0479,,,studio de sobrancelha,"Botafogo - Rio de Janeiro, RJ",Botafogo,"Rua da Passagem, N°83 - Botafogo, Rio de Janeiro - RJ, 22290-030",False,,5.0,
Studio Angelita Almeida,21) 97232-1708,21) 97232-1708,,,studio de sobrancelha,"Botafogo - Rio de Janeiro, RJ",Botafogo,"Rua da Passagem, 111 - Botafogo, Rio de Janeiro - RJ, 22290-031",False,,5.0,
Marina Curi Micropigmentação | Harmonização & Estética Facial | Podologia | Botafogo,21) 99602-1017,21) 99602-1017,,,studio de sobrancelha,"Botafogo - Rio de Janeiro, RJ",Botafogo,"R. Dezenove de Fevereiro, 130 - sala 102 - Botafogo, Rio de Janeiro - RJ, 22280-030",False,,5.0,
Extensão de cílios e sobrancelha | Studio Marilia Soares,21) 96669-4824,21) 96669-4824,https://www.instagram.com/studiomariliasoares?igsh=MXc0bDMxZDMyOHhuZw%3D%3D&utm_source=qr,,studio de sobrancelha,"Botafogo - Rio de Janeiro, RJ",Botafogo,"Praia de Botafogo, 210 - Botafogo, Rio de Janeiro - RJ, 22250-040",False,https://www.instagram.com/studiomariliasoares?igsh=MXc0bDMxZDMyOHhuZw%3D%3D&utm_source=qr,5.0,
Adriana Alves Cílios Express,21) 97474-1321,21) 97474-1321,https://www.instagram.com/adrianalves.designer?igsh=MW02YjBqOTNmaGhwMg==&utm_source=qr,,studio de sobrancelha,"Botafogo - Rio de Janeiro, RJ",Botafogo,"R. Voluntários da Pátria, 212 - Loja O - Botafogo, Rio de Janeiro - RJ, 22270-000",False,https://www.instagram.com/adrianalves.designer?igsh=MW02YjBqOTNmaGhwMg==&utm_source=qr,5.0,
Studio Filgueiras,21) 99540-0418,21) 99540-0418,,,studio de sobrancelha,"Botafogo - Rio de Janeiro, RJ",Botafogo,"R. Real Grandeza, 193 - Botafogo, Rio de Janeiro - RJ, 22270-010",False,,5.0,
Cílios & Sobrancelhas | Gabi Maricato- Recreio dos Bandeirantes,21) 97233-8340,21) 97233-8340,https://www.instagram.com/ciliosdegabii?igsh=cmV1N2czcGxpcmh2,,studio de cílios,"Botafogo - Rio de Janeiro, RJ",Recreio dos Bandeirantes,"Shopping Vértice Mall - Av. Miguel Antônio Fernandes, 1333 - Bloco A - Sala 518 - Recreio dos Bandeirantes, Rio de Janeiro - RJ, 22790-682",False,https://www.instagram.com/ciliosdegabii?igsh=cmV1N2czcGxpcmh2,5.0,
"Extensão de Cílios e Sobrancelhas | Studio Karol Garcia - Botafogo, Rio de janeiro",21) 98277-1238,21) 98277-1238,https://www.instagram.com/studiokarolgarcia?igsh=YmV6ZnlkdGV0NjBh,,studio de cílios,"Botafogo - Rio de Janeiro, RJ",Botafogo,"Praia de Botafogo, 210 - Botafogo, Rio de Janeiro - RJ, 22250-040",False,https://www.instagram.com/studiokarolgarcia?igsh=YmV6ZnlkdGV0NjBh,5.0,
MyLash Botafogo | Extensão de Cílios | design de sobrancelhas | Micropigmentação | Hydragloss | Lash Lifting,21) 99150-5089,21) 99150-5089,https://instagram.com/mylash.botafogo.rj,,studio de cílios,"Botafogo - Rio de Janeiro, RJ",Botafogo,"R. Voluntários da Pátria, 45 - loja 108 - Botafogo, Rio de Janeiro - RJ, 22270-900",False,https://instagram.com/mylash.botafogo.rj,4.2,
Maquiadora Rio de Janeiro - RJ | Jojo Colares Beauty,38) 99827-6288,38) 99827-6288,https://instagram.com/jojocolaresbeauty,,studio de cílios,"Botafogo - Rio de Janeiro, RJ",Botafogo,"R. Voluntários da Pátria, 190 - sala 722 - Botafogo, Rio de Janeiro - RJ, 22270-012",False,https://instagram.com/jojocolaresbeauty,5.0,
Adriana Alves Cílios Express,21) 97474-1321,21) 97474-1321,https://www.instagram.com/adrianalves.designer?igsh=MW02YjBqOTNmaGhwMg==&utm_source=qr,,studio de cílios,"Botafogo - Rio de Janeiro, RJ",Botafogo,"R. Voluntários da Pátria, 212 - Loja O - Botafogo, Rio de Janeiro - RJ, 22270-000",False,https://www.instagram.com/adrianalves.designer?igsh=MW02YjBqOTNmaGhwMg==&utm_source=qr,5.0,
Lash lifting | Brow lamination | Remoção a laser de micropigmentação e tattoo Rio de Janeiro RJ - Renata Machado Beauty,21) 96640-7312,21) 96640-7312,https://www.instagram.com/renatamachadobeauty?igsh=cTQzdDg3NGp5NXl4,,studio de cílios,"Botafogo - Rio de Janeiro, RJ",Botafogo,"R. Voluntários da Pátria, 190 - sala 722 - Botafogo, Rio de Janeiro - RJ, 22270-902",False,https://www.instagram.com/renatamachadobeauty?igsh=cTQzdDg3NGp5NXl4,5.0,
Extensão de cílios e sobrancelha | Studio Marilia Soares,21) 96669-4824,21) 96669-4824,https://www.instagram.com/studiomariliasoares?igsh=MXc0bDMxZDMyOHhuZw%3D%3D&utm_source=qr,,studio de cílios,"Botafogo - Rio de Janeiro, RJ",Botafogo,"Praia de Botafogo, 210 - Botafogo, Rio de Janeiro - RJ, 22250-040",False,https://www.instagram.com/studiomariliasoares?igsh=MXc0bDMxZDMyOHhuZw%3D%3D&utm_source=qr,5.0,
Studio Angelita Almeida,21) 97232-1708,21) 97232-1708,,,studio de cílios,"Botafogo - Rio de Janeiro, RJ",Botafogo,"Rua da Passagem, 111 - Botafogo, Rio de Janeiro - RJ, 22290-031",False,,5.0,
Ana Lúcia Studio,21) 97201-6407,21) 97201-6407,https://www.instagram.com/analuciaastudio,,studio de cílios,"Botafogo - Rio de Janeiro, RJ",Humaitá,"R. Voluntários da Pátria, 452 - Loja O - Humaitá, Rio de Janeiro - RJ, 22270-018",False,https://www.instagram.com/analuciaastudio/,5.0,
Lash Designer - Karina Guimarães,22) 99988-8093,22) 99988-8093,,,studio de cílios,"Botafogo - Rio de Janeiro, RJ",Botafogo,"R. General Polidoro, 58 - Botafogo, Rio de Janeiro - RJ, 22280-005",False,,,
Lash lifting | Brow lamination | Remoção a laser de micropigmentação e tattoo Rio de Janeiro RJ - Renata Machado Beauty,21) 96640-7312,21) 96640-7312,https://www.instagram.com/renatamachadobeauty?igsh=cTQzdDg3NGp5NXl4,,lash designer,"Botafogo - Rio de Janeiro, RJ",Botafogo,"R. Voluntários da Pátria, 190 - sala 722 - Botafogo, Rio de Janeiro - RJ, 22270-902",False,https://www.instagram.com/renatamachadobeauty?igsh=cTQzdDg3NGp5NXl4,5.0,
"Extensão de Cílios e Sobrancelhas | Studio Karol Garcia - Botafogo, Rio de janeiro",21) 98277-1238,21) 98277-1238,https://www.instagram.com/studiokarolgarcia?igsh=YmV6ZnlkdGV0NjBh,,lash designer,"Botafogo - Rio de Janeiro, RJ",Botafogo,"Praia de Botafogo, 210 - Botafogo, Rio de Janeiro - RJ, 22250-040",False,https://www.instagram.com/studiokarolgarcia?igsh=YmV6ZnlkdGV0NjBh,5.0,
MyLash Botafogo | Extensão de Cílios | design de sobrancelhas | Micropigmentação | Hydragloss | Lash Lifting,21) 99150-5089,21) 99150-5089,https://instagram.com/mylash.botafogo.rj,,lash designer,"Botafogo - Rio de Janeiro, RJ",Botafogo,"R. Voluntários da Pátria, 45 - loja 108 - Botafogo, Rio de Janeiro - RJ, 22270-900",False,https://instagram.com/mylash.botafogo.rj,4.2,
Sobrancelhas Design Botafogo Praia Shopping,21) 97890-7335,21) 97890-7335,,,lash designer,"Botafogo - Rio de Janeiro, RJ",Botafogo,"Botafogo Praia Shopping - Botafogo, Rio de Janeiro - RJ, 22250-040",False,,5.0,
"Bossa Spa | Seu único SPA by Granado do Rio | Vale-presente, massagem relaxante, massagem desportiva",21) 96427-0782,21) 96427-0782,,,spa,"Botafogo - Rio de Janeiro, RJ",Botafogo,"Praia de Botafogo, 242 - Botafogo, Rio de Janeiro - RJ, 22250-145",False,,4.9,
Guilherme Camilo RITO SPA,21) 3988-4510,,,,spa,"Botafogo - Rio de Janeiro, RJ",Botafogo,"Praia de Botafogo, 330 - Botafogo, Rio de Janeiro - RJ, 22250-040",False,,4.8,
Filipe Tera - Especialista em Drenagem e Massagem Corporal,21) 99669-7609,5521996697609,https://www.instagram.com/filipetera,,spa,"Botafogo - Rio de Janeiro, RJ",Botafogo,"R. São Clemente, 180 - Botafogo, Rio de Janeiro - RJ, 22260-002",False,https://www.instagram.com/filipetera/,5.0,
Beauty club SPA urbano,21) 96572-3588,21) 96572-3588,https://instagram.com/beauty_club_spa_urbano?igshid=YmMyMTA2M2Y=,,spa,"Botafogo - Rio de Janeiro, RJ",Botafogo,"R. Hans Staden, 24 - Botafogo, Rio de Janeiro - RJ, 22245-180",False,https://instagram.com/beauty_club_spa_urbano?igshid=YmMyMTA2M2Y=,5.0,
Ana Lúcia Donatti,21) 98207-9870,https://api.whatsapp.com/send?1=pt_BR&phone=5521979232850,https://www.instagram.com/analuciadonatti,,spa,"Botafogo - Rio de Janeiro, RJ",Botafogo,"R. São Clemente, 185 - Botafogo, Rio de Janeiro - RJ, 22260-001",False,https://www.instagram.com/analuciadonatti/,5.0,
"Edna Roseane Massoterapia & Bem-Estar – Drenagem, Modelagem e Relaxamento",21) 96556-6667,21) 96556-6667,,,spa,"Botafogo - Rio de Janeiro, RJ",Botafogo,"e Copacabana - R. Real Grandeza, 238 - LOJA A - Botafogo, Rio de Janeiro - RJ, 22260-081",False,,5.0,
Arthur Camargo - Mentor de Adolescentes e Psicanalista no Rio de Janeiro,21) 98386-0526,21) 98386-0526,,,spa,"Botafogo - Rio de Janeiro, RJ",Botafogo,"R. Visc. de Ouro Preto, 5 - 5º Andar - Botafogo, Rio de Janeiro - RJ, 22250-180",False,,5.0,
BIOS Botafogo,21) 99907-8666,21) 99907-8666,,,spa,"Botafogo - Rio de Janeiro, RJ",Botafogo,"Rua Dona Mariana, 91 - Loja A e B - Botafogo, Rio de Janeiro - RJ, 22280-020",False,,5.0,
Joaquina Bar & Restaurante,21) 2535-2774,,http://instagram.com/joaquinabar,,restaurante,"Botafogo - Rio de Janeiro, RJ",Botafogo,"R. Voluntários da Pátria, 448 - Botafogo, Rio de Janeiro - RJ, 22270-010",False,http://instagram.com/joaquinabar,4.6,
Tempo Bistrô,21) 3796-7797,,https://instagram.com/tempo.bistro,,restaurante,"Botafogo - Rio de Janeiro, RJ",Botafogo,"R. Mena Barreto, 22 - Botafogo, Rio de Janeiro - RJ, 22271-100",False,https://instagram.com/tempo.bistro,4.9,
Terraço Botafogo,21) 97449-0996,21) 97449-0996,,,restaurante,"Botafogo - Rio de Janeiro, RJ",Botafogo,"Praia de Botafogo, 400 - 9 andar - Botafogo, Rio de Janeiro - RJ, 22250-040",False,,4.1,
Dainer,,,https://instagram.com/dainer.restaurante,,restaurante,"Botafogo - Rio de Janeiro, RJ",Botafogo,"R. Real Grandeza, 193 - Botafogo, Rio de Janeiro - RJ, 22281-033",False,https://instagram.com/dainer.restaurante,4.7,
Lima Cocina Peruana,21) 3647-3411,,https://www.instagram.com/limacozinhaperuana.br,,restaurante,"Botafogo - Rio de Janeiro, RJ",Botafogo,"R. Visc. de Caravelas, 113 - Botafogo, Rio de Janeiro - RJ, 22271-041",False,https://www.instagram.com/limacozinhaperuana.br/,4.6,
Sardinha Taberna Portuguesa ( Botafogo ),,,,,restaurante,"Botafogo - Rio de Janeiro, RJ",Botafogo,"Praia de Botafogo, 400 - Botafogo, Rio de Janeiro - RJ, 22250-040",False,,4.9,
Pura Brasa,21) 3268-0104,,https://instagram.com/purabrasa.rio,,restaurante,"Botafogo - Rio de Janeiro, RJ",Botafogo,"Praia de Botafogo, 228 - Botafogo, Rio de Janeiro - RJ, 22250-040",False,https://instagram.com/purabrasa.rio,4.3,
Renato Pinheiro Advogados,21) 99905-9423,21) 99905-9423,https://www.instagram.com/mariaduarte.advogada,,advogado,"Botafogo - Rio de Janeiro, RJ",Praia de Botafogo,"Torre Pão de Açúcar, Bloco A - Praia de Botafogo, 501 1º andar, Bloco 1, 1º andar, Rio de Janeiro - RJ, 22250-040",False,,5.0,
Maria Duarte Advocacia,21) 98416-0390,21) 98416-0390,https://www.instagram.com/mariaduarte.advogada,,advogado,"Botafogo - Rio de Janeiro, RJ",Botafogo,"Torre Pão Açucar - Praia de Botafogo, 501 - Sala 108-A - Botafogo, Rio de Janeiro - RJ, 22250-040",False,https://www.instagram.com/mariaduarte.advogada/,5.0,
Jéssica Bork Escritório de Advocacia,21) 97959-6864,21) 97959-6864,https://www.instagram.com/mariaduarte.advogada,,advogado,"Botafogo - Rio de Janeiro, RJ",Botafogo,"Praia de Botafogo, 501 - Botafogo, Rio de Janeiro - RJ, 22250-911",False,,5.0,
Advogado RJ - Roberto Carvalho,21) 96481-4832,21) 96481-4832,https://www.instagram.com/mariaduarte.advogada,,advogado,"Botafogo - Rio de Janeiro, RJ",Botafogo,"Praia de Botafogo, 486 - Botafogo, Rio de Janeiro - RJ, 22250-040",False,,4.5,
Tostes & Tostes Advogados,21) 3283-4831,,https://www.instagram.com/mariaduarte.advogada,,advogado,"Botafogo - Rio de Janeiro, RJ",Botafogo,"Rua Conde de Irajá, 271 - Botafogo, Rio de Janeiro - RJ, 22271-020",False,,5.0,
Rio Arquitetura,21) 3208-8724,,https://www.instagram.com/dudamaiainteriores,,arquiteto,"Botafogo - Rio de Janeiro, RJ",RJ,"R. Miranda Valverde, 64 - Botafogo, Rio de Janeiro - RJ, 22281-000, Rio de Janeiro - RJ, 22050-001",False,,5.0,
Escritório de Arquitetura Heitor Derbli de Carvalho,21) 2539-0075,,https://www.instagram.com/dudamaiainteriores,,arquiteto,"Botafogo - Rio de Janeiro, RJ",Botafogo,"R. Real Grandeza, 182 - Botafogo, Rio de Janeiro - RJ, 22281-036",False,,4.4,
Duda Maia Interiores,21) 98370-1395,21) 98370-1395,https://www.instagram.com/dudamaiainteriores,,arquiteto,"Botafogo - Rio de Janeiro, RJ",Botafogo,"Rua da Passagem, 67 - Botafogo, Rio de Janeiro - RJ, 22290-030",False,https://www.instagram.com/dudamaiainteriores,5.0,
PREVIEWPHOTO,21) 96522-6342,21) 96522-6342,http://www.instagram.com/previewphoto,,fotógrafo,"Botafogo - Rio de Janeiro, RJ",Botafogo,"R. Voluntários da Pátria, 389 - Botafogo, Rio de Janeiro - RJ, 22270-000",False,http://www.instagram.com/previewphoto,5.0,
Fotógrafo Emídio Gonzaga -VIC FOTO,21) 99176-6004,21) 99176-6004,http://www.instagram.com/previewphoto,,fotógrafo,"Botafogo - Rio de Janeiro, RJ",Botafogo,"R. Voluntários da Pátria, 450 - Botafogo, Rio de Janeiro - RJ, 22270-018",False,,5.0,
Estúdio Hanoi,21) 2527-1113,,http://www.instagram.com/previewphoto,,fotógrafo,"Botafogo - Rio de Janeiro, RJ",Botafogo,"R. Paulo Barreto, 16 - sobrado - Botafogo, Rio de Janeiro - RJ, 22280-010",False,,4.5,
JLRibas Foto,21) 98103-6198,21) 98103-6198,http://www.instagram.com/previewphoto,,fotógrafo,"Botafogo - Rio de Janeiro, RJ",Botafogo,"R. Barão de Lucena, 115 - Botafogo, Rio de Janeiro - RJ, 22260-020",False,,5.0,
Otromondo Estúdio Fotográfico,,,http://www.instagram.com/previewphoto,,fotógrafo,"Botafogo - Rio de Janeiro, RJ",Botafogo,"R. Pinheiro Guimarães, 86 - Botafogo, Rio de Janeiro - RJ, 22281-080",False,,4.7,
Nando Pessoa,11) 97877-3046,11) 97877-3046,http://www.instagram.com/previewphoto,,fotógrafo,"Botafogo - Rio de Janeiro, RJ",Flamengo,"R. Sen. Vergueiro - Flamengo, Rio de Janeiro - RJ, 22230-001",False,https://www.instagram.com/nandopessoafoto?igsh=cjhwNzV4dDR5cnBv&utm_source=qr,5.0,
Igor Helal - Fotógrafo / Filmmaker / Ensaios fotográficos e produções audiovisuais / Rio de Janeiro,21) 99983-8749,21) 99983-8749,http://www.instagram.com/previewphoto,,fotógrafo,"Botafogo - Rio de Janeiro, RJ",Ipanema,"Av. Francisco Bhering - Ipanema, Rio de Janeiro - RJ, 22080-050",False,https://instagram.com/igorhelal,5.0,
Espaço de Desenvolvimento Infantil Casa da Criança,21) 2543-8689,,,,escola,"Botafogo - Rio de Janeiro, RJ",Botafogo,"R. Fernandes Guimarães, 85 - Botafogo, Rio de Janeiro - RJ, 22290-000",False,,4.5,
Centro Educacional Berenice Barra,21) 99052-0004,21) 99052-0004,,,escola,"Botafogo - Rio de Janeiro, RJ",Botafogo,"R. Martins Ferreira, 47 - Botafogo, Rio de Janeiro - RJ, 22271-010",False,,3.7,
Centro Médico Botafogo,21) 2535-0185,,https://instagram.com/centrocariocadevacinacao?igshid=ZDdkNTZiNTM=,,clínica médica,"Botafogo - Rio de Janeiro, RJ",Botafogo,"R. Voluntários da Pátria, 445 - Botafogo, Rio de Janeiro - RJ, 22270-005",False,,4.4,
Consultório Médico Botafogo Emagrecimento Nutrologia e Obesidade | Dra. Monique Bastos | Clínico Geral Clínica Médica Rj,21) 97096-8188,5521970968188,,,clínica médica,"Botafogo - Rio de Janeiro, RJ",Botafogo,"R. Voluntários da Pátria, 190 - Sala 925 - Botafogo, Rio de Janeiro - RJ, 22270-012",False,,4.9,
Centro Médico Barão de Lucena,21) 2539-2064,,,,clínica médica,"Botafogo - Rio de Janeiro, RJ",Botafogo,"R. Barão de Lucena, 48 - Botafogo, Rio de Janeiro - RJ, 22260-020",False,,4.3,
Espaço Facial Botafogo - Harmonização Facial,21) 99222-1152,21) 99222-1152,https://instagram.com/espacofacial_botafogo,,harmonização facial,"Botafogo - Rio de Janeiro, RJ",Botafogo,"Praia de Botafogo, 400 - Piso 2 Loja 223 - Botafogo, Rio de Janeiro - RJ, 22250-040",False,https://instagram.com/espacofacial_botafogo,4.4,
Dra Jessica Tompson - Harmonização Facial,21) 97574-8522,21) 97574-8522,https://www.instagram.com/drajessicatompson?igsh=emowaDZqcm84OHBv,,harmonização facial,"Botafogo - Rio de Janeiro, RJ",Tijuca,"Rua Conde de Bonfim, 377 - Tijuca, Rio de Janeiro - RJ, 20520-051",False,https://www.instagram.com/drajessicatompson?igsh=emowaDZqcm84OHBv,5.0,
roy academy,21) 96426-5856,21) 96426-5856,,,harmonização facial,"Botafogo - Rio de Janeiro, RJ",Botafogo,"R. Bambina, 158 - Botafogo, Rio de Janeiro - RJ, 22251-050",False,,5.0,
Clínica Fernanda Silveira Harmonização Facial,32) 98861-1826,32) 98861-1826,,,harmonização facial,"Botafogo - Rio de Janeiro, RJ",Botafogo,"R. Visc. de Ouro Preto, 5 - Botafogo, Rio de Janeiro - RJ, 22250-180",False,,,
Depil Rio Centro de Depilação,21) 2541-4287,,https://www.instagram.com/depilrio,,depilação a laser,"Botafogo - Rio de Janeiro, RJ",Botafogo,"Rua Voluntários da Pátria, 45 Loja 113 Galeria - Botafogo, Rio de Janeiro - RJ, 22270-000",False,https://www.instagram.com/depilrio/,4.7,
Estética Braga,21) 99799-7678,21) 99799-7678,https://www.instagram.com/estetica.braga,,depilação a laser,"Botafogo - Rio de Janeiro, RJ",Botafogo,"R. Real Grandeza, 139 - sala 407 - Botafogo, Rio de Janeiro - RJ, 22281-033",False,https://www.instagram.com/estetica.braga/,5.0,
Cíntia Simões Micropigmentação,21) 99907-5988,21) 99907-5988,https://instagram.com/cintiasimoesmicro?igshid=NTdlMDg3MTY=,,micropigmentação,"Botafogo - Rio de Janeiro, RJ",Botafogo,"R. Voluntários da Pátria, 190 - Botafogo, Rio de Janeiro - RJ, 22270-902",False,https://instagram.com/cintiasimoesmicro?igshid=NTdlMDg3MTY=,5.0,
Marina Curi Micropigmentação | Harmonização & Estética Facial | Podologia | Botafogo,21) 99602-1017,21) 99602-1017,,,micropigmentação,"Botafogo - Rio de Janeiro, RJ",Botafogo,"R. Dezenove de Fevereiro, 130 - sala 102 - Botafogo, Rio de Janeiro - RJ, 22280-030",False,,5.0,
"Extensão de Cílios e Sobrancelhas | Studio Karol Garcia - Botafogo, Rio de janeiro",21) 98277-1238,21) 98277-1238,https://www.instagram.com/studiokarolgarcia?igsh=YmV6ZnlkdGV0NjBh,,micropigmentação,"Botafogo - Rio de Janeiro, RJ",Botafogo,"Praia de Botafogo, 210 - Botafogo, Rio de Janeiro - RJ, 22250-040",False,https://www.instagram.com/studiokarolgarcia?igsh=YmV6ZnlkdGV0NjBh,5.0,
MyLash Botafogo | Extensão de Cílios | design de sobrancelhas | Micropigmentação | Hydragloss | Lash Lifting,21) 99150-5089,21) 99150-5089,https://instagram.com/mylash.botafogo.rj,,micropigmentação,"Botafogo - Rio de Janeiro, RJ",Botafogo,"R. Voluntários da Pátria, 45 - loja 108 - Botafogo, Rio de Janeiro - RJ, 22270-900",False,https://instagram.com/mylash.botafogo.rj,4.2,
Lash lifting | Brow lamination | Remoção a laser de micropigmentação e tattoo Rio de Janeiro RJ - Renata Machado Beauty,21) 96640-7312,21) 96640-7312,https://www.instagram.com/renatamachadobeauty?igsh=cTQzdDg3NGp5NXl4,,micropigmentação,"Botafogo - Rio de Janeiro, RJ",Botafogo,"R. Voluntários da Pátria, 190 - sala 722 - Botafogo, Rio de Janeiro - RJ, 22270-902",False,https://www.instagram.com/renatamachadobeauty?igsh=cTQzdDg3NGp5NXl4,5.0,
Sobrancelhas Design Botafogo Praia Shopping,21) 97890-7335,21) 97890-7335,,,micropigmentação,"Botafogo - Rio de Janeiro, RJ",Botafogo,"Botafogo Praia Shopping - Botafogo, Rio de Janeiro - RJ, 22250-040",False,,5.0,
Adriana Alves Cílios Express,21) 97474-1321,21) 97474-1321,https://www.instagram.com/adrianalves.designer?igsh=MW02YjBqOTNmaGhwMg==&utm_source=qr,,micropigmentação,"Botafogo - Rio de Janeiro, RJ",Botafogo,"R. Voluntários da Pátria, 212 - Loja O - Botafogo, Rio de Janeiro - RJ, 22270-000",False,https://www.instagram.com/adrianalves.designer?igsh=MW02YjBqOTNmaGhwMg==&utm_source=qr,5.0,
Dra. Gilvânia Oliveira | HARMONIZAÇÃO E MICROPIGMENTAÇÃO,21) 99451-6957,21) 99451-6957,http://www.instagram.com/dra.gilvaniaoliveira,,micropigmentação,"Botafogo - Rio de Janeiro, RJ",Botafogo,"R. Visc. de Ouro Preto, 5 - 5 andar, sala 101 - Botafogo, Rio de Janeiro - RJ, 22250-180",False,http://www.instagram.com/dra.gilvaniaoliveira,5.0,
Lu! Cabebeleireira e micropigmentação a domicílio,53) 99713-9678,53) 99713-9678,https://www.instagram.com/lucianamoroacademy/profilecard/?igsh=MW51ZGpnbHc4azJubQ==,,micropigmentação,"Botafogo - Rio de Janeiro, RJ",Flamengo,"Av. Rui Barbosa, 636 - Flamengo, Rio de Janeiro - RJ, 22250-020",False,https://www.instagram.com/lucianamoroacademy/profilecard/?igsh=MW51ZGpnbHc4azJubQ==,5.0,
Ana Lúcia Studio,21) 97201-6407,21) 97201-6407,https://www.instagram.com/analuciaastudio,,micropigmentação,"Botafogo - Rio de Janeiro, RJ",Humaitá,"R. Voluntários da Pátria, 452 - Loja O - Humaitá, Rio de Janeiro - RJ, 22270-018",False,https://www.instagram.com/analuciaastudio/,5.0,
Catia Sinfronio - Estética e Bem-Estar,21) 97538-3634,21) 97538-3634,https://www.instagram.com/catiasinfronioestetica,,micropigmentação,"Botafogo - Rio de Janeiro, RJ",Botafogo,"R. Voluntários da Pátria, 190 - Sala 1023 - Botafogo, Rio de Janeiro - RJ, 22270-004",False,https://www.instagram.com/catiasinfronioestetica/,5.0,
Duda Maia Interiores,21) 98370-1395,21) 98370-1395,https://www.instagram.com/dudamaiainteriores,,designer de interiores,"Botafogo - Rio de Janeiro, RJ",Botafogo,"Rua da Passagem, 67 - Botafogo, Rio de Janeiro - RJ, 22290-030",False,https://www.instagram.com/dudamaiainteriores,5.0,
Dream Design Arquitetura e Interiores,21) 99473-6966,21) 99473-6966,https://www.instagram.com/dudamaiainteriores,,designer de interiores,"Botafogo - Rio de Janeiro, RJ",Pitangueiras,"R. Flávio José da Costa - Pitangueiras, Rio de Janeiro - RJ, 21930-290",False,https://www.instagram.com/dreamdesignarq/,5.0,
Thalia Dias Designer de Interiores,24) 99221-3989,24) 99221-3989,https://www.instagram.com/dudamaiainteriores,,designer de interiores,"Botafogo - Rio de Janeiro, RJ",Botafogo,"Praia de Botafogo, 400 - Botafogo, Rio de Janeiro - RJ, 22250-040",False,,,
Beatriz Cristina Interiores,21) 97242-8675,21) 97242-8675,https://www.instagram.com/dudamaiainteriores,,designer de interiores,"Botafogo - Rio de Janeiro, RJ",,,False,http://instagram.com/beatrizcristina.interiores,5.0,
Estúdio Qualivida,21) 98033-1333,21) 98033-1333,https://www.instagram.com/estudio_qualivida,,personal trainer,"Botafogo - Rio de Janeiro, RJ",Botafogo,"R. Voluntários da Pátria, 54 - Botafogo, Rio de Janeiro - RJ, 22270-001",False,https://www.instagram.com/estudio_qualivida/,4.9,
Personal Trainer André Abrahão,21) 98177-5213,21) 98177-5213,https://www.instagram.com/estudio_qualivida,,personal trainer,"Botafogo - Rio de Janeiro, RJ",Botafogo,"Rua senador Vergueiro, 93 Rua da Passagem, 160 Rua Bambina, 146, R. Voluntários da Pátria, 232 - Botafogo, Rio de Janeiro - RJ, 22290-031",False,,5.0,
Vitor Souza personal trainer rj,21) 98797-2707,21) 98797-2707,https://www.instagram.com/estudio_qualivida,,personal trainer,"Botafogo - Rio de Janeiro, RJ",Botafogo,"Av. Venceslau Brás, 72 - Botafogo, Rio de Janeiro - RJ, 22290-140",False,https://www.instagram.com/vitorsouzapersonaltrainerrj26?igsh=NWc2eHNjaTNzYTRl&utm_source=ig_contact_invite,,
Personal Trainer Leonardo Franzone,21) 97666-4495,21) 97666-4495,https://www.instagram.com/estudio_qualivida,,personal trainer,"Botafogo - Rio de Janeiro, RJ",Botafogo,"R. Voluntários da Pátria, 404 - Botafogo, Rio de Janeiro - RJ, 22270-010",False,,,
ELETROFIT | Eletroestimulação em Botafogo,21) 97611-8968,21) 97611-8968,https://www.instagram.com/estudio_qualivida,,personal trainer,"Botafogo - Rio de Janeiro, RJ",Botafogo,"R. Paulo Barreto, 25 - Botafogo, Rio de Janeiro - RJ, 22280-010",False,https://www.instagram.com/eletrofit_botafogo?igsh=dXUwcmVrZTNjNXdp,5.0,
Personal Fight - Gabriel Pasqualotti,21) 97608-6461,21) 97608-6461,https://www.instagram.com/estudio_qualivida,,personal trainer,"Botafogo - Rio de Janeiro, RJ",Botafogo,"R. da Matriz - Botafogo, Rio de Janeiro - RJ, 22260-100",False,,5.0,
Dawson Torta - Personal Trainer,21) 99803-9305,21) 99803-9305,https://www.instagram.com/estudio_qualivida,,personal trainer,"Botafogo - Rio de Janeiro, RJ",Botafogo,"R. Bambina, 56 - sala 208 - Botafogo, Rio de Janeiro - RJ, 22250-040",False,,5.0,
Centro Médico Botafogo,21) 2535-0185,5521975514475,https://www.instagram.com/dragizelecabral,,consultório,"Botafogo - Rio de Janeiro, RJ",Botafogo,"R. Voluntários da Pátria, 445 - Botafogo, Rio de Janeiro - RJ, 22270-005",False,,4.4,
Consultório Médico Botafogo Emagrecimento Nutrologia e Obesidade | Dra. Monique Bastos | Clínico Geral Clínica Médica Rj,21) 97096-8188,5521970968188,,,consultório,"Botafogo - Rio de Janeiro, RJ",Botafogo,"R. Voluntários da Pátria, 190 - Sala 925 - Botafogo, Rio de Janeiro - RJ, 22270-012",False,,4.9,
Centro Médico Barão de Lucena,21) 2539-2064,,,,consultório,"Botafogo - Rio de Janeiro, RJ",Botafogo,"R. Barão de Lucena, 48 - Botafogo, Rio de Janeiro - RJ, 22260-020",False,,4.3,
Centro Médico Bambina,,,,,consultório,"Botafogo - Rio de Janeiro, RJ",Botafogo,"R. Bambina, 56 - Botafogo, Rio de Janeiro - RJ, 22251-050",False,,5.0,
Dra. Kátia Cristina De Oliveira Santos,21) 2246-1210,552122465742,,,consultório,"Botafogo - Rio de Janeiro, RJ",Botafogo,"R. Voluntários da Pátria, 190 - Sala 1223 - Botafogo, Rio de Janeiro - RJ, 22270-902",False,,4.8,
Dr Margalo Assistência Médica,21) 2266-1691,,,,consultório,"Botafogo - Rio de Janeiro, RJ",Botafogo,"R. Voluntários da Pátria, 190 - Botafogo, Rio de Janeiro - RJ, 22270-010",False,,3.5,
Dra. Claire Machado - Clinica Estética Zona Sul Rj,21) 98482-4731,21) 98482-4731,https://www.instagram.com/draclairemachado,,clínica de estética,"Flamengo - Rio de Janeiro, RJ",Flamengo,"R. Dois de Dezembro, 38 - sala 202 - Flamengo, Rio de Janeiro - RJ, 22220-040",False,https://www.instagram.com/draclairemachado/,5.0,
Juliana Lombas | Estética Corporal e Facial no Rio de Janeiro - RJ,21) 97449-2031,21) 97449-2031,https://www.instagram.com/julianalombas.estetica,,clínica de estética,"Flamengo - Rio de Janeiro, RJ",Flamengo,"R. Barão do Flamengo, 22 - Sala 302 - Flamengo, Rio de Janeiro - RJ, 22220-080",False,https://www.instagram.com/julianalombas.estetica,5.0,
ESTKY Estética Avançada,21) 97199-1203,21) 97199-1203,,,clínica de estética,"Flamengo - Rio de Janeiro, RJ",Flamengo,"R. do Catete, 347 - 4° Andar, Sala 444 - Flamengo, Rio de Janeiro - RJ, 22220-001",False,,5.0,
Dra. Daniela Santos | Clinica de Estética Flamengo,21) 96736-6075,21) 96736-6075,,,clínica de estética,"Flamengo - Rio de Janeiro, RJ",Catete,"R. do Catete, 311 - sala:1201 - Catete, Rio de Janeiro - RJ, 22220-001",False,,5.0,
"Monné Clinic /Drenagem linfática, massagem modeladora, harmonização facial e corporal.",21) 96999-8656,21) 96999-8656,https://www.instagram.com/monneclinc?igsh=OHlvbjFuNzd5cm53&utm_source=qr,,clínica de estética,"Flamengo - Rio de Janeiro, RJ",Flamengo,"Largo do Machado, 29 - Sala 306 - Flamengo, Rio de Janeiro - RJ, 22220-001",False,https://www.instagram.com/monneclinc?igsh=OHlvbjFuNzd5cm53&utm_source=qr,5.0,
Espaço Lu Sena Massagem terapêutica/estética,21) 98215-5247,21) 98215-5247,https://www.instagram.com/espacolusena,,clínica de estética,"Flamengo - Rio de Janeiro, RJ",Flamengo,"R. Marquês de Abrantes, 170 - Sala 206 - Flamengo, Rio de Janeiro - RJ, 22230-061",False,https://www.instagram.com/espacolusena/,4.9,
DRENAGEM LINFÁTICA FISIOTERAPIA - ATENDIMENTO DOMICILIAR - FLAMENGO/LAGOA - ZONA SUL - RJ,21) 98224-3302,21) 98224-3302,https://instagram.com/draanaluciapereira?igshid=ZDdkNTZiNTM=,,clínica de estética,"Flamengo - Rio de Janeiro, RJ",Flamengo,"R. Marquês de Abrantes, 170 - Sala 206 - Flamengo, Rio de Janeiro - RJ, 22230-060",False,https://instagram.com/draanaluciapereira?igshid=ZDdkNTZiNTM=,5.0,
Clínica Sport Physio,21) 2551-4306,,,,clínica de estética,"Flamengo - Rio de Janeiro, RJ",Flamengo,"Galeria Enseada - R. Marquês de Abrantes, 177 - Loja 109 - Flamengo, Rio de Janeiro - RJ, 22230-060",False,,4.9,
Corpórea - Paissandu,21) 97409-2826,21) 97409-2826,https://instagram.com/corporea.paissandu,,salão premium,"Flamengo - Rio de Janeiro, RJ",Flamengo,"R. Paissandu, 73b - Flamengo, Rio de Janeiro - RJ, 22210-085",False,https://instagram.com/corporea.paissandu/,4.6,
Fórum da Beleza,21) 97534-3383,21) 97534-3383,,,salão premium,"Flamengo - Rio de Janeiro, RJ",Flamengo,"R. Marquês de Abrantes, 157 - loja - Flamengo, Rio de Janeiro - RJ, 22230-060",False,,4.3,
Sebàstian Coiffeur,21) 2285-9133,,,,salão premium,"Flamengo - Rio de Janeiro, RJ",Flamengo,"R. Sen. Vergueiro, 80 - Lj C - Flamengo, Rio de Janeiro - RJ, 22230-001",False,,4.5,
Corpórea Esmalteria e Estética,21) 2323-7664,,http://www.instagram.com/corporea.flamengo,,salão premium,"Flamengo - Rio de Janeiro, RJ",Flamengo,"R. Marquês de Abrantes, 168 - 23 - Flamengo, Rio de Janeiro - RJ, 22230-061",False,http://www.instagram.com/corporea.flamengo,4.4,
Zenil Cabeleireiro Unissex,21) 2551-2310,,,,salão premium,"Flamengo - Rio de Janeiro, RJ",Flamengo,"R. Marquês de Abrantes, 219 - Flamengo, Rio de Janeiro - RJ, 22230-061",False,,4.7,
Salão Nobre FCC,,,,,salão premium,"Flamengo - Rio de Janeiro, RJ",Flamengo,"Av. Rui Barbosa, 762 - Flamengo, Rio de Janeiro - RJ, 22250-020",False,,4.0,
Studio Monthana,21) 96697-5176,21) 96697-5176,,,salão premium,"Flamengo - Rio de Janeiro, RJ",Flamengo,"R. Alm. Tamandaré, 66 - Loja C - Flamengo, Rio de Janeiro - RJ, 22210-060",False,,5.0,
Dulce Costa Unhas,21) 99349-1202,21) 99349-1202,,,salão premium,"Flamengo - Rio de Janeiro, RJ",Flamengo,"R. Marquês de Abrantes - Flamengo, Rio de Janeiro - RJ, 22230-061",False,,5.0,
Salão 1 FCC,,,,,salão premium,"Flamengo - Rio de Janeiro, RJ",Flamengo,"Av. Rui Barbosa, 762 - Flamengo, Rio de Janeiro - RJ, 22250-020",False,,,
Studio 212,21) 99712-2232,21) 99712-2232,,,salão premium,"Flamengo - Rio de Janeiro, RJ",Flamengo,"R. Marquês de Abrantes, 212 - Loja B - Flamengo, Rio de Janeiro - RJ, 22230-060",False,,5.0,
Kaha Salon,21) 99511-6235,21) 99511-6235,https://instagram.com/kahasalon?igshid=c7eny98tzmiz,,salão premium,"Flamengo - Rio de Janeiro, RJ",Flamengo,"R. Marquês de Abrantes, 88 - Sobreloja - Flamengo, Rio de Janeiro - RJ, 22230-060",False,https://instagram.com/kahasalon?igshid=c7eny98tzmiz,4.6,
Salão 3 FCC,,,,,salão premium,"Flamengo - Rio de Janeiro, RJ",Flamengo,"Av. Rui Barbosa, 762 - Flamengo, Rio de Janeiro - RJ, 22250-020",False,,,
JP Barbearia (Paulinho),21) 98367-8111,21) 98367-8111,,,barbearia premium,"Flamengo - Rio de Janeiro, RJ",Flamengo,"R. Corrêa Dutra, 99 - Loja 8 - Flamengo, Rio de Janeiro - RJ, 22210-050",False,,5.0,
Super corte barbearia,21) 96714-7600,21) 96714-7600,,,barbearia premium,"Flamengo - Rio de Janeiro, RJ",Flamengo,"R. Dois de Dezembro, 108 - Flamengo, Rio de Janeiro - RJ, 22220-040",False,,4.9,
Barbearia Sr. Rodrigues,21) 99786-2576,21) 99786-2576,,,barbearia premium,"Flamengo - Rio de Janeiro, RJ",Botafogo,"R. Marquês de Abrantes, 177 - Loja 103 - Botafogo, Rio de Janeiro - RJ, 22230-060",False,,4.9,
NAVALHA PREMIUM BARBEARIA,,,,,barbearia premium,"Flamengo - Rio de Janeiro, RJ",Manguinhos,"R. Uranos, 1206 - Manguinhos, Rio de Janeiro - RJ, 21060-070",False,,5.0,
Barbearia Premium,,,https://www.instagram.com/jldocorte,,barbearia premium,"Flamengo - Rio de Janeiro, RJ",Taquara,"R. do Caule, 12 - Taquara, Rio de Janeiro - RJ, 22713-582",False,https://www.instagram.com/jldocorte/,4.9,
DG BARBER PREMIUM,21) 98686-4144,21) 98686-4144,,,barbearia premium,"Flamengo - Rio de Janeiro, RJ",Jardim Palmares,"R. das Mangueiras, 123 - Jardim Palmares, Nova Iguaçu - RJ, 26277-610",False,,5.0,
Orlion barbearia premium,21) 97541-5868,21) 97541-5868,,,barbearia premium,"Flamengo - Rio de Janeiro, RJ",Penha,"R. Afonso Ribeiro, 394 - Loja c - Penha, Rio de Janeiro - RJ, 21021-000",False,,5.0,
Barbearia Tradicional do Flamengo - Cabelo & Barba - Perfumaria Masculina,21) 2285-6954,,,,barbearia premium,"Flamengo - Rio de Janeiro, RJ",Flamengo,"RUA Senador Vergueiro, nº 45 Loja 4 Parte 3 - TEL 2285-6954 - Vivo 21 996-683-985 - Flamengo, Rio de Janeiro - RJ, 22230-000",False,,4.6,
Barbearia Telmo's,21) 2551-6747,,,,barbearia premium,"Flamengo - Rio de Janeiro, RJ",Flamengo,"R. Sen. Vergueiro, 218 - Loja 25 - Flamengo, Rio de Janeiro - RJ, 22230-001",False,,4.8,
Barbados Barbearia Premium,21) 97466-2553,21) 97466-2553,,,barbearia premium,"Flamengo - Rio de Janeiro, RJ",Senador Vasconcelos,"Av. Cesário de Melo, 375 - Senador Vasconcelos, Rio de Janeiro - RJ, 23085-110",False,,4.9,
Salão Master,21) 2552-7549,,,,barbearia premium,"Flamengo - Rio de Janeiro, RJ",Flamengo,"R. Marquês de Abrantes, 168 - loja 18 - Flamengo, Rio de Janeiro - RJ, 22230-061",False,,4.9,
Dra. Renata Pinho - Lagoa Rio Odontologia,21) 98419-0453,5521970420457,https://www.instagram.com/studiodentalrj,,dentista,"Flamengo - Rio de Janeiro, RJ",Jardim Botânico,"Edifício Touch - R. Jardim Botânico, 568 - 202 - Jardim Botânico, Rio de Janeiro - RJ, 22461-000",False,https://www.instagram.com/lagoario_odonto/,5.0,
Spécialités Odontologia Integrada,21) 99202-0434,5521970420457,https://www.instagram.com/studiodentalrj,,dentista,"Flamengo - Rio de Janeiro, RJ",Flamengo,"Praia do Flamengo, 66 - sala 717 B - Flamengo, Rio de Janeiro - RJ, 22210-030",False,,4.9,
Dra. Renata Bella,21) 96682-6285,5521970420457,https://www.instagram.com/studiodentalrj,,dentista,"Flamengo - Rio de Janeiro, RJ",Flamengo,"Praia do Flamengo, 66 - Bloco B, Sala 1307 - Flamengo, Rio de Janeiro - RJ, 22210-903",False,,5.0,
Macro Odontologia,21) 96715-7831,5521970420457,https://www.instagram.com/studiodentalrj,,dentista,"Flamengo - Rio de Janeiro, RJ",Flamengo,"R. Marquês de Abrantes, 158 - Loja B - Flamengo, Rio de Janeiro - RJ, 22230-060",False,,4.6,
RP Odontologia Especializada,21) 97308-8222,5521970420457,https://www.instagram.com/studiodentalrj,,dentista,"Flamengo - Rio de Janeiro, RJ",Flamengo,"Praia do Flamengo, 66 B - sala 804 - Flamengo, Rio de Janeiro - RJ, 22210-903",False,,5.0,
Studio Dental Rj,21) 96583-1176,5521970420457,https://www.instagram.com/studiodentalrj,,dentista,"Flamengo - Rio de Janeiro, RJ",Flamengo,"R. Dois de Dezembro, 78 - sala 209 - Flamengo, Rio de Janeiro - RJ, 22220-040",False,https://www.instagram.com/studiodentalrj,5.0,
Dra Elise Telles Ortodontia Invisalign Flamengo Rio de Janeiro,21) 99084-9988,5521970420457,https://www.instagram.com/studiodentalrj,,dentista,"Flamengo - Rio de Janeiro, RJ",Flamengo,"Praia do Flamengo, 66 - bloco B, sala 1105 - Flamengo, Rio de Janeiro - RJ, 22210-030",False,,5.0,
Rebeca Espinosa - Psicóloga,22) 99750-5690,22) 99750-5690,https://www.instagram.com/re.invencoes?igsh=OTlmZm8ydjgwdTR1,,psicólogo,"Flamengo - Rio de Janeiro, RJ",sala 918,"Clareira, Espaço Terapêutico - Rua Dois de Dezembro, Largo do Machado, 78 - sala 918, Rio de Janeiro - RJ, 22220-040",False,https://www.instagram.com/re.invencoes?igsh=OTlmZm8ydjgwdTR1,5.0,
Psicólogo Thiago Espíndola - Flamengo RJ,21) 99786-0998,21) 99786-0998,https://www.instagram.com/re.invencoes?igsh=OTlmZm8ydjgwdTR1,,psicólogo,"Flamengo - Rio de Janeiro, RJ",Flamengo,"Largo do Machado, 21 - Sala 201 - Flamengo, Rio de Janeiro - RJ, 22210-060",False,https://www.instagram.com/psi.thiagoespindola?igsh=MXNyNjZjZTk2Y3lwZQ==,5.0,
Virgínia Menezes Psicóloga,21) 98855-3841,21) 98855-3841,https://www.instagram.com/re.invencoes?igsh=OTlmZm8ydjgwdTR1,,psicólogo,"Flamengo - Rio de Janeiro, RJ",Catete,"R. Dois de Dezembro, 38 - sala 203 - Catete, Rio de Janeiro - RJ, 22220-040",False,https://www.instagram.com/virginiaexplica/,5.0,
"Dra. Marcia Carvalho, Psicóloga Clínica - FLAMENGO - DEPRESSÃO, SINDROME DO PÂNICO, TDAH, TRANSTORNOS DE PERSONALIDADE, AUTISMO, ANSIEDADE E OUTROS.",21) 98802-1010,21) 98802-1010,https://www.instagram.com/re.invencoes?igsh=OTlmZm8ydjgwdTR1,,psicólogo,"Flamengo - Rio de Janeiro, RJ",RJ,"Flamengo, Rio de Janeiro - RJ, 22230-010",False,,5.0,
Psicóloga Giselle Casado. CRP 05/72036.,21) 99307-0967,21) 99307-0967,https://www.instagram.com/re.invencoes?igsh=OTlmZm8ydjgwdTR1,,psicólogo,"Flamengo - Rio de Janeiro, RJ",Flamengo,"R. Dois de Dezembro, 38 - Flamengo, Rio de Janeiro - RJ, 22220-040",False,,5.0,
Existencia Clinica Terapêutica,21) 97131-5619,21) 97131-5619,https://www.instagram.com/re.invencoes?igsh=OTlmZm8ydjgwdTR1,,psicólogo,"Flamengo - Rio de Janeiro, RJ",Flamengo,"R. Dois de Dezembro, 38 - Room 302 - Flamengo, Rio de Janeiro - RJ, 22220-040",False,https://www.instagram.com/existenciaclinicaterapeutica?igsh=b3RpbHF5c3F3dmw1,5.0,
Psicóloga Andressa Amendola - Atendimento Online e Presencial,21) 96949-6427,21) 96949-6427,https://www.instagram.com/re.invencoes?igsh=OTlmZm8ydjgwdTR1,,psicólogo,"Flamengo - Rio de Janeiro, RJ",Flamengo,"R. Dois de Dezembro, 38 - Flamengo, Rio de Janeiro - RJ, 22220-040",False,https://www.instagram.com/andressa.amendola/,,
Celina Soares Nutrição,21) 97008-7999,21) 97008-7999,https://www.instagram.com/nutrigisellepereira,,nutricionista,"Flamengo - Rio de Janeiro, RJ",Flamengo,"R. Marquês de Abrantes, 170 - Flamengo, Rio de Janeiro - RJ, 22230-060",False,,5.0,
Marina Capella,21) 97928-2119,21) 97928-2119,https://www.instagram.com/stellamartinellif,,nutricionista,"Flamengo - Rio de Janeiro, RJ",Flamengo,"R. Dois de Dezembro, 78 - Flamengo, Rio de Janeiro - RJ, 22221-020",False,,5.0,3
"Nutricionista Stella Martinelli | Reeducação Alimentar, Transtornos Alimentares E Bariátricos",21) 97701-6772,21) 97701-6772,https://www.instagram.com/stellamartinellif,,nutricionista,"Flamengo - Rio de Janeiro, RJ",Flamengo,"R. Dois de Dezembro, 78 - Flamengo, Rio de Janeiro - RJ, 22220-040",False,https://www.instagram.com/stellamartinellif/,5.0,
Giselle Pereira,21) 96413-6743,21) 96413-6743,https://www.instagram.com/stellamartinellif,,nutricionista,"Flamengo - Rio de Janeiro, RJ",Flamengo,"R. Barão do Flamengo, 22 - Flamengo, Rio de Janeiro - RJ, 22220-080",False,https://www.instagram.com/nutrigisellepereira/,5.0,
Ana Paula Stenzel,21) 96762-1220,21) 96762-1220,https://www.instagram.com/stellamartinellif,,nutricionista,"Flamengo - Rio de Janeiro, RJ",Flamengo,"Rua Almirante Tamandaré, Largo do Machado, 66 - sala 548 - Flamengo, Rio de Janeiro - RJ, 22210-060",False,,5.0,
Laís Araújo - Nutricionista Comportamental,,,https://www.instagram.com/stellamartinellif,,nutricionista,"Flamengo - Rio de Janeiro, RJ",Flamengo,"R. Dois de Dezembro, 78/313 - Flamengo, Rio de Janeiro - RJ, 22220-040",False,,5.0,
Dra. Miryam Minayo,21) 99370-2047,21) 99370-2047,https://www.instagram.com/stellamartinellif,,nutricionista,"Flamengo - Rio de Janeiro, RJ",Flamengo,"R. Dois de Dezembro, 38 - sala 105 - Flamengo, Rio de Janeiro - RJ, 22220-040",False,https://www.instagram.com/nutri.miryamminayo/,5.0,
Nutricionista Gerlane Santos,21) 99086-0660,21) 99086-0660,https://www.instagram.com/stellamartinellif,,nutricionista,"Flamengo - Rio de Janeiro, RJ",Flamengo,"R. Dois de Dezembro, 78 - Sala 716 - Flamengo, Rio de Janeiro - RJ, 22220-040",False,https://www.instagram.com/gerlanesantos_nutri?igsh=a3E4bzU1emE4ZGE=&utm_source=qr,5.0,
Viviane Rebouças,21) 98127-9145,21) 98127-9145,https://www.instagram.com/stellamartinellif,,nutricionista,"Flamengo - Rio de Janeiro, RJ",Flamengo,"R. Barão do Flamengo, 22/604 - Flamengo, Rio de Janeiro - RJ, 22220-080",False,,5.0,
Clínica Sport Physio,21) 2551-4306,,https://www.instagram.com/fisio_reabilitare?igsh=bnVxcDU3cXlvd2g2,,fisioterapeuta,"Flamengo - Rio de Janeiro, RJ",Flamengo,"Galeria Enseada - R. Marquês de Abrantes, 177 - Loja 109 - Flamengo, Rio de Janeiro - RJ, 22230-060",False,,4.9,
Clínica Fisio Reabilitare,21) 96786-2731,21) 96786-2731,https://www.instagram.com/fisio_reabilitare?igsh=bnVxcDU3cXlvd2g2,,fisioterapeuta,"Flamengo - Rio de Janeiro, RJ",Flamengo,"R. Dois de Dezembro, 78 - Sala: 307 - Flamengo, Rio de Janeiro - RJ, 22220-040",False,https://www.instagram.com/fisio_reabilitare?igsh=bnVxcDU3cXlvd2g2,5.0,
DRENAGEM LINFÁTICA FISIOTERAPIA - ATENDIMENTO DOMICILIAR - FLAMENGO/LAGOA - ZONA SUL - RJ,21) 98224-3302,21) 98224-3302,https://www.instagram.com/fisio_reabilitare?igsh=bnVxcDU3cXlvd2g2,,fisioterapeuta,"Flamengo - Rio de Janeiro, RJ",Flamengo,"R. Marquês de Abrantes, 170 - Sala 206 - Flamengo, Rio de Janeiro - RJ, 22230-060",False,https://instagram.com/draanaluciapereira?igshid=ZDdkNTZiNTM=,5.0,
Dra. Gabriela Figueiredo - Fisioterapeuta e Enfermeira,21) 99463-3703,21) 99463-3703,https://www.instagram.com/fisio_reabilitare?igsh=bnVxcDU3cXlvd2g2,,fisioterapeuta,"Flamengo - Rio de Janeiro, RJ",1209,"R. do Catete, 311 - 1209, Rio de Janeiro - RJ, 22240-000",False,https://www.instagram.com/dra.gabifigueiredo/,5.0,
Espaço Saúde e Movimento | Pilates e Fisioterapia Pélvica,21) 95911-0393,21) 95911-0393,https://www.instagram.com/fisio_reabilitare?igsh=bnVxcDU3cXlvd2g2,,fisioterapeuta,"Flamengo - Rio de Janeiro, RJ",Flamengo,"R. Alm. Tamandaré, 66 - Sala 843 - Flamengo, Rio de Janeiro - RJ, 22210-060",False,https://www.instagram.com/espaco.saudeemovimento?igsh=MWZkbWYzcWh1Mjh6Zg==,5.0,
Fisioterapeuta Janaina Leal - Atendimento domiciliar,21) 98516-2525,21) 98516-2525,https://www.instagram.com/fisio_reabilitare?igsh=bnVxcDU3cXlvd2g2,,fisioterapeuta,"Flamengo - Rio de Janeiro, RJ",RJ,"Rua BENTO Lisboa, Largo do Machado, Rio de Janeiro - RJ, 22221-011",False,,5.0,
Clinica de Fisioterapia Multi Hub LTDA,21) 99797-8988,21) 99797-8988,https://www.instagram.com/fisio_reabilitare?igsh=bnVxcDU3cXlvd2g2,,fisioterapeuta,"Flamengo - Rio de Janeiro, RJ",sala 706,"Rua do catete, Largo do Machado, 311 - sala 706, Rio de Janeiro - RJ, 22220-001",False,,5.0,
"Fascite NÃO! Dra. Luciana Esteves de Freitas, fisioterapeuta",21) 98320-0330,5521986372412,https://www.instagram.com/fisio_reabilitare?igsh=bnVxcDU3cXlvd2g2,,fisioterapeuta,"Flamengo - Rio de Janeiro, RJ",Flamengo,"R. Dois de Dezembro, 78 - Flamengo, Rio de Janeiro - RJ, 22220-040",False,https://www.instagram.com/fas.cite_nao?utm_source=ig_web_button_share_sheet&igsh=ZDNlZDc0MzIxNw==,5.0,
Espaço Apala - Pilates Flamengo,21) 99877-8310,21) 99877-8310,https://www.instagram.com/espacoapala,,pilates,"Flamengo - Rio de Janeiro, RJ",Flamengo,"R. Barão do Flamengo, 22 - Flamengo, Rio de Janeiro - RJ, 22220-080",False,https://www.instagram.com/espacoapala/,5.0,
Habilitare Studio Pilates,21) 2245-0521,,,,pilates,"Flamengo - Rio de Janeiro, RJ",Flamengo,"R. Dois de Dezembro, 78 - Sala 402 - Flamengo, Rio de Janeiro - RJ, 22220-040",False,,5.0,
Alle Pilates Integrativo,21) 97324-5836,21) 97324-5836,http://www.instagram.com/allepilates,,pilates,"Flamengo - Rio de Janeiro, RJ",Flamengo,"R. Marquês de Abrantes, 100 - sala 302 - Flamengo, Rio de Janeiro - RJ, 22230-061",False,http://www.instagram.com/allepilates,4.9,
Dra. Gabriela Figueiredo - Fisioterapeuta e Enfermeira,21) 99463-3703,21) 99463-3703,https://www.instagram.com/dra.gabifigueiredo,,pilates,"Flamengo - Rio de Janeiro, RJ",1209,"R. do Catete, 311 - 1209, Rio de Janeiro - RJ, 22240-000",False,https://www.instagram.com/dra.gabifigueiredo/,5.0,
Espaço Pilates Saúde & Fisioterapia,21) 97283-8383,21) 97283-8383,,,pilates,"Flamengo - Rio de Janeiro, RJ",Flamengo,"Edifício São Luiz - R. do Catete, 311 - sala 1011 - Flamengo, Rio de Janeiro - RJ, 22220-901",False,,5.0,
Espaço Femme,21) 98725-8227,21) 98725-8227,,,pilates,"Flamengo - Rio de Janeiro, RJ",Flamengo,"R. Alm. Tamandaré, 66/542 - Flamengo, Rio de Janeiro - RJ, 21043-070",False,,5.0,
Espaço Flamengo,21) 98887-2205,21) 98887-2205,,,pilates,"Flamengo - Rio de Janeiro, RJ",Flamengo,"R. Marquês de Abrantes, 170 - sala 1005 - Flamengo, Rio de Janeiro - RJ, 22230-061",False,,5.0,
Studio Barbara Moreira,21) 98986-9029,21) 98986-9029,,,pilates,"Flamengo - Rio de Janeiro, RJ",Catete,"R. Buarque de Macedo, 26 - Sala 201 - Catete, Rio de Janeiro - RJ, 22220-030",False,,5.0,
Studio Ana Carvalho Pilates,21) 97855-0989,21) 97855-0989,,,pilates,"Flamengo - Rio de Janeiro, RJ",Catete,"R. do Catete, 311 - Sala 1215 - Catete, Rio de Janeiro - RJ, 22220-001",False,,4.5,
Studio Surya Pilates e Fisioterapia,21) 2558-5682,,https://instagram.com/studio.surya?utm_medium=copy_link,,pilates,"Flamengo - Rio de Janeiro, RJ",Catete,"R. do Catete, 228 - salas 315/316 - Catete, Rio de Janeiro - RJ, 22220-001",False,https://instagram.com/studio.surya?utm_medium=copy_link,5.0,
Movimento & Equilíbrio Pilates,21) 2556-1986,,,,pilates,"Flamengo - Rio de Janeiro, RJ",Flamengo,"Praia do Flamengo, 66 - Flamengo, Rio de Janeiro - RJ, 22210-030",False,,4.0,
CF365 - Academia de Cross no Flamengo,21) 99698-2040,https://api.whatsapp.com/send?phone=5521970353971&text=Ol%C3%A1!+Gostaria+de+mais+informa%C3%A7%C3%B5es+sobre+aulas+de+Cross.,,,academia boutique,"Flamengo - Rio de Janeiro, RJ",Flamengo,"Praia do Flamengo, 224 - Loja B - Flamengo, Rio de Janeiro - RJ, 22210-902",False,,4.8,
Studio I de Treinamento Personalizado,21) 99933-4186,21) 99933-4186,,,academia boutique,"Flamengo - Rio de Janeiro, RJ",Flamengo,"R. Barão do Flamengo, 32 - 2° andar - Flamengo, Rio de Janeiro - RJ, 22220-080",False,,5.0,
Life Fitness Beach Treinamento Funcional,,,,,academia boutique,"Flamengo - Rio de Janeiro, RJ",Flamengo,"Praia do Flamengo - Flamengo, Rio de Janeiro - RJ, 22210-030",False,,5.0,
Estudio Metacarpos,21) 98869-2372,21) 98869-2372,,,academia boutique,"Flamengo - Rio de Janeiro, RJ",Flamengo,"R. Sen. Vergueiro, 272 - Loja D - Flamengo, Rio de Janeiro - RJ, 22230-000",False,,5.0,
Academia Estação 21,21) 98259-4040,21) 98259-4040,,,academia boutique,"Flamengo - Rio de Janeiro, RJ",Flamengo,"Acesso pelo prédio Kariobra- ao lado da saída do metrô Flamengo - R. Marquês de Abrantes, 100 - Flamengo, Rio de Janeiro - RJ, 22230-061",False,,4.6,
Espaço Flamengo,21) 98887-2205,21) 98887-2205,,,academia boutique,"Flamengo - Rio de Janeiro, RJ",Flamengo,"R. Marquês de Abrantes, 170 - sala 1005 - Flamengo, Rio de Janeiro - RJ, 22230-061",False,,5.0,
Estúdio Vilar Personal,21) 99326-7481,21) 99326-7481,,,academia boutique,"Flamengo - Rio de Janeiro, RJ",Flamengo,"R. Marquês de Abrantes, 170 - 1004 - Flamengo, Rio de Janeiro - RJ, 22230-060",False,,5.0,
Studio Corpo Vivo,21) 98556-1375,21) 98556-1375,,,academia boutique,"Flamengo - Rio de Janeiro, RJ",Flamengo,"R. Sen. Vergueiro, 250 - A Lojas F/G - Flamengo, Rio de Janeiro - RJ, 22230-001",False,,5.0,
Espaço Aquático,21) 2225-3245,,https://www.instagram.com/espacoaquaticoflamengo,,academia boutique,"Flamengo - Rio de Janeiro, RJ",Flamengo,"R. Paulo VI, 65 - Flamengo, Rio de Janeiro - RJ, 22230-080",False,https://www.instagram.com/espacoaquaticoflamengo/,4.6,
Perfect Body Catete,21) 98018-9538,21) 98018-9538,,,academia boutique,"Flamengo - Rio de Janeiro, RJ",Catete,"R. do Catete, 178 - Catete, Rio de Janeiro - RJ, 22220-000",False,,4.0,
Yara Borges - Designer de Sobrancelhas,21) 97024-3065,21) 97024-3065,https://instagram.com/yaraborgesdesigner?igshid=YzA2ZDJiZGQ=,,studio de sobrancelha,"Flamengo - Rio de Janeiro, RJ",Flamengo,"R. Paulo VI, 62 - loja 5B - Flamengo, Rio de Janeiro - RJ, 22230-080",False,https://instagram.com/yaraborgesdesigner?igshid=YzA2ZDJiZGQ=,5.0,
Bianca Aragão Beauty,,5521981479680,,,studio de sobrancelha,"Flamengo - Rio de Janeiro, RJ",Flamengo,"R. Sen. Vergueiro - Flamengo, Rio de Janeiro - RJ, 22230-000",False,,5.0,
Cílios| Sobrancelhas| Lábios| Micropigmentação| Maquiagem | Massagem - Vanessa Vianna,21) 99510-0806,21) 99510-0806,https://www.instagram.com/studiov.vianna?utm_source=ig_web_button_share_sheet&igsh=ZDNlZDc0MzIxNw==,,studio de sobrancelha,"Flamengo - Rio de Janeiro, RJ",Flamengo,"R. Alm. Tamandaré, 66 - Flamengo, Rio de Janeiro - RJ, 22230-061",False,https://www.instagram.com/studiov.vianna?utm_source=ig_web_button_share_sheet&igsh=ZDNlZDc0MzIxNw==,5.0,
Dairosa Beauty,21) 98796-6456,21) 98796-6456,https://instagram.com/dairosabeauty?igshid=OGQ5ZDc2ODk2ZA==,,studio de sobrancelha,"Flamengo - Rio de Janeiro, RJ",Flamengo,"Edifício Catete Business - R. Dois de Dezembro, 78 - sala 911 - Flamengo, Rio de Janeiro - RJ, 22220-040",False,https://www.instagram.com/dairosabeauty?igsh=dm93ZHRzcjZ4eGY4&utm_source=qr,5.0,
Espaço Carolita,21) 98078-8167,21) 98078-8167,http://www.instagram.com/carolitaestetica,,studio de sobrancelha,"Flamengo - Rio de Janeiro, RJ",Flamengo,"R. Alm. Tamandaré, 66 - Flamengo, Rio de Janeiro - RJ, 22210-060",False,http://www.instagram.com/carolitaestetica,5.0,
Studio Gabriela Moraes,21) 98877-0469,21) 98877-0469,https://www.instagram.com/p/CmCBxv4O4Jk/?igshid=NTdlMDg3MTY=,,studio de sobrancelha,"Flamengo - Rio de Janeiro, RJ",Flamengo,"Rua Conde de Baependi, 54 - Flamengo, Rio de Janeiro - RJ, 22231-140",False,https://www.instagram.com/p/CmCBxv4O4Jk/?igshid=NTdlMDg3MTY=,5.0,
Designer de sobrancelhas Adilson Carvalho O mago das sobrancelhas,75) 98149-0404,75) 98149-0404,,,studio de sobrancelha,"Flamengo - Rio de Janeiro, RJ",Catete,"R. do Catete, 338 - loja 10 - Catete, Rio de Janeiro - RJ, 22220-001",False,,5.0,
Studio Olhar 43,21) 99299-1808,21) 99299-1808,https://instagram.com/lashrayneandrade?igshid=OTk0YzhjMDVlZA==,,studio de sobrancelha,"Flamengo - Rio de Janeiro, RJ",aterro do flamengo,"R. do Russel, 344 - aterro do flamengo, Rio de Janeiro - RJ, 22210-010",False,https://instagram.com/lashrayneandrade?igshid=OTk0YzhjMDVlZA==,5.0,
Studio Monthana,21) 96697-5176,21) 96697-5176,,,studio de sobrancelha,"Flamengo - Rio de Janeiro, RJ",Flamengo,"R. Alm. Tamandaré, 66 - Loja C - Flamengo, Rio de Janeiro - RJ, 22210-060",False,,5.0,
Pollyana designer de sobrancelhas e depilação (atendimento no espaço Rio Minas),21) 97966-3536,21) 97966-3536,,,studio de sobrancelha,"Flamengo - Rio de Janeiro, RJ",Catete,"R. Pedro Américo, 64 - Catete, Rio de Janeiro - RJ, 22211-200",False,,4.8,
"Extensão de Cílios e Sobrancelhas | Studio Karol Garcia - Botafogo, Rio de janeiro",21) 98277-1238,21) 98277-1238,https://www.instagram.com/studiokarolgarcia?igsh=YmV6ZnlkdGV0NjBh,,studio de sobrancelha,"Flamengo - Rio de Janeiro, RJ",Botafogo,"Praia de Botafogo, 210 - Botafogo, Rio de Janeiro - RJ, 22250-040",False,https://www.instagram.com/studiokarolgarcia?igsh=YmV6ZnlkdGV0NjBh,5.0,
Beatriz Lash Designer,21) 96685-0969,21) 96685-0969,https://instagram.com/beatrizgomeslash?igshid=YmMyMTA2M2Y=,,studio de sobrancelha,"Flamengo - Rio de Janeiro, RJ",Catete,"R. do Catete, 183 - sala 202 - Catete, Rio de Janeiro - RJ, 22220-000",False,https://instagram.com/beatrizgomeslash?igshid=YmMyMTA2M2Y=,4.9,
Studio A Hair,21) 2557-6649,,,,studio de sobrancelha,"Flamengo - Rio de Janeiro, RJ",Flamengo,"R. Paissandu, 122 - Loja D - Flamengo, Rio de Janeiro - RJ, 22210-080",False,,4.5,
Mônica Couto - Sobrancelhas Estética facial Massagens e Terapias,21) 96447-3722,21) 96447-3722,,,studio de sobrancelha,"Flamengo - Rio de Janeiro, RJ",Flamengo,"R. Alm. Tamandaré, 66 - 710 - Flamengo, Rio de Janeiro - RJ, 22210-060",False,,5.0,
Oliv Beauty Clinic,21) 99951-2859,21) 99951-2859,https://www.instagram.com/palomagoncalves.designer?igsh=bXJ1bzdnbjRxYjMy&utm_source=qr,,studio de sobrancelha,"Flamengo - Rio de Janeiro, RJ",Flamengo,"R. Dois de Dezembro, 38 - Flamengo, Rio de Janeiro - RJ, 22220-040",False,https://www.instagram.com/olivbeautyclinic?igsh=bXJ1bzdnbjRxYjMy&utm_source=qr,5.0,
Corpórea - Paissandu,21) 97409-2826,21) 97409-2826,https://instagram.com/corporea.paissandu,,studio de sobrancelha,"Flamengo - Rio de Janeiro, RJ",Flamengo,"R. Paissandu, 73b - Flamengo, Rio de Janeiro - RJ, 22210-085",False,https://instagram.com/corporea.paissandu/,4.6,
Lash design Jessy Barbio Beauty,21) 97931-1808,21) 97931-1808,https://www.instagram.com/jessybarbiobeauty?igsh=MTd4M3pzeHF1c2NrMg==,,studio de sobrancelha,"Flamengo - Rio de Janeiro, RJ",Laranjeiras,"Largo do Machado, 21 - Sala 603 - Laranjeiras, Rio de Janeiro - RJ, 22221-020",False,https://www.instagram.com/jessybarbiobeauty?igsh=MTd4M3pzeHF1c2NrMg==,5.0,
Dairosa Beauty,21) 98796-6456,21) 98796-6456,https://instagram.com/dairosabeauty?igshid=OGQ5ZDc2ODk2ZA==,,studio de cílios,"Flamengo - Rio de Janeiro, RJ",Flamengo,"Edifício Catete Business - R. Dois de Dezembro, 78 - sala 911 - Flamengo, Rio de Janeiro - RJ, 22220-040",False,https://www.instagram.com/dairosabeauty?igsh=dm93ZHRzcjZ4eGY4&utm_source=qr,5.0,
Cílios| Sobrancelhas| Lábios| Micropigmentação| Maquiagem | Massagem - Vanessa Vianna,21) 99510-0806,21) 99510-0806,https://www.instagram.com/studiov.vianna?utm_source=ig_web_button_share_sheet&igsh=ZDNlZDc0MzIxNw==,,studio de cílios,"Flamengo - Rio de Janeiro, RJ",Flamengo,"R. Alm. Tamandaré, 66 - Flamengo, Rio de Janeiro - RJ, 22230-061",False,https://www.instagram.com/studiov.vianna?utm_source=ig_web_button_share_sheet&igsh=ZDNlZDc0MzIxNw==,5.0,
"Extensão de Cílios e Sobrancelhas | Studio Karol Garcia - Botafogo, Rio de janeiro",21) 98277-1238,21) 98277-1238,https://www.instagram.com/studiokarolgarcia?igsh=YmV6ZnlkdGV0NjBh,,studio de cílios,"Flamengo - Rio de Janeiro, RJ",Botafogo,"Praia de Botafogo, 210 - Botafogo, Rio de Janeiro - RJ, 22250-040",False,https://www.instagram.com/studiokarolgarcia?igsh=YmV6ZnlkdGV0NjBh,5.0,
Studio Olhar 43,21) 99299-1808,21) 99299-1808,https://instagram.com/lashrayneandrade?igshid=OTk0YzhjMDVlZA==,,studio de cílios,"Flamengo - Rio de Janeiro, RJ",aterro do flamengo,"R. do Russel, 344 - aterro do flamengo, Rio de Janeiro - RJ, 22210-010",False,https://instagram.com/lashrayneandrade?igshid=OTk0YzhjMDVlZA==,5.0,
Yara Borges - Designer de Sobrancelhas,21) 97024-3065,21) 97024-3065,https://instagram.com/yaraborgesdesigner?igshid=YzA2ZDJiZGQ=,,studio de cílios,"Flamengo - Rio de Janeiro, RJ",Flamengo,"R. Paulo VI, 62 - loja 5B - Flamengo, Rio de Janeiro - RJ, 22230-080",False,https://instagram.com/yaraborgesdesigner?igshid=YzA2ZDJiZGQ=,5.0,
Studio Gabriela Moraes,21) 98877-0469,21) 98877-0469,https://www.instagram.com/p/CmCBxv4O4Jk/?igshid=NTdlMDg3MTY=,,studio de cílios,"Flamengo - Rio de Janeiro, RJ",Flamengo,"Rua Conde de Baependi, 54 - Flamengo, Rio de Janeiro - RJ, 22231-140",False,https://www.instagram.com/p/CmCBxv4O4Jk/?igshid=NTdlMDg3MTY=,5.0,
Lash design Jessy Barbio Beauty,21) 97931-1808,21) 97931-1808,https://www.instagram.com/jessybarbiobeauty?igsh=MTd4M3pzeHF1c2NrMg==,,studio de cílios,"Flamengo - Rio de Janeiro, RJ",Laranjeiras,"Largo do Machado, 21 - Sala 603 - Laranjeiras, Rio de Janeiro - RJ, 22221-020",False,https://www.instagram.com/jessybarbiobeauty?igsh=MTd4M3pzeHF1c2NrMg==,5.0,
Beatriz Lash Designer,21) 96685-0969,21) 96685-0969,https://instagram.com/beatrizgomeslash?igshid=YmMyMTA2M2Y=,,studio de cílios,"Flamengo - Rio de Janeiro, RJ",Catete,"R. do Catete, 183 - sala 202 - Catete, Rio de Janeiro - RJ, 22220-000",False,https://instagram.com/beatrizgomeslash?igshid=YmMyMTA2M2Y=,4.9,
Cílios & Sobrancelhas -Ipanema/Laranjeiras,21) 97542-5659,21) 97542-5659,https://www.instagram.com/paulamartinsmicro2?igsh=MWQ4N2FlZmNldzRmag%3D%3D&utm_source=qr,,studio de cílios,"Flamengo - Rio de Janeiro, RJ",Laranjeiras,"sobreloja 204 - Laranjeiras, Rio de Janeiro - RJ, 22400-000",False,https://www.instagram.com/paulamartinsmicro2?igsh=MWQ4N2FlZmNldzRmag%3D%3D&utm_source=qr,4.8,
Studio Monthana,21) 96697-5176,21) 96697-5176,,,studio de cílios,"Flamengo - Rio de Janeiro, RJ",Flamengo,"R. Alm. Tamandaré, 66 - Loja C - Flamengo, Rio de Janeiro - RJ, 22210-060",False,,5.0,
Studio Priscyla Andreia | Extensão de Cílios no Centro do Rio de Janeiro - RJ,,,,,studio de cílios,"Flamengo - Rio de Janeiro, RJ",Centro,"Prç. Tiradentes, 9 - Centro, Rio de Janeiro - RJ, 20060-070",False,,5.0,
Flávia lashes cílios,21) 98816-5306,21) 98816-5306,,,studio de cílios,"Flamengo - Rio de Janeiro, RJ",Flamengo,"Largo do Machado, 21 - Flamengo, Rio de Janeiro - RJ, 22220-900",False,,,
Esmaltes Nails,21) 3344-0231,,,,studio de cílios,"Flamengo - Rio de Janeiro, RJ",Flamengo,"R. Marquês de Abrantes, 168 - loja 19 - Flamengo, Rio de Janeiro - RJ, 22230-061",False,,4.7,
Luiza Campos Studio - Extensão de cílios - Sobrancelhas - Micropigmentação,21) 99535-0399,21) 99535-0399,https://www.instagram.com/luizacampos.studio?igsh=MXU5dDN4YmU4aTU3ag==&utm_source=qr,,studio de cílios,"Flamengo - Rio de Janeiro, RJ",Estácio,"R. São Cláudio, 06 - Estácio, Rio de Janeiro - RJ, 20250-060",False,https://www.instagram.com/luizacampos.studio?igsh=MXU5dDN4YmU4aTU3ag==&utm_source=qr,5.0,
Natália Costa | Cílios - Centro,21) 97955-4477,21) 97955-4477,,,studio de cílios,"Flamengo - Rio de Janeiro, RJ",Santo Cristo,"R. Equador, 43 - Santo Cristo, Rio de Janeiro - RJ, 20220-410",False,,5.0,
Dairosa Beauty,21) 98796-6456,21) 98796-6456,https://instagram.com/dairosabeauty?igshid=OGQ5ZDc2ODk2ZA==,,lash designer,"Flamengo - Rio de Janeiro, RJ",Flamengo,"Edifício Catete Business - R. Dois de Dezembro, 78 - sala 911 - Flamengo, Rio de Janeiro - RJ, 22220-040",False,https://www.instagram.com/dairosabeauty?igsh=dm93ZHRzcjZ4eGY4&utm_source=qr,5.0,
Beatriz Lash Designer,21) 96685-0969,21) 96685-0969,https://instagram.com/beatrizgomeslash?igshid=YmMyMTA2M2Y=,,lash designer,"Flamengo - Rio de Janeiro, RJ",Catete,"R. do Catete, 183 - sala 202 - Catete, Rio de Janeiro - RJ, 22220-000",False,https://instagram.com/beatrizgomeslash?igshid=YmMyMTA2M2Y=,4.9,
Yara Borges - Designer de Sobrancelhas,21) 97024-3065,21) 97024-3065,https://instagram.com/yaraborgesdesigner?igshid=YzA2ZDJiZGQ=,,lash designer,"Flamengo - Rio de Janeiro, RJ",Flamengo,"R. Paulo VI, 62 - loja 5B - Flamengo, Rio de Janeiro - RJ, 22230-080",False,https://instagram.com/yaraborgesdesigner?igshid=YzA2ZDJiZGQ=,5.0,
Lash design Jessy Barbio Beauty,21) 97931-1808,21) 97931-1808,https://www.instagram.com/jessybarbiobeauty?igsh=MTd4M3pzeHF1c2NrMg==,,lash designer,"Flamengo - Rio de Janeiro, RJ",Laranjeiras,"Largo do Machado, 21 - Sala 603 - Laranjeiras, Rio de Janeiro - RJ, 22221-020",False,https://www.instagram.com/jessybarbiobeauty?igsh=MTd4M3pzeHF1c2NrMg==,5.0,
Lash Design Kássia Keller,21) 98474-8338,21) 98474-8338,,,lash designer,"Flamengo - Rio de Janeiro, RJ",Catete,"R. do Catete, 347 - Catete, Rio de Janeiro - RJ, 22220-001",False,,5.0,
Bianca Aragão Beauty,,5521981479680,,,lash designer,"Flamengo - Rio de Janeiro, RJ",Flamengo,"R. Sen. Vergueiro - Flamengo, Rio de Janeiro - RJ, 22230-000",False,,5.0,
Lash lifting | Brow lamination | Remoção a laser de micropigmentação e tattoo Rio de Janeiro RJ - Renata Machado Beauty,21) 96640-7312,21) 96640-7312,https://www.instagram.com/renatamachadobeauty?igsh=cTQzdDg3NGp5NXl4,,lash designer,"Flamengo - Rio de Janeiro, RJ",Botafogo,"R. Voluntários da Pátria, 190 - sala 722 - Botafogo, Rio de Janeiro - RJ, 22270-902",False,https://www.instagram.com/renatamachadobeauty?igsh=cTQzdDg3NGp5NXl4,5.0,
Cílios| Sobrancelhas| Lábios| Micropigmentação| Maquiagem | Massagem - Vanessa Vianna,21) 99510-0806,21) 99510-0806,https://www.instagram.com/studiov.vianna?utm_source=ig_web_button_share_sheet&igsh=ZDNlZDc0MzIxNw==,,lash designer,"Flamengo - Rio de Janeiro, RJ",Flamengo,"R. Alm. Tamandaré, 66 - Flamengo, Rio de Janeiro - RJ, 22230-061",False,https://www.instagram.com/studiov.vianna?utm_source=ig_web_button_share_sheet&igsh=ZDNlZDc0MzIxNw==,5.0,
Espaço Carolita,21) 98078-8167,21) 98078-8167,http://www.instagram.com/carolitaestetica,,lash designer,"Flamengo - Rio de Janeiro, RJ",Flamengo,"R. Alm. Tamandaré, 66 - Flamengo, Rio de Janeiro - RJ, 22210-060",False,http://www.instagram.com/carolitaestetica,5.0,
Studio Gabriela Moraes,21) 98877-0469,21) 98877-0469,https://www.instagram.com/p/CmCBxv4O4Jk/?igshid=NTdlMDg3MTY=,,lash designer,"Flamengo - Rio de Janeiro, RJ",Flamengo,"Rua Conde de Baependi, 54 - Flamengo, Rio de Janeiro - RJ, 22231-140",False,https://www.instagram.com/p/CmCBxv4O4Jk/?igshid=NTdlMDg3MTY=,5.0,
Studio Olhar 43,21) 99299-1808,21) 99299-1808,https://instagram.com/lashrayneandrade?igshid=OTk0YzhjMDVlZA==,,lash designer,"Flamengo - Rio de Janeiro, RJ",aterro do flamengo,"R. do Russel, 344 - aterro do flamengo, Rio de Janeiro - RJ, 22210-010",False,https://instagram.com/lashrayneandrade?igshid=OTk0YzhjMDVlZA==,5.0,
Sense Spa Express - Largo do Machado,21) 96675-6867,21) 96675-6867,,,spa,"Flamengo - Rio de Janeiro, RJ",Flamengo,"R. Arno Konder, Loja U - Flamengo, Rio de Janeiro - RJ, 22250-020",False,,4.9,
💎 SPA Paula Melo Massoterapeuta • Método Renata França • Pós Operatório | Liberação Miofascial | Flamengo,21) 97097-5533,https://api.whatsapp.com/send?phone=5521970975533,https://www.instagram.com/spapaulamelo,,spa,"Flamengo - Rio de Janeiro, RJ",Flamengo,"R. Dois de Dezembro, 78 - sl. 313 - Flamengo, Rio de Janeiro - RJ, 22220-040",False,https://www.instagram.com/spapaulamelo/,4.8,
SPA Ariô,21) 99504-4695,21) 99504-4695,https://www.instagram.com/spaario3?igsh=bW9oNHIxdTVxeGZy,,spa,"Flamengo - Rio de Janeiro, RJ",Flamengo,"R. Corrêa Dutra, 34 - Flamengo, Rio de Janeiro - RJ, 22210-050",False,https://www.instagram.com/spaario3?igsh=bW9oNHIxdTVxeGZy,4.6,
Espaço Lu Sena Massagem terapêutica/estética,21) 98215-5247,21) 98215-5247,https://www.instagram.com/espacolusena,,spa,"Flamengo - Rio de Janeiro, RJ",Flamengo,"R. Marquês de Abrantes, 170 - Sala 206 - Flamengo, Rio de Janeiro - RJ, 22230-061",False,https://www.instagram.com/espacolusena/,4.9,
"Bossa Spa | Seu único SPA by Granado do Rio | Vale-presente, massagem relaxante, massagem desportiva",21) 96427-0782,21) 96427-0782,,,spa,"Flamengo - Rio de Janeiro, RJ",Botafogo,"Praia de Botafogo, 242 - Botafogo, Rio de Janeiro - RJ, 22250-145",False,,4.9,
"Monné Clinic /Drenagem linfática, massagem modeladora, harmonização facial e corporal.",21) 96999-8656,21) 96999-8656,https://www.instagram.com/monneclinc?igsh=OHlvbjFuNzd5cm53&utm_source=qr,,spa,"Flamengo - Rio de Janeiro, RJ",Flamengo,"Largo do Machado, 29 - Sala 306 - Flamengo, Rio de Janeiro - RJ, 22220-001",False,https://www.instagram.com/monneclinc?igsh=OHlvbjFuNzd5cm53&utm_source=qr,5.0,
Body Massage Flamengo,21) 98271-2581,21) 98271-2581,,,spa,"Flamengo - Rio de Janeiro, RJ",Flamengo,"R. Alm. Tamandaré - Flamengo, Rio de Janeiro - RJ, 22230-000",False,,,
Espaço Holístico Danúsia Roberta,21) 98266-6477,21) 98266-6477,,,spa,"Flamengo - Rio de Janeiro, RJ",Catete,"Largo do Machado, 29 - Sala 321 - Catete, Rio de Janeiro - RJ, 22221-901",False,,5.0,
Estética e Bem Estar Lilian Fosse,21) 98533-9018,21) 98533-9018,,,spa,"Flamengo - Rio de Janeiro, RJ",Catete,"R. do Catete, 183 - sala 202 - Catete, Rio de Janeiro - RJ, 22220-000",False,,4.9,
Cris Guimarães estética,21) 98300-5819,21) 98300-5819,,,spa,"Flamengo - Rio de Janeiro, RJ",Flamengo,"R. Marquês de Abrantes, 119 - Flamengo, Rio de Janeiro - RJ, 22230-060",False,,5.0,
Paraíso do Flamengo,21) 2237-1586,,,,restaurante,"Flamengo - Rio de Janeiro, RJ",Flamengo,"R. Sen. Vergueiro, 218 - Loja E - Flamengo, Rio de Janeiro - RJ, 22230-001",False,,4.3,
Rango Sarado,21) 99145-2893,https://api.whatsapp.com/send?1=pt_BR&phone=5521991452893,https://instagram.com/rangosarado,,restaurante,"Flamengo - Rio de Janeiro, RJ",Flamengo,"R. Buarque de Macedo, 13 - Flamengo, Rio de Janeiro - RJ, 22220-030",False,https://instagram.com/rangosarado,4.8,
Restaurante Sabor Local,21) 2553-0380,,,,restaurante,"Flamengo - Rio de Janeiro, RJ",Flamengo,"R. Marquês de Abrantes, 118 - Flamengo, Rio de Janeiro - RJ, 22230-060",False,,4.3,
Balaio do Zé,21) 3796-5340,,https://www.instagram.com/balaiodoze,,restaurante,"Flamengo - Rio de Janeiro, RJ",Flamengo,"Tv. dos Tamoios, 40 - Flamengo, Rio de Janeiro - RJ, 22230-050",False,https://www.instagram.com/balaiodoze/,4.4,
Palácio Bar e Restaurante,21) 2556-6020,,,,restaurante,"Flamengo - Rio de Janeiro, RJ",Flamengo,"R. Buarque de Macedo, 87 - Flamengo, Rio de Janeiro - RJ, 22220-030",False,,4.5,
Albufeira Restaurante,21) 2265-3322,,,,restaurante,"Flamengo - Rio de Janeiro, RJ",Flamengo,"R. Barão do Flamengo, 35 - Flamengo, Rio de Janeiro - RJ, 22220-080",False,,4.3,
Hostel Flamengo,21) 2265-4476,,,,pousada,"Flamengo - Rio de Janeiro, RJ",Flamengo,"R. Silveira Martins, 183 - Flamengo, Rio de Janeiro - RJ, 22221-000",False,,3.6,
Hotel Serrano,21) 2205-1048,,,,pousada,"Flamengo - Rio de Janeiro, RJ",Laranjeiras,"R. Gago Coutinho, 22 - Laranjeiras, Rio de Janeiro - RJ, 22221-070",False,,3.9,
Urban Boutique,21) 98799-3165,21) 98799-3165,,,hotel boutique,"Flamengo - Rio de Janeiro, RJ",Centro,"R. do Rezende, 110 - Centro, Rio de Janeiro - RJ, 20230-014",False,,5.0,
RARO Ipanema Boutique Hotel,21) 97508-1608,21) 97508-1608,,,hotel boutique,"Flamengo - Rio de Janeiro, RJ",Copacabana,"R. Saint Roman, 222 - Copacabana, Rio de Janeiro - RJ, 22071-060",False,,4.7,
Hotel Serrano,21) 2205-1048,,,,hotel boutique,"Flamengo - Rio de Janeiro, RJ",Laranjeiras,"R. Gago Coutinho, 22 - Laranjeiras, Rio de Janeiro - RJ, 22221-070",False,,3.9,
Dr. Pedro Terra - Advogado Criminalista - Advocacia Criminal,21) 98064-7817,21) 98064-7817,,,advogado,"Flamengo - Rio de Janeiro, RJ",Flamengo,"Praia do Flamengo, 12 - Flamengo, Rio de Janeiro - RJ, 22210-030",False,,5.0,
Dra. Gisele Diegues | Advocacia,21) 99137-6449,21) 99137-6449,,,advogado,"Flamengo - Rio de Janeiro, RJ",Flamengo,"R. Dois de Dezembro - Flamengo, Rio de Janeiro - RJ, 22220-040",False,,5.0,
Carolina Azevedo | Advocacia,21) 98574-4817,21) 98574-4817,,,advogado,"Flamengo - Rio de Janeiro, RJ",Flamengo,"Minister - R. Barão do Flamengo, 22 - 402 - Flamengo, Rio de Janeiro - RJ, 22220-080",False,,5.0,
Gessica Modesto Advogados Associados,21) 2493-9796,,,,advogado,"Flamengo - Rio de Janeiro, RJ",Flamengo,"R. Dois de Dezembro, 78 - Flamengo, Rio de Janeiro - RJ, 22220-040",False,,5.0,
Cité Arquitetura,21) 2556-1813,,https://www.instagram.com/mepiarquitetura,,arquiteto,"Flamengo - Rio de Janeiro, RJ",Flamengo,"R. Barão do Flamengo, 32 - Sala 101 - Flamengo, Rio de Janeiro - RJ, 22220-080",False,,4.6,
Bianca Mepi Arquitetura,,,https://www.instagram.com/mepiarquitetura,,arquiteto,"Flamengo - Rio de Janeiro, RJ",Flamengo,"Praia do Flamengo, 66 - Sala 815 Bloco B - Flamengo, Rio de Janeiro - RJ, 22210-030",False,https://www.instagram.com/mepiarquitetura,5.0,
Abraham Isaac Konskier Arquitetura,21) 2557-1507,,https://www.instagram.com/mepiarquitetura,,arquiteto,"Flamengo - Rio de Janeiro, RJ",Flamengo,"Praia do Flamengo, 6 - Flamengo, Rio de Janeiro - RJ, 22210-030",False,,5.0,
Linear Arquitetura & Construção,21) 99697-4940,21) 99697-4940,https://www.instagram.com/mepiarquitetura,,arquiteto,"Flamengo - Rio de Janeiro, RJ",Flamengo,"Av. Rui Barbosa, 560 - Flamengo, Rio de Janeiro - RJ, 22250-020",False,,4.0,
Rafael Ramos Arquitetura,21) 99530-6590,21) 99530-6590,https://www.instagram.com/mepiarquitetura,,arquiteto,"Flamengo - Rio de Janeiro, RJ",Flamengo,"R. Marquês de Abrantes, 170/207 - Flamengo, Rio de Janeiro - RJ, 22230-060",False,https://www.instagram.com/rafaelramosarquitetura/,,
Vanessa Ferrer Arquitetura,21) 96711-1290,21) 96711-1290,https://www.instagram.com/mepiarquitetura,,arquiteto,"Flamengo - Rio de Janeiro, RJ",Flamengo,"R. Buarque de Macedo, 53 - Flamengo, Rio de Janeiro - RJ, 22220-030",False,,5.0,
Gruna Arquitetura,21) 98166-1556,21) 98166-1556,https://www.instagram.com/mepiarquitetura,,arquiteto,"Flamengo - Rio de Janeiro, RJ",Flamengo,"Praia do Flamengo, 66 - Sala 1312B - Flamengo, Rio de Janeiro - RJ, 20241-180",False,,,
Nando Pessoa,11) 97877-3046,5521987300333,https://www.instagram.com/nandopessoafoto?igsh=cjhwNzV4dDR5cnBv&utm_source=qr,,fotógrafo,"Flamengo - Rio de Janeiro, RJ",Flamengo,"R. Sen. Vergueiro - Flamengo, Rio de Janeiro - RJ, 22230-001",False,https://www.instagram.com/nandopessoafoto?igsh=cjhwNzV4dDR5cnBv&utm_source=qr,5.0,
Câmera e Ação,21) 98508-5306,5521987300333,https://www.instagram.com/nandopessoafoto?igsh=cjhwNzV4dDR5cnBv&utm_source=qr,,fotógrafo,"Flamengo - Rio de Janeiro, RJ",Flamengo,"R. Paissandu, 406 - Flamengo, Rio de Janeiro - RJ, 22210-080",False,,5.0,
"Fotógrafo Castor de Azevedo - Ensaios, Books, empresarial, atores",,5521987300333,https://www.instagram.com/nandopessoafoto?igsh=cjhwNzV4dDR5cnBv&utm_source=qr,,fotógrafo,"Flamengo - Rio de Janeiro, RJ",Flamengo,"R. Alm. Tamandaré, 23 - Flamengo, Rio de Janeiro - RJ, 22210-060",False,http://www.instagram.com/castordeazevedo,5.0,
Posto 2 - Praia do Flamengo,,5521987300333,https://www.instagram.com/nandopessoafoto?igsh=cjhwNzV4dDR5cnBv&utm_source=qr,,fotógrafo,"Flamengo - Rio de Janeiro, RJ",Flamengo,"Praia do Flamengo - Flamengo, Rio de Janeiro - RJ, 22210-065",False,,4.8,
Greif Fotografia,21) 2239-2095,5521987300333,https://www.instagram.com/nandopessoafoto?igsh=cjhwNzV4dDR5cnBv&utm_source=qr,,fotógrafo,"Flamengo - Rio de Janeiro, RJ",Flamengo,"R. Marquês de Abrantes - Flamengo, Rio de Janeiro - RJ, 22250-145",False,,4.8,
J. M. ARRUDA Fotografia & Filmagem,21) 99183-4149,21) 99183-4149,https://www.instagram.com/nandopessoafoto?igsh=cjhwNzV4dDR5cnBv&utm_source=qr,,fotógrafo,"Flamengo - Rio de Janeiro, RJ",Flamengo,"R. Alm. Tamandaré, 66 - Flamengo, Rio de Janeiro - RJ, 22210-060",False,,,
Mapa Fotografia,21) 99218-5247,21) 99218-5247,https://www.instagram.com/nandopessoafoto?igsh=cjhwNzV4dDR5cnBv&utm_source=qr,,fotógrafo,"Flamengo - Rio de Janeiro, RJ",Laranjeiras,"R. Gen. Glicério, 486 - APT 403 - Laranjeiras, Rio de Janeiro - RJ, 22245-120",False,,,
Educandário Romão de Mattos Duarte,21) 2245-1505,,,,escola,"Flamengo - Rio de Janeiro, RJ",Flamengo,"R. Paulo VI, 60 - Flamengo, Rio de Janeiro - RJ, 22230-080",False,,3.8,
Escola Municipal Alberto Barth,21) 2552-7799,,,,escola,"Flamengo - Rio de Janeiro, RJ",Flamengo,"Av. Oswaldo Cruz, 124 - Flamengo, Rio de Janeiro - RJ, 22250-060",False,,,
ESCOLA MUNICIPAL ALBERT SCENELTZER,,,,,escola,"Flamengo - Rio de Janeiro, RJ",Flamengo,"R. São Salvador, 56 - Flamengo, Rio de Janeiro - RJ, 22231-130",False,,,
Natação Praia do Flamengo,21) 97423-5685,21) 97423-5685,,,escola,"Flamengo - Rio de Janeiro, RJ",Flamengo,"Praia do Flamengo - Flamengo, Rio de Janeiro - RJ, 22210-030",False,,5.0,
Escola de Música Laranjeiras,21) 97736-0472,https://api.whatsapp.com/send?phone=5521977360472&text=Ol%C3%A1%2C%20quero%20saber%20mais%20sobre%20os%20cursos%20da%20E.M%20Laranjeiras!%20,,,escola,"Flamengo - Rio de Janeiro, RJ",Flamengo,"R. Marquês de Abrantes, 100 - loja 201 - Flamengo, Rio de Janeiro - RJ, 22230-060",False,,5.0,
Florescendo Escola de Educação Infantil,21) 2554-6055,,,,escola,"Flamengo - Rio de Janeiro, RJ",Laranjeiras,"R. Marquês de Pinedo, 66 - Laranjeiras, Rio de Janeiro - RJ, 22231-080",False,,4.9,
Escola de Música Dominante Music Curso Livre,21) 99717-1702,21) 99717-1702,http://www.instagram.com/micopretocapoeira,,curso livre,"Flamengo - Rio de Janeiro, RJ",,,False,,5.0,
Ateliê C.Levita,21) 2146-1341,,http://www.instagram.com/micopretocapoeira,,curso livre,"Flamengo - Rio de Janeiro, RJ",Catete,"R. Gago Coutinho, 6 - Catete, Rio de Janeiro - RJ, 22221-070",False,,5.0,
C.R.Esporte,21) 96577-6060,21) 96577-6060,http://www.instagram.com/micopretocapoeira,,curso livre,"Flamengo - Rio de Janeiro, RJ",Flamengo,"Praia do Flamengo, posto 02 - Flamengo, Rio de Janeiro - RJ, 22210-065",False,,5.0,
Mico Preto Capoeira - Aterro do Flamengo,,,http://www.instagram.com/micopretocapoeira,,curso livre,"Flamengo - Rio de Janeiro, RJ",Flamengo,"Aterro do Flamengo Altura do número 200 da praia do Flamengo Altura da passarela entre a Barão do Flamengo, R. Alm. Tamandaré, e - Flamengo, Rio de Janeiro - RJ, 22210-901",False,http://www.instagram.com/micopretocapoeira,4.7,
Centro Médico Isamed,21) 2285-2997,,https://www.instagram.com/clinicaatlaseaxisrj,,clínica médica,"Flamengo - Rio de Janeiro, RJ",Flamengo,"R. Dois de Dezembro, 78 - Flamengo, Rio de Janeiro - RJ, 22220-040",False,,3.7,
Centro Médico E Reabilitação Susive Ltda,21) 2557-7269,,,,clínica médica,"Flamengo - Rio de Janeiro, RJ",Flamengo,"R. Barão do Flamengo, 22 - 102 e 104 - Flamengo, Rio de Janeiro - RJ, 22220-080",False,,1.8,
Dr. Marcelo Zonensein Clínica Médica,21) 2285-5446,,,,clínica médica,"Flamengo - Rio de Janeiro, RJ",Catete,"R. do Catete, 311 - Catete, Rio de Janeiro - RJ, 21043-070",False,,5.0,
COT-Centro Ortopédico e Traumatológico,21) 2205-1353,https://api.whatsapp.com/send/?phone=5521984885963&text&type=phone_number&app_absent=0,,,clínica médica,"Flamengo - Rio de Janeiro, RJ",Flamengo,"R. Barão do Flamengo, 22 - térreo - Flamengo, Rio de Janeiro - RJ, 22220-080",False,,4.1,
Aloisio Pereira de Medeiros Clínica Medica,21) 96723-4146,21) 96723-4146,,,clínica médica,"Flamengo - Rio de Janeiro, RJ",Flamengo,"R. Alm. Tamandaré, 66 - 7 Andar, Sala 751 - Flamengo, Rio de Janeiro - RJ, 22210-060",False,,4.8,
Clínica Obstétrica,21) 3256-8010,,,,clínica médica,"Flamengo - Rio de Janeiro, RJ",Flamengo,"Praia do Flamengo, 274 - Flamengo, Rio de Janeiro - RJ, 22210-065",False,,4.5,
Clinica Leventhal,21) 97121-7772,21) 97121-7772,,,clínica médica,"Flamengo - Rio de Janeiro, RJ",Flamengo,"R. Alm. Tamandaré, 66 - Flamengo, Rio de Janeiro - RJ, 21043-070",False,,5.0,
Direção & Saúde Centro de Medicina de Tráfego,21) 2205-1024,,,,clínica médica,"Flamengo - Rio de Janeiro, RJ",Flamengo,"R. Machado de Assis, 74 - Flamengo, Rio de Janeiro - RJ, 22220-060",False,,1.0,
Aud - Rio Clínica Médica e Serviços de Audiologia Ltda.,,,,,clínica médica,"Flamengo - Rio de Janeiro, RJ",Flamengo,"R. Barão do Flamengo, 22 - sala 102 - Flamengo, Rio de Janeiro - RJ, 22210-080",False,,1.8,
Grupo Ifé Medicina,21) 3100-5458,,https://www.instagram.com/clinicaatlaseaxisrj,,clínica médica,"Flamengo - Rio de Janeiro, RJ",Flamengo,"R. Marquês de Abrantes, 170 - Sala 405 - Flamengo, Rio de Janeiro - RJ, 22230-060",False,,5.0,
Juliana Lombas | Estética Corporal e Facial no Rio de Janeiro - RJ,21) 97449-2031,21) 97449-2031,https://www.instagram.com/julianalombas.estetica,,harmonização facial,"Flamengo - Rio de Janeiro, RJ",Flamengo,"R. Barão do Flamengo, 22 - Sala 302 - Flamengo, Rio de Janeiro - RJ, 22220-080",False,https://www.instagram.com/julianalombas.estetica,5.0,
Dra Flávia Cerqueira Harmonização Facial Flamengo,21) 98233-4546,21) 98233-4546,,,harmonização facial,"Flamengo - Rio de Janeiro, RJ",Flamengo,"Praia do Flamengo, 66 - sala 804 - Flamengo, Rio de Janeiro - RJ, 22210-903",False,,5.0,
Espaço Facial - Largo do Machado | Estética Avançada,21) 97645-9696,21) 97645-9696,https://www.instagram.com/espacofacial_largodomachado,,harmonização facial,"Flamengo - Rio de Janeiro, RJ",Catete,"Largo do Machado, 29 - loja 2 - Catete, Rio de Janeiro - RJ, 22221-020",False,https://www.instagram.com/espacofacial_largodomachado,4.9,
Dra. Claire Machado - Clinica Estética Zona Sul Rj,21) 98482-4731,21) 98482-4731,https://www.instagram.com/draclairemachado,,harmonização facial,"Flamengo - Rio de Janeiro, RJ",Flamengo,"R. Dois de Dezembro, 38 - sala 202 - Flamengo, Rio de Janeiro - RJ, 22220-040",False,https://www.instagram.com/draclairemachado/,5.0,
Botolifting Flamengo,21) 97892-9385,21) 97892-9385,,,harmonização facial,"Flamengo - Rio de Janeiro, RJ",Catete,"R. Largo do Machado nº29 Sobrelojas 256, 257 e 258 - Catete, Rio de Janeiro - RJ, 22221-901",False,,5.0,
"Monné Clinic /Drenagem linfática, massagem modeladora, harmonização facial e corporal.",21) 96999-8656,21) 96999-8656,https://www.instagram.com/monneclinc?igsh=OHlvbjFuNzd5cm53&utm_source=qr,,harmonização facial,"Flamengo - Rio de Janeiro, RJ",Flamengo,"Largo do Machado, 29 - Sala 306 - Flamengo, Rio de Janeiro - RJ, 22220-001",False,https://www.instagram.com/monneclinc?igsh=OHlvbjFuNzd5cm53&utm_source=qr,5.0,
ESTKY Estética Avançada,21) 97199-1203,21) 97199-1203,,,harmonização facial,"Flamengo - Rio de Janeiro, RJ",Flamengo,"R. do Catete, 347 - 4° Andar, Sala 444 - Flamengo, Rio de Janeiro - RJ, 22220-001",False,,5.0,
Espaço Facial Botafogo - Harmonização Facial,21) 99222-1152,21) 99222-1152,https://instagram.com/espacofacial_botafogo,,harmonização facial,"Flamengo - Rio de Janeiro, RJ",Botafogo,"Praia de Botafogo, 400 - Piso 2 Loja 223 - Botafogo, Rio de Janeiro - RJ, 22250-040",False,https://instagram.com/espacofacial_botafogo,4.4,
Dra. Daniela Santos | Clinica de Estética Flamengo,21) 96736-6075,21) 96736-6075,,,harmonização facial,"Flamengo - Rio de Janeiro, RJ",Catete,"R. do Catete, 311 - sala:1201 - Catete, Rio de Janeiro - RJ, 22220-001",False,,5.0,
Depil Pris,21) 99343-5927,21) 99343-5927,,,depilação a laser,"Flamengo - Rio de Janeiro, RJ",Flamengo,"Largo do Machado, 29 - sala 317 - Flamengo, Rio de Janeiro - RJ, 22221-020",False,,4.9,
Cílios| Sobrancelhas| Lábios| Micropigmentação| Maquiagem | Massagem - Vanessa Vianna,21) 99510-0806,21) 99510-0806,https://www.instagram.com/studiov.vianna?utm_source=ig_web_button_share_sheet&igsh=ZDNlZDc0MzIxNw==,,micropigmentação,"Flamengo - Rio de Janeiro, RJ",Flamengo,"R. Alm. Tamandaré, 66 - Flamengo, Rio de Janeiro - RJ, 22230-061",False,https://www.instagram.com/studiov.vianna?utm_source=ig_web_button_share_sheet&igsh=ZDNlZDc0MzIxNw==,5.0,
Espaço Carolita,21) 98078-8167,21) 98078-8167,http://www.instagram.com/carolitaestetica,,micropigmentação,"Flamengo - Rio de Janeiro, RJ",Flamengo,"R. Alm. Tamandaré, 66 - Flamengo, Rio de Janeiro - RJ, 22210-060",False,http://www.instagram.com/carolitaestetica,5.0,
Studio Gabriela Moraes,21) 98877-0469,21) 98877-0469,https://www.instagram.com/p/CmCBxv4O4Jk/?igshid=NTdlMDg3MTY=,,micropigmentação,"Flamengo - Rio de Janeiro, RJ",Flamengo,"Rua Conde de Baependi, 54 - Flamengo, Rio de Janeiro - RJ, 22231-140",False,https://www.instagram.com/p/CmCBxv4O4Jk/?igshid=NTdlMDg3MTY=,5.0,
Yara Borges - Designer de Sobrancelhas,21) 97024-3065,21) 97024-3065,https://instagram.com/yaraborgesdesigner?igshid=YzA2ZDJiZGQ=,,micropigmentação,"Flamengo - Rio de Janeiro, RJ",Flamengo,"R. Paulo VI, 62 - loja 5B - Flamengo, Rio de Janeiro - RJ, 22230-080",False,https://instagram.com/yaraborgesdesigner?igshid=YzA2ZDJiZGQ=,5.0,
Bianca Aragão Beauty,,5521981479680,,,micropigmentação,"Flamengo - Rio de Janeiro, RJ",Flamengo,"R. Sen. Vergueiro - Flamengo, Rio de Janeiro - RJ, 22230-000",False,,5.0,
Dairosa Beauty,21) 98796-6456,21) 98796-6456,https://instagram.com/dairosabeauty?igshid=OGQ5ZDc2ODk2ZA==,,micropigmentação,"Flamengo - Rio de Janeiro, RJ",Flamengo,"Edifício Catete Business - R. Dois de Dezembro, 78 - sala 911 - Flamengo, Rio de Janeiro - RJ, 22220-040",False,https://www.instagram.com/dairosabeauty?igsh=dm93ZHRzcjZ4eGY4&utm_source=qr,5.0,
Estética Vitalite,21) 2285-9148,,,,micropigmentação,"Flamengo - Rio de Janeiro, RJ",Flamengo,"R. Sen. Vergueiro, 35 - Loja J - Flamengo, Rio de Janeiro - RJ, 22230-000",False,,5.0,
Studio Monthana,21) 96697-5176,21) 96697-5176,,,micropigmentação,"Flamengo - Rio de Janeiro, RJ",Flamengo,"R. Alm. Tamandaré, 66 - Loja C - Flamengo, Rio de Janeiro - RJ, 22210-060",False,,5.0,
Concept MC La Bella,21) 99819-2758,5521998192758,,,micropigmentação,"Flamengo - Rio de Janeiro, RJ",Flamengo,"R. Machado de Assis, 74 - Loja B - Flamengo, Rio de Janeiro - RJ, 22220-060",False,,4.8,
"Extensão de Cílios e Sobrancelhas | Studio Karol Garcia - Botafogo, Rio de janeiro",21) 98277-1238,21) 98277-1238,https://www.instagram.com/studiokarolgarcia?igsh=YmV6ZnlkdGV0NjBh,,micropigmentação,"Flamengo - Rio de Janeiro, RJ",Botafogo,"Praia de Botafogo, 210 - Botafogo, Rio de Janeiro - RJ, 22250-040",False,https://www.instagram.com/studiokarolgarcia?igsh=YmV6ZnlkdGV0NjBh,5.0,
Vip Design Interiores,21) 2556-5056,,https://www.instagram.com/mepiarquitetura,,designer de interiores,"Flamengo - Rio de Janeiro, RJ",Flamengo,"R. Dois de Dezembro, 81 A - Flamengo, Rio de Janeiro - RJ, 22220-040",False,,4.6,
Bianca Mepi Arquitetura,,,https://www.instagram.com/mepiarquitetura,,designer de interiores,"Flamengo - Rio de Janeiro, RJ",Flamengo,"Praia do Flamengo, 66 - Sala 815 Bloco B - Flamengo, Rio de Janeiro - RJ, 22210-030",False,https://www.instagram.com/mepiarquitetura,5.0,
Dream Design Arquitetura e Interiores,21) 99473-6966,21) 99473-6966,https://www.instagram.com/mepiarquitetura,,designer de interiores,"Flamengo - Rio de Janeiro, RJ",Pitangueiras,"R. Flávio José da Costa - Pitangueiras, Rio de Janeiro - RJ, 21930-290",False,https://www.instagram.com/dreamdesignarq/,5.0,
Arquiteta e Designer de Interiores Melissa Muro,21) 99919-8878,5521999198878,https://www.instagram.com/mepiarquitetura,,designer de interiores,"Flamengo - Rio de Janeiro, RJ",Portuguesa,"Estrada do Galeão, 2500 - Portuguesa, Rio de Janeiro - RJ, 21931-383",False,,5.0,
AV | Studio - Boutique de Interiores,21) 96773-1959,21) 96773-1959,https://www.instagram.com/mepiarquitetura,,designer de interiores,"Flamengo - Rio de Janeiro, RJ",Flamengo,"Praia do Flamengo, 66 - Sala 813 - Flamengo, Rio de Janeiro - RJ, 22210-030",False,,,
Lindo lar desingne e Decorações,,,https://www.instagram.com/mepiarquitetura,,designer de interiores,"Flamengo - Rio de Janeiro, RJ",Jardim Olavo Bilac,"R. Batovi - Jardim Olavo Bilac, Duque de Caxias - RJ, 25036-080",False,,1.8,
Cité Arquitetura,21) 2556-1813,,https://www.instagram.com/mepiarquitetura,,designer de interiores,"Flamengo - Rio de Janeiro, RJ",Flamengo,"R. Barão do Flamengo, 32 - Sala 101 - Flamengo, Rio de Janeiro - RJ, 22220-080",False,,4.6,
Mosaico Decor,21) 97677-2410,21) 97677-2410,https://www.instagram.com/mepiarquitetura,,designer de interiores,"Flamengo - Rio de Janeiro, RJ",Flamengo,"R. do Catete, 347 - Loja 23 - Flamengo, Rio de Janeiro - RJ, 22210-060",False,,5.0,
Duda Maia Interiores,21) 98370-1395,21) 98370-1395,https://www.instagram.com/mepiarquitetura,,designer de interiores,"Flamengo - Rio de Janeiro, RJ",Botafogo,"Rua da Passagem, 67 - Botafogo, Rio de Janeiro - RJ, 22290-030",False,https://www.instagram.com/dudamaiainteriores,5.0,
Life Fitness Beach Treinamento Funcional,,,https://instagram.com/anderalvesfit?igshid=14slxneyp2mkf,,personal trainer,"Flamengo - Rio de Janeiro, RJ",Flamengo,"Praia do Flamengo - Flamengo, Rio de Janeiro - RJ, 22210-030",False,,5.0,
Estúdio Vilar Personal,21) 99326-7481,21) 99326-7481,https://instagram.com/anderalvesfit?igshid=14slxneyp2mkf,,personal trainer,"Flamengo - Rio de Janeiro, RJ",Flamengo,"R. Marquês de Abrantes, 170 - 1004 - Flamengo, Rio de Janeiro - RJ, 22230-060",False,,5.0,
Anderson Alves - Personal Trainer e Nutricionista,21) 96501-4523,21) 96501-4523,https://instagram.com/anderalvesfit?igshid=14slxneyp2mkf,,personal trainer,"Flamengo - Rio de Janeiro, RJ",Flamengo,"R. Sen. Vergueiro, 93 - Flamengo, Rio de Janeiro - RJ, 22230-000",False,https://instagram.com/anderalvesfit?igshid=14slxneyp2mkf,5.0,
Carol Menezes Personal Trainer - Emagrecimento gentil para mulheres reais.,21) 97612-6113,21) 97612-6113,https://instagram.com/anderalvesfit?igshid=14slxneyp2mkf,,personal trainer,"Flamengo - Rio de Janeiro, RJ",RJ,"Flamengo, Rio de Janeiro - RJ, 26187-180",False,,5.0,
Studio I de Treinamento Personalizado,21) 99933-4186,21) 99933-4186,https://instagram.com/anderalvesfit?igshid=14slxneyp2mkf,,personal trainer,"Flamengo - Rio de Janeiro, RJ",Flamengo,"R. Barão do Flamengo, 32 - 2° andar - Flamengo, Rio de Janeiro - RJ, 22220-080",False,,5.0,
TFF Assessoria - Treinamento Físico e Funcional,21) 99965-9929,21) 99965-9929,https://instagram.com/anderalvesfit?igshid=14slxneyp2mkf,,personal trainer,"Flamengo - Rio de Janeiro, RJ",Flamengo,"Praia do Flamengo - Flamengo, Rio de Janeiro - RJ, 22210-030",False,https://www.instagram.com/tffassessoria,5.0,
Felipe Victoria - Personal Training,21) 98269-1775,21) 98269-1775,https://instagram.com/anderalvesfit?igshid=14slxneyp2mkf,,personal trainer,"Flamengo - Rio de Janeiro, RJ",Flamengo,"Tv. dos Tamoios, 07 - Flamengo, Rio de Janeiro - RJ, 22230-050",False,,5.0,
Funcional Treino da Lu,21) 99394-9575,21) 99394-9575,https://instagram.com/anderalvesfit?igshid=14slxneyp2mkf,,personal trainer,"Flamengo - Rio de Janeiro, RJ",Flamengo,"bem de frente a barraca do Indio De frente com a rampa que dá acesso a areia da praia - Posto 2/ Faixa de areia, Praia do Flamengo - Flamengo, Rio de Janeiro - RJ, 22210-050",False,,5.0,
Vanessa Polejack Personal Trainer,21) 97920-1794,21) 97920-1794,https://instagram.com/anderalvesfit?igshid=14slxneyp2mkf,,personal trainer,"Flamengo - Rio de Janeiro, RJ",Flamengo,"Praia do Flamengo - Flamengo, Rio de Janeiro - RJ, 22210-030",False,,5.0,
GG Condicionamento Fisico,,,https://instagram.com/anderalvesfit?igshid=14slxneyp2mkf,,personal trainer,"Flamengo - Rio de Janeiro, RJ",Flamengo,"Av. Oswaldo Cruz, 149 - Flamengo, Rio de Janeiro - RJ, 22250-060",False,,,
Centro Médico Isamed,21) 2285-2997,,https://www.instagram.com/existenciaclinicaterapeutica?igsh=b3RpbHF5c3F3dmw1,,consultório,"Flamengo - Rio de Janeiro, RJ",Flamengo,"R. Dois de Dezembro, 78 - Flamengo, Rio de Janeiro - RJ, 22220-040",False,,3.7,
COT-Centro Ortopédico e Traumatológico,21) 2205-1353,https://api.whatsapp.com/send/?phone=5521984885963&text&type=phone_number&app_absent=0,,,consultório,"Flamengo - Rio de Janeiro, RJ",Flamengo,"R. Barão do Flamengo, 22 - térreo - Flamengo, Rio de Janeiro - RJ, 22220-080",False,,4.1,
Aloisio Pereira de Medeiros Clínica Medica,21) 96723-4146,21) 96723-4146,,,consultório,"Flamengo - Rio de Janeiro, RJ",Flamengo,"R. Alm. Tamandaré, 66 - 7 Andar, Sala 751 - Flamengo, Rio de Janeiro - RJ, 22210-060",False,,4.8,
Míriam Botelho de Mattos,21) 2265-1642,,,,consultório,"Flamengo - Rio de Janeiro, RJ",Flamengo,"Dois de Dezembro Office Tower - R. Dois de Dezembro, 38 - 809 - Flamengo, Rio de Janeiro - RJ, 22220-040",False,,4.1,
Clinica Leventhal,21) 97121-7772,21) 97121-7772,,,consultório,"Flamengo - Rio de Janeiro, RJ",Flamengo,"R. Alm. Tamandaré, 66 - Flamengo, Rio de Janeiro - RJ, 21043-070",False,,5.0,
Clínica Obstétrica,21) 3256-8010,,,,consultório,"Flamengo - Rio de Janeiro, RJ",Flamengo,"Praia do Flamengo, 274 - Flamengo, Rio de Janeiro - RJ, 22210-065",False,,4.5,
Clínica de estética tijuca,21) 96523-2683,21) 96523-2683,,,clínica de estética,"Tijuca - Rio de Janeiro, RJ",Tijuca,"R. Eng. Enaldo Cravo Peixoto, 215 - Tijuca, Rio de Janeiro - RJ, 20540-106",False,,5.0,
Bellas Clínica de Estética Facial e Corporal,21) 99599-0143,21) 99599-0143,,,clínica de estética,"Tijuca - Rio de Janeiro, RJ",Tijuca,"Rua Conde de Bonfim, 370 - Sala 313 - Tijuca, Rio de Janeiro - RJ, 20520-054",False,,5.0,
Dra Victória Diniz Clínica de Rejuvenescimento e Harmonização Facial Tijuca,21) 99160-8959,21) 99160-8959,https://instagram.com/clinicavictoriadiniz?utm_medium=copy_link,,clínica de estética,"Tijuca - Rio de Janeiro, RJ",Tijuca,"Rua Conde de Bonfim, 255 - Tijuca, Rio de Janeiro - RJ, 20520-051",False,https://instagram.com/clinicavictoriadiniz?utm_medium=copy_link,5.0,
MBN Clínica Estética,32) 99954-8618,32) 99954-8618,,,clínica de estética,"Tijuca - Rio de Janeiro, RJ",Tijuca,"Rua Almirante Cochrane 280, sala 709 – Tijuca RJ – CEP: - Tijuca, Rio de Janeiro - RJ, 20550-040",False,,5.0,
Dra Francielle Medina - Rejuvenescimento facial na Tijuca,21) 96916-3657,21) 96916-3657,https://instagram.com/franciellemedinaestetica?igshid=YmMyMTA2M2Y=,,clínica de estética,"Tijuca - Rio de Janeiro, RJ",Tijuca,"Ed Corporate - Eng Ednaldo - R. Eng. Enaldo Cravo Peixoto, 105 - consultório 1020 - Tijuca, Rio de Janeiro - RJ, 20540-106",False,https://instagram.com/franciellemedinaestetica?igshid=YmMyMTA2M2Y=,5.0,
Premium Estética Tijuca,21) 96666-5555,21) 96666-5555,https://www.instagram.com/villapremiumrj,,salão premium,"Tijuca - Rio de Janeiro, RJ",Tijuca,"R. Barão de Mesquita, 280 - loja 107 - Tijuca, Rio de Janeiro - RJ, 20540-003",False,,5.0,
Premium Tijuca,21) 3798-7818,,https://www.instagram.com/villapremiumrj,,salão premium,"Tijuca - Rio de Janeiro, RJ",Vila Isabel,"R. Sen. Muniz Freire, 60 - Vila Isabel, Rio de Janeiro - RJ, 20541-040",False,,4.5,
Villa Premium RJ,21) 99853-5096,21) 99853-5096,https://www.instagram.com/villapremiumrj,,salão premium,"Tijuca - Rio de Janeiro, RJ",Vila da Penha,"R. Cel. Nunes Machado, 86 - Vila da Penha, Rio de Janeiro - RJ, 21211-750",False,https://www.instagram.com/villapremiumrj/,5.0,
Espaço Prime Salão de Festas,21) 97016-0984,21) 97016-0984,https://www.instagram.com/villapremiumrj,,salão premium,"Tijuca - Rio de Janeiro, RJ",Brás de Pina,"Av. Antenor Navarro, 368 - Brás de Pina, Rio de Janeiro - RJ, 21012-250",False,https://www.instagram.com/espaco_prime_oficial/,4.6,
Prime Cut Barber Shop,21) 97169-9219,21) 97169-9219,https://www.instagram.com/villapremiumrj,,salão premium,"Tijuca - Rio de Janeiro, RJ",Tijuca,"R. Afonso Pena, 67 - loja a - Tijuca, Rio de Janeiro - RJ, 20270-242",False,,5.0,
Prime House,21) 98064-6718,21) 98064-6718,https://www.instagram.com/villapremiumrj,,salão premium,"Tijuca - Rio de Janeiro, RJ",Bento Ribeiro,"R. Ludgéro Pinho, 366 - Bento Ribeiro, Rio de Janeiro - RJ, 21550-300",False,,4.1,
Fábrica Premium Olegário,21) 97613-9613,21) 97613-9613,https://www.instagram.com/villapremiumrj,,salão premium,"Tijuca - Rio de Janeiro, RJ",Barra da Tijuca,"Av. Olegário Maciel, 566 - Barra da Tijuca, Rio de Janeiro - RJ, 22621-200",False,https://www.instagram.com/fabricapremiumolegario/,4.9,
Salão Premium,21) 96910-8074,21) 96910-8074,https://www.instagram.com/villapremiumrj,,salão premium,"Tijuca - Rio de Janeiro, RJ",Itanhangá,"Estr. de Jacarepaguá, 5091 - Itanhangá, Rio de Janeiro - RJ, 22753-030",False,,,
Salão Self Concept Beauty,21) 99669-4600,21) 99669-4600,https://www.instagram.com/villapremiumrj,,salão premium,"Tijuca - Rio de Janeiro, RJ",Tijuca,"R. Uruguai, 205 - loja B - Tijuca, Rio de Janeiro - RJ, 20510-060",False,https://instagram.com/salao_self_concept_beauty?utm_medium=copy_link,4.8,
Salão de festas Espaço West Prime,21) 99742-2867,21) 99742-2867,https://www.instagram.com/villapremiumrj,,salão premium,"Tijuca - Rio de Janeiro, RJ",Bangu,"R. Pedro Pomar, 130 - Bangu, Rio de Janeiro - RJ, 21852-620",False,,5.0,
MYSTIC Beleza Premium,21) 97012-9230,21) 97012-9230,https://www.instagram.com/villapremiumrj,,salão premium,"Tijuca - Rio de Janeiro, RJ",Campo Grande,"R. Iandara, 160 - Campo Grande, Rio de Janeiro - RJ, 23071-330",False,https://www.instagram.com/mysticsalao?igsh=MTFmanlveXJhaGk4bg==,5.0,
Cut Prime,21) 2499-3365,,https://www.instagram.com/villapremiumrj,,salão premium,"Tijuca - Rio de Janeiro, RJ",Barra da Tijuca,"Av. das Américas, 3255 - loja 220 - Barra da Tijuca, Rio de Janeiro - RJ, 22631-002",False,,4.9,
Prime Cut Barber Shop,21) 97169-9219,21) 97169-9219,,,barbearia premium,"Tijuca - Rio de Janeiro, RJ",Tijuca,"R. Afonso Pena, 67 - loja a - Tijuca, Rio de Janeiro - RJ, 20270-242",False,,5.0,
Caverna do Urso Barbearia,21) 97488-1054,21) 97488-1054,https://www.instagram.com/cavernadoursotijuca?igsh=MnJ3dXFka3R5amE2,,barbearia premium,"Tijuca - Rio de Janeiro, RJ",Tijuca,"R. Santo Afonso, 44 - Tijuca, Rio de Janeiro - RJ, 20511-170",False,https://www.instagram.com/cavernadoursotijuca?igsh=MnJ3dXFka3R5amE2,4.8,
Orlion barbearia premium,21) 97541-5868,21) 97541-5868,,,barbearia premium,"Tijuca - Rio de Janeiro, RJ",Penha,"R. Afonso Ribeiro, 394 - Loja c - Penha, Rio de Janeiro - RJ, 21021-000",False,,5.0,
POP | Barbearia Spa,21) 97738-9394,21) 97738-9394,,,barbearia premium,"Tijuca - Rio de Janeiro, RJ",Tijuca,"R. Mariz e Barros, 272B - Tijuca, Rio de Janeiro - RJ, 20270-004",False,,5.0,
P7 Barbearia,21) 97685-3874,21) 97685-3874,,,barbearia premium,"Tijuca - Rio de Janeiro, RJ",Tijuca,"Rua Conde de Bonfim, 214 - loja 2 - Tijuca, Rio de Janeiro - RJ, 20520-053",False,,4.7,
QG Barber Beer,21) 96651-7664,21) 96651-7664,,,barbearia premium,"Tijuca - Rio de Janeiro, RJ",Tijuca,"Rua Abelardo Chacrinha Barbosa, 1153 - Tijuca, Rio de Janeiro - RJ, 20550-000",False,,4.9,
Barbearia Fiel,21) 99038-5358,5521982092054,https://www.instagram.com/barbeariafieltijuca,,barbearia premium,"Tijuca - Rio de Janeiro, RJ",Tijuca,"R. Uruguai, 380 - Loja 17 - Tijuca, Rio de Janeiro - RJ, 20510-060",False,https://www.instagram.com/barbeariafieltijuca/,4.8,
Barbearia Premium,,,https://www.instagram.com/jldocorte,,barbearia premium,"Tijuca - Rio de Janeiro, RJ",Taquara,"R. do Caule, 12 - Taquara, Rio de Janeiro - RJ, 22713-582",False,https://www.instagram.com/jldocorte/,4.9,
Barbershop Tijucano,21) 96981-4275,21) 96981-4275,,,barbearia premium,"Tijuca - Rio de Janeiro, RJ",Tijuca,"dentro da galeria - R. Haddock Lobo, 409 - loja 5 - Tijuca, Rio de Janeiro - RJ, 20260-141",False,,4.9,
Consultório Dra. Angelica Vaitsman | Dentista Tijuca | Implantes Dentários e Periodontia,21) 99225-4443,5521983312293,https://www.instagram.com/bollaniodontologia,,dentista,"Tijuca - Rio de Janeiro, RJ",Tijuca,"Rua Conde de Bonfim, 422 - sala 501 - Tijuca, Rio de Janeiro - RJ, 20520-054",False,,5.0,
Clínica Odontológica Dra. Erica Lopes | Tijuca – RJ,21) 96586-8967,21) 96586-8967,,,dentista,"Tijuca - Rio de Janeiro, RJ",Tijuca,"Rua Conde de Bonfim, 255 - Sala 605 - Tijuca, Rio de Janeiro - RJ, 20520-051",False,,5.0,
ALIA SAÚDE ODONTOLOGIA (ANTIGA CLÍNICA UP),21) 2567-5707,,,,dentista,"Tijuca - Rio de Janeiro, RJ",Tijuca,"R. Soares da Costa, 67 - Segundo Andar - Tijuca, Rio de Janeiro - RJ, 20520-100",False,,4.9,
Innovare Odontologia,21) 99006-8504,21) 99006-8504,,,dentista,"Tijuca - Rio de Janeiro, RJ",Tijuca,"Rua Conde de Bonfim, número 112 - sala 1005 - Tijuca, Rio de Janeiro - RJ, 20520-053",False,,4.8,
Clinica RM Odontologia - Tijuca,21) 99297-2222,21) 99297-2222,,,dentista,"Tijuca - Rio de Janeiro, RJ",Tijuca,"Rua Conde de Bonfim, 344 - Sala 703 bloco 01 - Tijuca, Rio de Janeiro - RJ, 20520-054",False,,4.8,
Dra. Tainá de Souza | Psicóloga,21) 97237-4242,21) 97237-4242,https://www.instagram.com/dandaramota.psi?igsh=cHp5Y3VjOGs2cnIz,,psicólogo,"Tijuca - Rio de Janeiro, RJ",Tijuca,"Shopping 45 - Pr. Saenz Peña, 45 - Sala 1011 - Tijuca, Rio de Janeiro - RJ, 20520-901",False,,5.0,
Janaina Santos de Souto Isidro | Psicóloga Clínica | Tijuca | Transtornos alimentares e Obesidade | Avaliação Neuropsicológica | Ansiedade | Depressão | Zona Norte RJ |,21) 99332-3773,21) 99332-3773,https://www.instagram.com/dandaramota.psi?igsh=cHp5Y3VjOGs2cnIz,,psicólogo,"Tijuca - Rio de Janeiro, RJ",Tijuca,"Edificio Corporate Tijuca - R. Eng. Enaldo Cravo Peixoto, 105 - Sala 419 - Tijuca, Rio de Janeiro - RJ, 20520-106",False,,5.0,
Psicóloga Dandara Mota da Silva | Tijuca - Rio de Janeiro - RJ,21) 96547-2013,21) 96547-2013,https://www.instagram.com/dandaramota.psi?igsh=cHp5Y3VjOGs2cnIz,,psicólogo,"Tijuca - Rio de Janeiro, RJ",Tijuca,"R. José Higino - Tijuca, Rio de Janeiro - RJ, 20520-202",False,https://www.instagram.com/dandaramota.psi?igsh=cHp5Y3VjOGs2cnIz,5.0,
Patrícia Mendes Psicóloga | Tijuca,21) 99754-0380,21) 99754-0380,https://www.instagram.com/dandaramota.psi?igsh=cHp5Y3VjOGs2cnIz,,psicólogo,"Tijuca - Rio de Janeiro, RJ",Tijuca,"R. Gen. Roca, 778 - Tijuca, Rio de Janeiro - RJ, 20521-071",False,,5.0,
Psicólogo Jorge Miguel Brambilla,21) 97088-9223,21) 97088-9223,https://www.instagram.com/dandaramota.psi?igsh=cHp5Y3VjOGs2cnIz,,psicólogo,"Tijuca - Rio de Janeiro, RJ",Tijuca,"Rua Conde de Bonfim, 310 - Tijuca, Rio de Janeiro - RJ, 20520-053",False,,4.8,5
"Caroline Haussman Psicóloga, Neuropsicóloga e Terapeuta cognitivo comportamental Atendimento individual Tijuca Rj",21) 99710-1015,5521997101015,https://www.instagram.com/dandaramota.psi?igsh=cHp5Y3VjOGs2cnIz,,psicólogo,"Tijuca - Rio de Janeiro, RJ",Tijuca,"Rua Conde de Bonfim, 255 - Tijuca, Rio de Janeiro - RJ, 20520-051",False,,5.0,
Nutricionista Marcelle dos Anjos • Emagrecimento e Modulação Hormonal na Tijuca e Online,,5521967273291,https://www.instagram.com/nutrimelojuliana,,nutricionista,"Tijuca - Rio de Janeiro, RJ",Tijuca,"Rua Conde de Bonfim, 370 - sala 607 - Tijuca, Rio de Janeiro - RJ, 20520-054",False,,4.9,
"Nutricionista Dra. Juliana Melo- Emagrecimento, Hipertrofia, Tratamento de Doenças",21) 96969-5032,5521967273291,https://www.instagram.com/nutrimelojuliana,,nutricionista,"Tijuca - Rio de Janeiro, RJ",Tijuca,"Rua Conde de Bonfim, 44 - sala 1106 - Tijuca, Rio de Janeiro - RJ, 20260-142",False,https://www.instagram.com/nutrimelojuliana/,5.0,
Aline Fernandes - Nutricionista Funcional e Integrativa,,5521967273291,https://www.instagram.com/nutrimelojuliana,,nutricionista,"Tijuca - Rio de Janeiro, RJ",Tijuca,"Shopping Tijuca - Tijuca, Rio de Janeiro - RJ, 20511-070",False,https://www.instagram.com/alinefernandesnutri/,5.0,
Nutricionista Arthur Azevedo,21) 99963-8814,5521967273291,https://www.instagram.com/nutrimelojuliana,,nutricionista,"Tijuca - Rio de Janeiro, RJ",Tijuca,"R. Gen. Roca, 826 - sala 801 - Tijuca, Rio de Janeiro - RJ, 20521-070",False,,5.0,
Nutricionista Clínica Tijuca Particular Ana Luiza Azevedo,21) 97775-5665,5521967273291,https://www.instagram.com/nutrimelojuliana,,nutricionista,"Tijuca - Rio de Janeiro, RJ",Tijuca,"R. Pinto de Figueiredo, 55 - sala 805 - Tijuca, Rio de Janeiro - RJ, 20511-240",False,https://www.instagram.com/azevedo.analu/?hl=pt-br,5.0,
Dra. Daniele Schmidt,21) 98458-9045,5521967273291,https://www.instagram.com/nutrimelojuliana,,nutricionista,"Tijuca - Rio de Janeiro, RJ",Tijuca,"Pr. Saenz Peña, 33 - sala 401 - Tijuca, Rio de Janeiro - RJ, 20520-090",False,,5.0,
Patricia Sousa Nutricionista Tijuca,21) 97429-5186,5521967273291,https://www.instagram.com/alinefernandesnutri,,nutricionista,"Tijuca - Rio de Janeiro, RJ",Tijuca,"R. Almirante Cochrane, 280 - Tijuca, Rio de Janeiro - RJ, 20550-040",False,,5.0,
Nutricionista Menopausa-Marta Brasil,21) 99302-0289,5521967273291,https://www.instagram.com/alinefernandesnutri,,nutricionista,"Tijuca - Rio de Janeiro, RJ",Tijuca,"Rua Conde de Bonfim, 369 - sala 908 - Tijuca, Rio de Janeiro - RJ, 20520-051",False,,5.0,
"Dr. Sandro Couto Fisioterapeuta - Fisioterapia, Acupuntura, Quiropraxia e RPG.",21) 99296-9647,https://api.whatsapp.com/send?phone=5521996164715,https://instagram.com/fisioleonardocosta,,fisioterapeuta,"Tijuca - Rio de Janeiro, RJ",Tijuca,"Rua Conde de Bonfim, 370 - sala 501 - Tijuca, Rio de Janeiro - RJ, 20520-054",False,,5.0,
Camila Dias Fisioterapeuta,21) 96751-6947,21) 96751-6947,https://instagram.com/fisioleonardocosta,,fisioterapeuta,"Tijuca - Rio de Janeiro, RJ",Tijuca,"R. São Francisco Xavier, 173 - sala 18 2° andar - Tijuca, Rio de Janeiro - RJ, 20550-010",False,,5.0,
Espaço Zen Tijuca,21) 99290-2533,21) 99290-2533,,,fisioterapeuta,"Tijuca - Rio de Janeiro, RJ",Tijuca,"Rua Conde de Bonfim, 497 - sala 403 - Tijuca, Rio de Janeiro - RJ, 20520-051",False,,5.0,
"Clínica Forma e Postura (RPG, Shiatsu, Acupuntura, Fisioterapia..)",21) 3234-6747,,,,fisioterapeuta,"Tijuca - Rio de Janeiro, RJ",Tijuca,"R. Gen. Roca, 935 - sala 905 - Tijuca, Rio de Janeiro - RJ, 20521-070",False,,4.9,
José Carlos Brandão - Fisioterapia Tijuca,21) 98830-0157,21) 98830-0157,,,fisioterapeuta,"Tijuca - Rio de Janeiro, RJ",Tijuca,"Rua Conde de Bonfim, 255 - sala 417 - Tijuca, Rio de Janeiro - RJ, 20520-053",False,,5.0,
A2fisio Consultório de fisioterapia Ariane Viana e Carlos Adriano Souza,21) 97032-1369,21) 97032-1369,,,fisioterapeuta,"Tijuca - Rio de Janeiro, RJ",Tijuca,"Rua Conde de Bonfim, 211 - sala 704 - Tijuca, Rio de Janeiro - RJ, 20520-051",False,,5.0,
Wendell Rodrigues Fisioterapia Tijuca,21) 99004-0760,21) 99004-0760,,,fisioterapeuta,"Tijuca - Rio de Janeiro, RJ",Tijuca,"R. Dr. Pereira dos Santos, 35 - sala 708 - Tijuca, Rio de Janeiro - RJ, 20520-170",False,,5.0,
Fisio R3 - Tijuca,21) 3435-3118,,https://www.instagram.com/espacovivianetelles,,fisioterapeuta,"Tijuca - Rio de Janeiro, RJ",Tijuca,"R. Gen. Roca, 935 - Tijuca, Rio de Janeiro - RJ, 20521-071",False,https://www.instagram.com/fisior3_tijuca/,5.0,
Saúde em Movimento,21) 98780-9398,21) 98780-9398,https://www.instagram.com/espacovivianetelles,,fisioterapeuta,"Tijuca - Rio de Janeiro, RJ",Tijuca,"R. José Higino, 249 - casa 1A - Tijuca, Rio de Janeiro - RJ, 20520-201",False,https://www.instagram.com/saudeemmovimentorj/,4.8,
"Espaço Viver +. Especializado no idoso. Fisioterapia, Pilates e estimulação Cognitiva +Memoria para pessoa Idosa.",21) 99628-8069,5521981923506,https://www.instagram.com/espacovivianetelles,,fisioterapeuta,"Tijuca - Rio de Janeiro, RJ",Tijuca,"R. Maxwell, 349 - Loja B - Tijuca, Rio de Janeiro - RJ, 20541-115",False,,5.0,
Studio de Pilates Andréa Pinheiro,21) 96477-2614,21) 96477-2614,https://www.instagram.com/pilates.andreapinheiro,,pilates,"Tijuca - Rio de Janeiro, RJ",Tijuca,"Rua Conde de Bonfim, 422 - Sala 507 - Tijuca, Rio de Janeiro - RJ, 20520-054",False,https://www.instagram.com/pilates.andreapinheiro/,5.0,
Vitaflex Studio de Pilates,21) 97278-2624,21) 97278-2624,https://www.instagram.com/vitaflex.pilates,,pilates,"Tijuca - Rio de Janeiro, RJ",Tijuca,"Rua Conde de Bonfim, 497 - Sala 606 - Tijuca, Rio de Janeiro - RJ, 20520-051",False,https://www.instagram.com/vitaflex.pilates/,5.0,
Fabiana Máximo Pilates,21) 99564-7785,21) 99564-7785,,,pilates,"Tijuca - Rio de Janeiro, RJ",Tijuca,"R. Gen. Roca, 440 - Tijuca, Rio de Janeiro - RJ, 20521-070",False,,5.0,
Espaço Zen Tijuca,21) 99290-2533,21) 99290-2533,,,pilates,"Tijuca - Rio de Janeiro, RJ",Tijuca,"Rua Conde de Bonfim, 497 - sala 403 - Tijuca, Rio de Janeiro - RJ, 20520-051",False,,5.0,
JB Studio Pilates,21) 99728-3625,21) 99728-3625,,,pilates,"Tijuca - Rio de Janeiro, RJ",Tijuca,"Rua Conde de Bonfim, 370 - sala 302 - Tijuca, Rio de Janeiro - RJ, 20520-054",False,,5.0,
RG Pilates,21) 98351-1165,21) 98351-1165,https://instagram.com/rg_pilates?utm_medium=copy_link,,pilates,"Tijuca - Rio de Janeiro, RJ",Tijuca,"R. Soares da Costa, 25 - Sala 203 - Tijuca, Rio de Janeiro - RJ, 20520-100",False,https://instagram.com/rg_pilates?utm_medium=copy_link,4.9,
Espaço Saúde em Foco,21) 3038-0883,,,,pilates,"Tijuca - Rio de Janeiro, RJ",Tijuca,"Rua Conde de Bonfim, 246 - sala 204 - Tijuca, Rio de Janeiro - RJ, 20520-053",False,,5.0,
Margui Moda Fitness,,https://api.whatsapp.com/send?1=pt_BR&phone=5521981158426,http://www.instagram.com/marguimodafitness,,academia boutique,"Tijuca - Rio de Janeiro, RJ",Tijuca,"R. Haddock Lobo, 195 - Tijuca, Rio de Janeiro - RJ, 20260-141",False,http://www.instagram.com/marguimodafitness,5.0,
Corpo e Cia,21) 2567-5258,,,,academia boutique,"Tijuca - Rio de Janeiro, RJ",Tijuca,"R. Alfredo Pinto, 04 - Loja B - Tijuca, Rio de Janeiro - RJ, 20520-000",False,,4.7,
Top Gym Fitness,21) 97124-1648,21) 97124-1648,,,academia boutique,"Tijuca - Rio de Janeiro, RJ",Tijuca,"R. Aguiar, 18 - Tijuca, Rio de Janeiro - RJ, 20261-120",False,,4.8,
Spa das Sobrancelhas - Shopping Tijuca 1,21) 97235-2277,21) 97235-2277,,,studio de sobrancelha,"Tijuca - Rio de Janeiro, RJ",Tijuca,"Torre - Av. Maracanã, 987 2, SALA 703 - Tijuca, Rio de Janeiro - RJ, 20511-000",False,,4.3,
Design de Sobrancelhas na Tijuca - BEE SOBRANCELHAS TIJUCA,21) 3529-7273,,,,studio de sobrancelha,"Tijuca - Rio de Janeiro, RJ",Tijuca,"Rua Conde de Bonfim, 344, R. Santo Afonso, 215 - Tijuca, Rio de Janeiro - RJ, 20511-170",False,,5.0,
Sobrancelhas & Cílios | Tijuca | Érica Beauty Studio,21) 96807-7577,21) 96807-7577,https://www.instagram.com/ericaaraujo.designer/profilecard/?igsh=MTQzbXl1ZmJuNWU1MQ==,,studio de sobrancelha,"Tijuca - Rio de Janeiro, RJ",Tijuca,"R. Valparaíso, n° 102 - Tijuca, Rio de Janeiro - RJ, 20261-130",False,https://www.instagram.com/ericaaraujo.designer/profilecard/?igsh=MTQzbXl1ZmJuNWU1MQ==,5.0,
Studio Allyne Costa micropigmentação na Tijuca,21) 98232-7549,https://api.whatsapp.com/send?phone=5521982327549&text=Ol%C3%A1%20encontrei%20o%20studio%20atrav%C3%A9s%20do%20google%20%2C%20pode%20me%20passar%20mais%20informa%C3%A7oes.,,,studio de sobrancelha,"Tijuca - Rio de Janeiro, RJ",Tijuca,"Rua Conde de Bonfim, 44 - Sala 1902 - Tijuca, Rio de Janeiro - RJ, 20520-053",False,,5.0,
Suelen Trajano Studio | Extensão de Cílios na Tijuca,21) 99125-0045,21) 99125-0045,,,studio de sobrancelha,"Tijuca - Rio de Janeiro, RJ",Tijuca,"Rua Conde de Bonfim, 422 - Tijuca, Rio de Janeiro - RJ, 20520-050",False,,5.0,
SOBRANCELHAS BRUNA OLIVEIRA,21) 99401-5056,21) 99401-5056,https://www.instagram.com/sobrancelhas.brunaoliveira?igsh=MTZzd2Y0YW5pMXhoYg==,,studio de sobrancelha,"Tijuca - Rio de Janeiro, RJ",Tijuca,"Rua Conde de Bonfim, 352 - Tijuca, Rio de Janeiro - RJ, 20520-054",False,https://www.instagram.com/sobrancelhas.brunaoliveira?igsh=MTZzd2Y0YW5pMXhoYg==,4.7,
Sobrancelhas e cílios Tijuca | Gersica tiberto,21) 96467-9647,21) 96467-9647,https://www.instagram.com/gersicatibertosobrancelhas?igsh=YWRuMHhsZTduY3py,,studio de sobrancelha,"Tijuca - Rio de Janeiro, RJ",Tijuca,"Rua Conde de Bonfim, 246 - Tijuca, Rio de Janeiro - RJ, 20520-054",False,https://www.instagram.com/gersicatibertosobrancelhas?igsh=YWRuMHhsZTduY3py,5.0,
Cílios Tijuca,21) 96727-6738,21) 96727-6738,https://instagram.com/layrodrigues_cilios?igshid=YmMyMTA2M2Y=,,studio de sobrancelha,"Tijuca - Rio de Janeiro, RJ",Tijuca,"Rua Conde de Bonfim, 375 - Tijuca, Rio de Janeiro - RJ, 20521-070",False,https://instagram.com/layrodrigues_cilios?igshid=YmMyMTA2M2Y=,5.0,
Paula Machado Design de Sobrancelhas e Cabelo,21) 2204-2937,,,,studio de sobrancelha,"Tijuca - Rio de Janeiro, RJ",Tijuca,"Rua Barão de Mesquita, 314 - loja 109 NOVA LOJA Nº109 - NA MESMA GALERIA Tijuca Off Shopping - Tijuca, Rio de Janeiro - RJ, 20540-006",False,,4.8,
Studio Gisilene Sousa,21) 97398-7646,21) 97398-7646,,,studio de sobrancelha,"Tijuca - Rio de Janeiro, RJ",Praça da Bandeira,"R. Barão de Ubá, 560 - sala 703 - Praça da Bandeira, Rio de Janeiro - RJ, 20260-050",False,,5.0,
Mayra Sousa Designer de Sobrancelhas,21) 99948-2639,21) 99948-2639,,,studio de sobrancelha,"Tijuca - Rio de Janeiro, RJ",Tijuca,"R. Gen. Roca, 913 - Sala 404 - Tijuca, Rio de Janeiro - RJ, 20521-071",False,,5.0,
Cílios Tijuca,21) 96727-6738,21) 96727-6738,https://instagram.com/layrodrigues_cilios?igshid=YmMyMTA2M2Y=,,studio de cílios,"Tijuca - Rio de Janeiro, RJ",Tijuca,"Rua Conde de Bonfim, 375 - Tijuca, Rio de Janeiro - RJ, 20521-070",False,https://instagram.com/layrodrigues_cilios?igshid=YmMyMTA2M2Y=,5.0,
Suelen Trajano Studio | Extensão de Cílios na Tijuca,21) 99125-0045,21) 99125-0045,,,studio de cílios,"Tijuca - Rio de Janeiro, RJ",Tijuca,"Rua Conde de Bonfim, 422 - Tijuca, Rio de Janeiro - RJ, 20520-050",False,,5.0,
MyLash Tijuca | Extensão de Cílios,21) 98849-7216,21) 98849-7216,,,studio de cílios,"Tijuca - Rio de Janeiro, RJ",Tijuca,"Av. Maracanã, 987 - loja a1070 - Tijuca, Rio de Janeiro - RJ, 20511-000",False,,4.7,
Nanda Spinellì Beauty | Extensão de Cílios,21) 98909-0641,21) 98909-0641,https://instagram.com/fernandaspinelli_beauty?igshid=YmMyMTA2M2Y=,,studio de cílios,"Tijuca - Rio de Janeiro, RJ",Tijuca,"R. Eng. Enaldo Cravo Peixoto, 215 - Tijuca, Rio de Janeiro - RJ, 20540-106",False,,5.0,
Manu Salomão | Cílios - Tijuca,21) 95944-9670,21) 95944-9670,,,studio de cílios,"Tijuca - Rio de Janeiro, RJ",Tijuca,"galeria 344 - Rua Conde de Bonfim, 344 - 6º andar - sala 610 / bloco 2 - Tijuca, Rio de Janeiro - RJ, 20520-054",False,,5.0,
Studio Lash Design,21) 99487-6993,21) 99487-6993,http://instagram.com/studio.lashdesign,,studio de cílios,"Tijuca - Rio de Janeiro, RJ",Tijuca,"Rua - R. Almirante Cochrane, 280 - sala 302 - Tijuca, Rio de Janeiro - RJ, 20550-040",False,http://instagram.com/studio.lashdesign,4.9,
Sobrancelhas & Cílios | Tijuca | Érica Beauty Studio,21) 96807-7577,21) 96807-7577,https://www.instagram.com/ericaaraujo.designer/profilecard/?igsh=MTQzbXl1ZmJuNWU1MQ==,,studio de cílios,"Tijuca - Rio de Janeiro, RJ",Tijuca,"R. Valparaíso, n° 102 - Tijuca, Rio de Janeiro - RJ, 20261-130",False,https://www.instagram.com/ericaaraujo.designer/profilecard/?igsh=MTQzbXl1ZmJuNWU1MQ==,5.0,
Fernanda Ramos Studio dos Cílios,21) 99574-7139,21) 99574-7139,,,studio de cílios,"Tijuca - Rio de Janeiro, RJ",Tijuca,"R. Dr. Pereira dos Santos, 35 - Tijuca, Rio de Janeiro - RJ, 20520-170",False,,4.0,
Ame Beauty Concept,21) 97084-6721,21) 97084-6721,https://www.instagram.com/amebeautyconcept?igsh=eHUyZmNteHR1aDB5&utm_source=qr,,studio de cílios,"Tijuca - Rio de Janeiro, RJ",Tijuca,"R. Santo Afonso, 44 - Tijuca, Rio de Janeiro - RJ, 20511-170",False,https://www.instagram.com/amebeautyconcept?igsh=eHUyZmNteHR1aDB5&utm_source=qr,5.0,
Studio Gisele Cruz- Cílios e Sobrancelhas,21) 99209-9162,21) 99209-9162,,,studio de cílios,"Tijuca - Rio de Janeiro, RJ",Tijuca,"R. São Francisco Xavier, n°173A - loja 39 - Tijuca, Rio de Janeiro - RJ, 20550-012",False,,5.0,
Sobrancelhas e cílios Tijuca | Gersica tiberto,21) 96467-9647,21) 96467-9647,https://www.instagram.com/gersicatibertosobrancelhas?igsh=YWRuMHhsZTduY3py,,studio de cílios,"Tijuca - Rio de Janeiro, RJ",Tijuca,"Rua Conde de Bonfim, 246 - Tijuca, Rio de Janeiro - RJ, 20520-054",False,https://www.instagram.com/gersicatibertosobrancelhas?igsh=YWRuMHhsZTduY3py,5.0,
Francine Mattos - Epilação/Cilios/Sobrancelhas,21) 98517-7776,21) 98517-7776,https://www.instagram.com/eufrandesigner,,studio de cílios,"Tijuca - Rio de Janeiro, RJ",Tijuca,"R. Barão de Mesquita, 926 - sala 3j - Tijuca, Rio de Janeiro - RJ, 20540-004",False,https://www.instagram.com/eufrandesigner,5.0,
Studio Eliza Lash Design,21) 99584-8925,5521966621127,https://www.instagram.com/lashelizoliver?igsh=MTNzMG4ycWE0d2E1eg%3D%3D&utm_source=qr,,studio de cílios,"Tijuca - Rio de Janeiro, RJ",Tijuca,"Rua Conde de Bonfim, 1037 - Tijuca, Rio de Janeiro - RJ, 20530-001",False,https://www.instagram.com/lashelizoliver?igsh=MTNzMG4ycWE0d2E1eg%3D%3D&utm_source=qr,5.0,
Studio Allyne Costa micropigmentação na Tijuca,21) 98232-7549,https://api.whatsapp.com/send?phone=5521982327549&text=Ol%C3%A1%20encontrei%20o%20studio%20atrav%C3%A9s%20do%20google%20%2C%20pode%20me%20passar%20mais%20informa%C3%A7oes.,,,studio de cílios,"Tijuca - Rio de Janeiro, RJ",Tijuca,"Rua Conde de Bonfim, 44 - Sala 1902 - Tijuca, Rio de Janeiro - RJ, 20520-053",False,,5.0,
Laís Lash,21) 96513-3054,21) 96513-3054,https://instagram.com/laislash_?igshid=YTQwZjQ0NmI0OA==,,studio de cílios,"Tijuca - Rio de Janeiro, RJ",Tijuca,"R. Pinto de Figueiredo, 55 - Tijuca, Rio de Janeiro - RJ, 20511-200",False,https://instagram.com/laislash_?igshid=YTQwZjQ0NmI0OA==,5.0,
Studio Lash Design,21) 99487-6993,21) 99487-6993,http://instagram.com/studio.lashdesign,,lash designer,"Tijuca - Rio de Janeiro, RJ",Tijuca,"Rua - R. Almirante Cochrane, 280 - sala 302 - Tijuca, Rio de Janeiro - RJ, 20550-040",False,http://instagram.com/studio.lashdesign,4.9,
MyLash Tijuca | Extensão de Cílios,21) 98849-7216,21) 98849-7216,,,lash designer,"Tijuca - Rio de Janeiro, RJ",Tijuca,"Av. Maracanã, 987 - loja a1070 - Tijuca, Rio de Janeiro - RJ, 20511-000",False,,4.7,
Laís Lash,21) 96513-3054,21) 96513-3054,https://instagram.com/laislash_?igshid=YTQwZjQ0NmI0OA==,,lash designer,"Tijuca - Rio de Janeiro, RJ",Tijuca,"R. Pinto de Figueiredo, 55 - Tijuca, Rio de Janeiro - RJ, 20511-200",False,https://instagram.com/laislash_?igshid=YTQwZjQ0NmI0OA==,5.0,
Studio Eliza Lash Design,21) 99584-8925,5521966621127,https://www.instagram.com/lashelizoliver?igsh=MTNzMG4ycWE0d2E1eg%3D%3D&utm_source=qr,,lash designer,"Tijuca - Rio de Janeiro, RJ",Tijuca,"Rua Conde de Bonfim, 1037 - Tijuca, Rio de Janeiro - RJ, 20530-001",False,https://www.instagram.com/lashelizoliver?igsh=MTNzMG4ycWE0d2E1eg%3D%3D&utm_source=qr,5.0,
Studio Allyne Costa micropigmentação na Tijuca,21) 98232-7549,https://api.whatsapp.com/send?phone=5521982327549&text=Ol%C3%A1%20encontrei%20o%20studio%20atrav%C3%A9s%20do%20google%20%2C%20pode%20me%20passar%20mais%20informa%C3%A7oes.,,,lash designer,"Tijuca - Rio de Janeiro, RJ",Tijuca,"Rua Conde de Bonfim, 44 - Sala 1902 - Tijuca, Rio de Janeiro - RJ, 20520-053",False,,5.0,
Manu Salomão | Cílios - Tijuca,21) 95944-9670,21) 95944-9670,,,lash designer,"Tijuca - Rio de Janeiro, RJ",Tijuca,"galeria 344 - Rua Conde de Bonfim, 344 - 6º andar - sala 610 / bloco 2 - Tijuca, Rio de Janeiro - RJ, 20520-054",False,,5.0,
Sobrancelhas Design Shopping Tijuca,21) 2568-3797,,,,lash designer,"Tijuca - Rio de Janeiro, RJ",Tijuca,"Av. Maracanã, 987 - Tijuca, Rio de Janeiro - RJ, 20765-000",False,,4.2,
Ame Beauty Concept,21) 97084-6721,21) 97084-6721,https://www.instagram.com/amebeautyconcept?igsh=eHUyZmNteHR1aDB5&utm_source=qr,,lash designer,"Tijuca - Rio de Janeiro, RJ",Tijuca,"R. Santo Afonso, 44 - Tijuca, Rio de Janeiro - RJ, 20511-170",False,https://www.instagram.com/amebeautyconcept?igsh=eHUyZmNteHR1aDB5&utm_source=qr,5.0,
Nanda Spinellì Beauty | Extensão de Cílios,21) 98909-0641,21) 98909-0641,https://instagram.com/fernandaspinelli_beauty?igshid=YmMyMTA2M2Y=,,lash designer,"Tijuca - Rio de Janeiro, RJ",Tijuca,"R. Eng. Enaldo Cravo Peixoto, 215 - Tijuca, Rio de Janeiro - RJ, 20540-106",False,,5.0,
Dilly Beauty - Lash Designer,21) 95926-8759,21) 95926-8759,,,lash designer,"Tijuca - Rio de Janeiro, RJ",Tijuca,"R. Carlos Vasconcelos, 148a - loja 11 - Tijuca, Rio de Janeiro - RJ, 20521-050",False,,5.0,
Kimani Spa,21) 97028-4503,5521970284503,,,spa,"Tijuca - Rio de Janeiro, RJ",Tijuca,"Rua Conde de Bonfim, 344 - bloco 2, sala 703 - Tijuca, Rio de Janeiro - RJ, 20520-053",False,,5.0,
LUGH SPA EXPRESS TERAPIAS INTEGRATIVAS,21) 98371-9801,21) 98371-9801,,,spa,"Tijuca - Rio de Janeiro, RJ",Tijuca,"RUA GENERAL ROCA, 913 MARAPUAMA - TIJUCA, RIO DE JANEIRO - RJ, 20521-070 1, 3 km - Tijuca, Rio de Janeiro - RJ, 20521-070",False,,5.0,
Clínica Juliana Capdeville - Saúde e Estética Tijuca,21) 97032-6544,21) 97032-6544,https://www.instagram.com/clinicacapdeville?igsh=MTgyODYwNWNoNmRoeg==,,spa,"Tijuca - Rio de Janeiro, RJ",Tijuca,"R. São Francisco Xavier, 32 - Tijuca, Rio de Janeiro - RJ, 20550-012",False,https://www.instagram.com/clinicacapdeville?igsh=MTgyODYwNWNoNmRoeg==,5.0,
SPA Kamarim - Rio de Janeiro,11) 93342-6468,11) 93342-6468,https://www.instagram.com/spakamarimriodejaneiro,,spa,"Tijuca - Rio de Janeiro, RJ",Barra da Tijuca,"Av. das Américas, 3255 - Barra da Tijuca, Rio de Janeiro - RJ, 22631-002",False,https://www.instagram.com/spakamarimriodejaneiro,5.0,
Feitiço Da Tijuca,21) 2569-4766,,,,restaurante,"Tijuca - Rio de Janeiro, RJ",Tijuca,"R. Haddock Lobo, 252 - Tijuca, Rio de Janeiro - RJ, 20260-133",False,,4.6,
Sardinha Taberna Portuguesa (Tijuca),,,,,restaurante,"Tijuca - Rio de Janeiro, RJ",Andaraí,"Av. Maracanã, 987 - Loj 3021 - Andaraí, Rio de Janeiro - RJ, 20511-000",False,,4.8,
Restaurante Salete,21) 2264-5163,,https://www.instagram.com/restaurantesalete,,restaurante,"Tijuca - Rio de Janeiro, RJ",Tijuca,"R. Afonso Pena, 189 - Tijuca, Rio de Janeiro - RJ, 20270-244",False,https://www.instagram.com/restaurantesalete/,4.4,
Garota da Tijuca,21) 98556-3846,21) 98556-3846,,,restaurante,"Tijuca - Rio de Janeiro, RJ",Maracanã,"Praça Varnhagem, 5 - Maracanã, Rio de Janeiro - RJ, 23590-800",False,,4.2,
Restaurante Sabará - Tijuca,21) 3437-6009,,,,restaurante,"Tijuca - Rio de Janeiro, RJ",Tijuca,"R. Alm. Gavião, 11 - Tijuca, Rio de Janeiro - RJ, 20260-200",False,,4.6,
Restaurante Cantinho grill da tijuca,21) 99936-8344,21) 99936-8344,,,restaurante,"Tijuca - Rio de Janeiro, RJ",Tijuca,"R. Haddock Lobo, 252 A - Tijuca, Rio de Janeiro - RJ, 20260-142",False,,4.5,
Dú Bonfim Gourmet - Tijuca Tênis Clube - Ed. Sede Segundo andar,21) 96750-2636,21) 96750-2636,http://instagram.com/dubonfimgourmet,,restaurante,"Tijuca - Rio de Janeiro, RJ",Tijuca,"Tijuca Tênis Clube - Edifício Sede, Rua Conde de Bonfim, 451 - 2° andar - Tijuca, Rio de Janeiro - RJ, 20520-051",False,http://instagram.com/dubonfimgourmet,4.2,
Rei do Bacalhau - (Tijuca),21) 2238-7667,,https://instagram.com/reidobacalhautj.oficial?igshid=YmMyMTA2M2Y=,,restaurante,"Tijuca - Rio de Janeiro, RJ",Tijuca,"Praça Cmte. Xavier de Brito, 10 - Tijuca, Rio de Janeiro - RJ, 20511-400",False,https://instagram.com/reidobacalhautj.oficial?igshid=YmMyMTA2M2Y=,4.2,
Rio National Park|Casa da Floresta - Hostel & Coliving,21) 99133-6200,21) 99133-6200,https://www.instagram.com/invites/contact/?i=1x5f33vpb2rh8&utm_content=p5tmmrw,,pousada,"Tijuca - Rio de Janeiro, RJ",Tijuca,"R. Tiaçu, 16 - Tijuca, Rio de Janeiro - RJ, 20530-460",False,https://www.instagram.com/invites/contact/?i=1x5f33vpb2rh8&utm_content=p5tmmrw,4.8,
Pousada e Hostel Casa da Floresta,21) 96763-9913,21) 96763-9913,,,pousada,"Tijuca - Rio de Janeiro, RJ",Tijuca,"R. São Miguel, 755 - Tijuca, Rio de Janeiro - RJ, 20530-420",False,,4.6,
Denise Scheidegger,21) 96469-1102,21) 96469-1102,,,pousada,"Tijuca - Rio de Janeiro, RJ",Tijuca,"R. do Bpo., 296 - Tijuca, Rio de Janeiro - RJ, 20261-068",False,,4.6,
Cama e CAFÉ,21) 2502-9008,,,,pousada,"Tijuca - Rio de Janeiro, RJ",Tijuca,"R. Dr. Satamini, 332 - casa 05 - Tijuca, Rio de Janeiro - RJ, 20270-231",False,,4.5,
Pousada Paraiso Barra da Tijuca,21) 97754-9797,21) 97754-9797,,,pousada,"Tijuca - Rio de Janeiro, RJ",Barra da Tijuca,"Alameda dos Colibris, 91 - Barra da Tijuca, Rio de Janeiro - RJ, 22640-338",False,,4.7,
Kazazen Hostel,21) 2568-0324,,,,pousada,"Tijuca - Rio de Janeiro, RJ",Tijuca,"R. Afonso Pena, 102 - Tijuca, Rio de Janeiro - RJ, 20270-245",False,,4.2,
Urban Boutique,21) 98799-3165,21) 98799-3165,,,hotel boutique,"Tijuca - Rio de Janeiro, RJ",Centro,"R. do Rezende, 110 - Centro, Rio de Janeiro - RJ, 20230-014",False,,5.0,
Espaço Hostel Grajaú,21) 99768-7622,21) 99768-7622,,,hotel boutique,"Tijuca - Rio de Janeiro, RJ",Grajaú,"R. Meira de Vasconcelos, 221 - Grajaú, Rio de Janeiro - RJ, 20540-310",False,,4.3,
RARO Ipanema Boutique Hotel,21) 97508-1608,21) 97508-1608,,,hotel boutique,"Tijuca - Rio de Janeiro, RJ",Copacabana,"R. Saint Roman, 222 - Copacabana, Rio de Janeiro - RJ, 22071-060",False,,4.7,
Casa Aurora Luz do Amanhecer,11) 96635-3058,11) 96635-3058,,,hotel boutique,"Tijuca - Rio de Janeiro, RJ",Rio Comprido,"Beco da Lagoinha, casa 5 - Rio Comprido, Rio de Janeiro - RJ, 20241-420",False,,4.3,
Leal & Lopes Advogados,21) 2168-9019,5521993240847,https://www.instagram.com/caioadvfernandes,,advogado,"Tijuca - Rio de Janeiro, RJ",Tijuca,"R. Santo Afonso, n° 44 - sala: 801 - Tijuca, Rio de Janeiro - RJ, 20511-170",False,,5.0,
Ciro Costa - Advogado,21) 96830-0266,5521993240847,https://www.instagram.com/caioadvfernandes,,advogado,"Tijuca - Rio de Janeiro, RJ",Grajaú,"R. Nossa Sra. de Lourdes - Grajaú, Rio de Janeiro - RJ, 20540-370",False,,5.0,
Dr. Caio de Souza Fernandes - Advogado,32) 98423-8123,5521993240847,https://www.instagram.com/caioadvfernandes,,advogado,"Tijuca - Rio de Janeiro, RJ",Tijuca,"Rua Carvalho Alvim - Tijuca, Rio de Janeiro - RJ, 20510-100",False,https://www.instagram.com/caioadvfernandes/,5.0,
Caroline Lins Advogada,,5521993240847,https://www.instagram.com/caioadvfernandes,,advogado,"Tijuca - Rio de Janeiro, RJ",Tijuca,"R. Santo Afonso, 215 - bloco B, sala 1305 - Tijuca, Rio de Janeiro - RJ, 20520-054",False,,5.0,
Anderson Sampaio Advogado,21) 96963-0933,5521993240847,https://www.instagram.com/caioadvfernandes,,advogado,"Tijuca - Rio de Janeiro, RJ",Tijuca,"R. São Francisco Xavier, 173A - Segundo Andar, Sala 16 - Tijuca, Rio de Janeiro - RJ, 20550-010",False,,5.0,
Phillipe de Oliveira Advocacia,21) 99127-9879,5521993240847,https://www.instagram.com/caioadvfernandes,,advogado,"Tijuca - Rio de Janeiro, RJ",Tijuca,"Rua Conde de Bonfim, 535 - Tijuca, Rio de Janeiro - RJ, 20520-052",False,,5.0,
Amoreiras arquitetura e design,38) 99903-6803,38) 99903-6803,,,arquiteto,"Tijuca - Rio de Janeiro, RJ",Tijuca,"Rua Itacuruçá - Tijuca, Rio de Janeiro - RJ, 20510-150",False,,5.0,
Thessarq Serviços Arquitetura,21) 97045-2545,21) 97045-2545,,,arquiteto,"Tijuca - Rio de Janeiro, RJ",Tijuca,"R. Pereira de Siqueira, 25 - Tijuca, Rio de Janeiro - RJ, 20550-020",False,,5.0,
Three Arq. Studio -Escritório de Arquitetura,21) 99785-7451,21) 99785-7451,,,arquiteto,"Tijuca - Rio de Janeiro, RJ",Tijuca,"Rua Conde de Bonfim, 827 - loja 100A - Tijuca, Rio de Janeiro - RJ, 20530-000",False,,5.0,
PC Arquitetura e Construções - Pedro Caminha,21) 99238-0260,21) 99238-0260,,,arquiteto,"Tijuca - Rio de Janeiro, RJ",Tijuca,"R. Almirante Cochrane, 280 - sala 405 - Tijuca, Rio de Janeiro - RJ, 20550-040",False,,5.0,
Grajau,,,,,arquiteto,"Tijuca - Rio de Janeiro, RJ",Tijuca,"R. Barão de Mesquita - Tijuca, Rio de Janeiro - RJ, 20540-156",False,,5.0,
Concrete Serviços de Arquitetura LTDA,21) 96725-8009,21) 96725-8009,,,arquiteto,"Tijuca - Rio de Janeiro, RJ",Maracanã,"R. São Francisco Xavier, 32 - Sala 1005 - Maracanã, Rio de Janeiro - RJ, 22550-012",False,,4.9,
S45 Fotografias,21) 2569-5770,,https://www.instagram.com/s45fotografias,,fotógrafo,"Tijuca - Rio de Janeiro, RJ",Tijuca,"R. Soares da Costa, 10 - Tijuca, Rio de Janeiro - RJ, 20520-100",False,https://www.instagram.com/s45fotografias/,4.4,
Estúdio de Fotografia Tselem,21) 99601-4089,21) 99601-4089,https://www.instagram.com/edsonjuniorfotografo,,fotógrafo,"Tijuca - Rio de Janeiro, RJ",Tijuca,"R. Gen. Roca, 340 - Tijuca, Rio de Janeiro - RJ, 20521-070",False,,5.0,
Edson Junior Fotógrafo,21) 97179-7572,21) 97179-7572,https://www.instagram.com/edsonjuniorfotografo,,fotógrafo,"Tijuca - Rio de Janeiro, RJ",Tijuca,"R. Eng. Enaldo Cravo Peixoto, 215 - Sala 610 - Tijuca, Rio de Janeiro - RJ, 20540-106",False,https://www.instagram.com/edsonjuniorfotografo/,5.0,
Studio Fotográfico,21) 2238-7674,,https://www.instagram.com/edsonjuniorfotografo,,fotógrafo,"Tijuca - Rio de Janeiro, RJ",Tijuca,"Rua Conde de Bonfim, 690 - Loja 10 - Tijuca, Rio de Janeiro - RJ, 20530-002",False,,4.1,
CE Afonso Pena,21) 2288-1163,,,,escola,"Tijuca - Rio de Janeiro, RJ",Tijuca,"R. Barão de Mesquita, 499 - Tijuca, Rio de Janeiro - RJ, 20540-001",False,,,
Escola Municipal Almirante Barroso,21) 2258-5020,,https://instagram.com/estacao_futuro?igshid=OTk0YzhjMDVlZA==,,escola,"Tijuca - Rio de Janeiro, RJ",Tijuca,"R. Homem de Melo, 302 - Tijuca, Rio de Janeiro - RJ, 20510-060",False,,,
Interpretes de Libras - SuLibras,21) 98226-2890,21) 98226-2890,http://www.instagram.com.br/mandalacasadasartes,,curso livre,"Tijuca - Rio de Janeiro, RJ",Tijuca,"R. Félix da Cunha, 0 - Tijuca, Rio de Janeiro - RJ, 20260-300",False,,5.0,
Mandala Casa das Artes,21) 99510-5901,5521995105901,http://www.instagram.com.br/mandalacasadasartes,,curso livre,"Tijuca - Rio de Janeiro, RJ",Tijuca,"Rua Conde de Bonfim, 369 - sala 909 - Tijuca, Rio de Janeiro - RJ, 20520-053",False,http://www.instagram.com.br/mandalacasadasartes,4.9,
Balaio Ateliê RJ,21) 99283-8896,21) 99283-8896,http://www.instagram.com.br/mandalacasadasartes,,curso livre,"Tijuca - Rio de Janeiro, RJ",Tijuca,"R. Haddock Lobo, 239 - sala 205 - Tijuca, Rio de Janeiro - RJ, 20260-141",False,,5.0,
Center Med Tijuca,21) 2238-5251,,https://www.instagram.com/cmsheitorbeltrao/#,,clínica médica,"Tijuca - Rio de Janeiro, RJ",Tijuca,"R. Barão de Pirassinunga, 58 - Tijuca, Rio de Janeiro - RJ, 20521-170",False,,4.7,
Grupo MedClínica - Clínica Popular da Tijuca,21) 3549-2090,,,,clínica médica,"Tijuca - Rio de Janeiro, RJ",Tijuca,"R. Dona Delfina, 135 - Tijuca, Rio de Janeiro - RJ, 20511-270",False,,4.2,
RJ GESTAO E CONSULTORIA OCUPACIONAL /Centro Medico Leticia,21) 2268-5297,,,,clínica médica,"Tijuca - Rio de Janeiro, RJ",Tijuca,"R. Barão de Pirassinunga, 68 - Tijuca, Rio de Janeiro - RJ, 20521-170",False,,4.6,
Clínica Médica - Diversas Especialidades,,,,,clínica médica,"Tijuca - Rio de Janeiro, RJ",Tijuca,"R. Uruguai, 268 - Tijuca, Rio de Janeiro - RJ, 20510-060",False,,,
Dra Marcella Moraes - Harmonização Facial,21) 99835-3388,21) 99835-3388,https://www.instagram.com/dra.marcellamoraes,,harmonização facial,"Tijuca - Rio de Janeiro, RJ",Tijuca,"R. Eng. Enaldo Cravo Peixoto, 105 - Tijuca, Rio de Janeiro - RJ, 20540-106",False,https://www.instagram.com/dra.marcellamoraes/,5.0,
Dra Jessica Tompson - Harmonização Facial,21) 97574-8522,21) 97574-8522,https://www.instagram.com/drajessicatompson?igsh=emowaDZqcm84OHBv,,harmonização facial,"Tijuca - Rio de Janeiro, RJ",Tijuca,"Rua Conde de Bonfim, 377 - Tijuca, Rio de Janeiro - RJ, 20520-051",False,https://www.instagram.com/drajessicatompson?igsh=emowaDZqcm84OHBv,5.0,
Dra Vivianne Cortez | Harmonização Facial e Corporal na Tijuca,21) 97889-6755,21) 97889-6755,,,harmonização facial,"Tijuca - Rio de Janeiro, RJ",Tijuca,"R. Santo Afonso, 44 - Loja A - Tijuca, Rio de Janeiro - RJ, 20511-170",False,,5.0,
- Dra Bruna Henriques - Harmonização Facial Avançada - Tijuca,21) 97102-6542,21) 97102-6542,https://www.instagram.com/dra.brunahenriques,,harmonização facial,"Tijuca - Rio de Janeiro, RJ",Tijuca,"Rua Conde de Bonfim, 120 - sala 708 - Tijuca, Rio de Janeiro - RJ, 20520-053",False,https://www.instagram.com/dra.brunahenriques/,5.0,
Harmonização facial e Saúde Estética - Dra Juliana Cotrin,21) 99915-4982,21) 99915-4982,https://www.instagram.com/drajulianacotrin,,harmonização facial,"Tijuca - Rio de Janeiro, RJ",Tijuca,"R. Haddock Lobo, 356 - sala 503 - Tijuca, Rio de Janeiro - RJ, 20260-142",False,https://www.instagram.com/drajulianacotrin/,5.0,
Harmonização Facial Tijuca - Dra. Lorraine Ribeiro,21) 99217-2899,21) 99217-2899,https://instagram.com/dra.lorraineribeirom?igshid=OGIzYTJhMTRmYQ==,,harmonização facial,"Tijuca - Rio de Janeiro, RJ",Tijuca,"Rua Conde de Bonfim, 297 - Sala 605 - Tijuca, Rio de Janeiro - RJ, 20521-050",False,,4.8,
Drª Mariana Bonfá - Harmonização Facial e Corporal no Rio de Janeiro,21) 99704-8229,21) 99704-8229,https://www.instagram.com/dra.mariana.bonfa,,harmonização facial,"Tijuca - Rio de Janeiro, RJ",Tijuca,"Rua Conde de Bonfim, 344 - Bloco 01, Sala 905 - Tijuca, Rio de Janeiro - RJ, 20520-054",False,https://www.instagram.com/dra.mariana.bonfa/,5.0,
Dra Victória Diniz Clínica de Rejuvenescimento e Harmonização Facial Tijuca,21) 99160-8959,21) 99160-8959,https://instagram.com/clinicavictoriadiniz?utm_medium=copy_link,,harmonização facial,"Tijuca - Rio de Janeiro, RJ",Tijuca,"Rua Conde de Bonfim, 255 - Tijuca, Rio de Janeiro - RJ, 20520-051",False,https://instagram.com/clinicavictoriadiniz?utm_medium=copy_link,5.0,
Dra. Thaís de Andrade - Botox e Preenchimento Labial na Tijuca - RJ,21) 99914-1107,21) 99914-1107,,,harmonização facial,"Tijuca - Rio de Janeiro, RJ",Tijuca,"R. Eng. Enaldo Cravo Peixoto, 105 - sala 910 - Tijuca, Rio de Janeiro - RJ, 20540-106",False,,5.0,
Dra Thais Lopes | Botox e Preenchimento Labial na Tijuca,21) 97469-0411,5521974690411,https://www.instagram.com/drathaislopes,,harmonização facial,"Tijuca - Rio de Janeiro, RJ",Tijuca,"Rua Conde de Bonfim, 422 - sala 512 - Tijuca, Rio de Janeiro - RJ, 20520-054",False,https://www.instagram.com/drathaislopes/,5.0,
Dra. Tainá Pacheco - Harmonização Orofacial & Odontologia,21) 96434-2821,21) 96434-2821,https://www.instagram.com/dra_tainapacheco?igsh=bW91bHN0eHduZHVx&utm_source=qr,,harmonização facial,"Tijuca - Rio de Janeiro, RJ",Tijuca,"R. Maj. Ávila, 260 - 7° andar - Tijuca, Rio de Janeiro - RJ, 20540-092",False,https://www.instagram.com/dra_tainapacheco?igsh=bW91bHN0eHduZHVx&utm_source=qr,5.0,
Depilação Tijuca Clínica Especializada Depilarty,21) 97162-3572,21) 97162-3572,,,depilação a laser,"Tijuca - Rio de Janeiro, RJ",Tijuca,"R. Barão de Mesquita, 314 - supla 345 loja N - Tijuca, Rio de Janeiro - RJ, 20540-901",False,,4.9,
Bodylaser Shopping Tijuca,21) 99626-5126,21) 99626-5126,https://www.instagram.com/bodylaser.shoppingtijuca,,depilação a laser,"Tijuca - Rio de Janeiro, RJ",Tijuca,"Av. Maracanã, 987 - Tijuca, Rio de Janeiro - RJ, 20511-000",False,https://www.instagram.com/bodylaser.shoppingtijuca/,4.0,
Estetica Tijuca - Viviane Vanzillotta,21) 99170-2223,21) 99170-2223,https://www.instagram.com/invites/contact/?i=iyz4gn0py1p1&utm_content=lw2uolt,,depilação a laser,"Tijuca - Rio de Janeiro, RJ",Tijuca,"Galeria Vitrine da Tijuca - Rua Conde de Bonfim, 346 - loja 111, subsolo - Tijuca, Rio de Janeiro - RJ, 20520-054",False,https://www.instagram.com/invites/contact/?i=iyz4gn0py1p1&utm_content=lw2uolt,5.0,
Espaço Lucilene,21) 97028-4170,21) 97028-4170,,,depilação a laser,"Tijuca - Rio de Janeiro, RJ",Tijuca,"Rua Conde de Bonfim, 369 - Sala 411 - Tijuca, Rio de Janeiro - RJ, 20520-054",False,,5.0,
Studio Allyne Costa micropigmentação na Tijuca,21) 98232-7549,https://api.whatsapp.com/send?phone=5521982327549&text=Ol%C3%A1%20encontrei%20o%20studio%20atrav%C3%A9s%20do%20google%20%2C%20pode%20me%20passar%20mais%20informa%C3%A7oes.,,,micropigmentação,"Tijuca - Rio de Janeiro, RJ",Tijuca,"Rua Conde de Bonfim, 44 - Sala 1902 - Tijuca, Rio de Janeiro - RJ, 20520-053",False,,5.0,
Spa das Sobrancelhas - Shopping Tijuca 1,21) 97235-2277,21) 97235-2277,,,micropigmentação,"Tijuca - Rio de Janeiro, RJ",Tijuca,"Torre - Av. Maracanã, 987 2, SALA 703 - Tijuca, Rio de Janeiro - RJ, 20511-000",False,,4.3,
Cílios Tijuca,21) 96727-6738,21) 96727-6738,https://instagram.com/layrodrigues_cilios?igshid=YmMyMTA2M2Y=,,micropigmentação,"Tijuca - Rio de Janeiro, RJ",Tijuca,"Rua Conde de Bonfim, 375 - Tijuca, Rio de Janeiro - RJ, 20521-070",False,https://instagram.com/layrodrigues_cilios?igshid=YmMyMTA2M2Y=,5.0,
Daniele Nery Beauty/Micropigmentação/ designer de sobrancelhas/ brow lamination/ remoção a laser,21) 98221-1631,5521982211631,https://instagram.com/danielenerybeauty?igshid=NTc4MTIwNjQ2YQ==,,micropigmentação,"Tijuca - Rio de Janeiro, RJ",Tijuca,"R. Haddock Lobo, 210 - sala 214 - Tijuca, Rio de Janeiro - RJ, 20260-142",False,https://instagram.com/danielenerybeauty?igshid=NTc4MTIwNjQ2YQ==,5.0,
Suelen Trajano Studio | Extensão de Cílios na Tijuca,21) 99125-0045,21) 99125-0045,,,micropigmentação,"Tijuca - Rio de Janeiro, RJ",Tijuca,"Rua Conde de Bonfim, 422 - Tijuca, Rio de Janeiro - RJ, 20520-050",False,,5.0,
Espaço Caroline Laranja,21) 96521-8150,21) 96521-8150,,,micropigmentação,"Tijuca - Rio de Janeiro, RJ",Tijuca,"R. Mariz e Barros, 1001 - Sl.502 - Tijuca, Rio de Janeiro - RJ, 20270-004",False,,4.9,
Eloarte - Beauty Studio & Academy,21) 96828-7003,https://api.whatsapp.com/send?phone=5521976071337,,,micropigmentação,"Tijuca - Rio de Janeiro, RJ",Tijuca,"R. Haddock Lobo, 210 - Sala 620 - Tijuca, Rio de Janeiro - RJ, 20260-142",False,,5.0,
Design de Sobrancelhas na Tijuca - BEE SOBRANCELHAS TIJUCA,21) 3529-7273,,,,micropigmentação,"Tijuca - Rio de Janeiro, RJ",Tijuca,"Rua Conde de Bonfim, 344, R. Santo Afonso, 215 - Tijuca, Rio de Janeiro - RJ, 20511-170",False,,5.0,
Vanessa Assumpção Micropigmentação e Estética,21) 99333-5312,21) 99333-5312,,,micropigmentação,"Tijuca - Rio de Janeiro, RJ",Tijuca,"Rua Conde de Bonfim 112, loja A, subsolo, Tiju Med - Tijuca, Rio de Janeiro - RJ, 20520-053",False,,4.7,
Studio Setti RJ,21) 98737-8177,21) 98737-8177,,,micropigmentação,"Tijuca - Rio de Janeiro, RJ",Tijuca,"R. Des. Izidro, 18a - loja 42 - Tijuca, Rio de Janeiro - RJ, 20521-160",False,,4.9,
Alessandra Laranja Micropigmentação,21) 98128-0444,21) 98128-0444,https://www.instagram.com/alessandralaranja_?igsh=MnJrMWRuYXF1ajE2,,micropigmentação,"Tijuca - Rio de Janeiro, RJ",Tijuca,"R. Haddock Lobo, 369 - Sala 203 - Tijuca, Rio de Janeiro - RJ, 20260-141",False,https://www.instagram.com/alessandralaranja_?igsh=MnJrMWRuYXF1ajE2,4.8,
Movelaria Inovart,21) 96419-0371,"Transforme Seu Ambiente
Solicite Seu Orçamento Pelo WhatsApp e Transforme Seu Ambiente
Acesse o site",https://www.instagram.com/elis_design_interior,,designer de interiores,"Tijuca - Rio de Janeiro, RJ",Vila Amelia,"R. Antônio Davi, 304 - Vila Amelia, Duque de Caxias - RJ, 25025-090",False,,5.0,
design_elis_interior,21) 97102-3066,"Transforme Seu Ambiente
Solicite Seu Orçamento Pelo WhatsApp e Transforme Seu Ambiente
Acesse o site",https://www.instagram.com/elis_design_interior,,designer de interiores,"Tijuca - Rio de Janeiro, RJ",Tijuca,"Rua Conde de Bonfim, 177 - Tijuca, Rio de Janeiro - RJ, 20520-050",False,https://www.instagram.com/elis_design_interior/,5.0,
Paula Riscado Designer de Interiores,22) 99821-7744,"Transforme Seu Ambiente
Solicite Seu Orçamento Pelo WhatsApp e Transforme Seu Ambiente
Acesse o site",https://www.instagram.com/elis_design_interior,,designer de interiores,"Tijuca - Rio de Janeiro, RJ",Tijuca,"R. Eng. Enaldo Cravo Peixoto, 105 - Tijuca, Rio de Janeiro - RJ, 20540-106",False,https://www.instagram.com/paulariscado.interiores/,5.0,
Mega Design Interiores,21) 97307-4039,"Transforme Seu Ambiente
Solicite Seu Orçamento Pelo WhatsApp e Transforme Seu Ambiente
Acesse o site",https://www.instagram.com/elis_design_interior,,designer de interiores,"Tijuca - Rio de Janeiro, RJ",Tijuca,"R. Pereira de Siqueira, 27 - Tijuca, Rio de Janeiro - RJ, 20550-020",False,,,
Studio LM+,21) 99994-4683,"Transforme Seu Ambiente
Solicite Seu Orçamento Pelo WhatsApp e Transforme Seu Ambiente
Acesse o site",https://www.instagram.com/elis_design_interior,,designer de interiores,"Tijuca - Rio de Janeiro, RJ",Barra da Tijuca,"ED, Dimension Office Park - AV. ABELARDO BUENO, 1, Av. Ayrton Senna, 2 - Barra da Tijuca, Rio de Janeiro - RJ, 22775-040",False,https://www.instagram.com/studiolmais/,5.0,
DecorAle - Arquitetura e Design de Interiores por Ale Rangel,21) 98214-6110,"Transforme Seu Ambiente
Solicite Seu Orçamento Pelo WhatsApp e Transforme Seu Ambiente
Acesse o site",https://www.instagram.com/studiolmais,,designer de interiores,"Tijuca - Rio de Janeiro, RJ",Barra da Tijuca,"Av. Ayrton Senna, 2150 - Bloco B, Sala 206 - Barra da Tijuca, Rio de Janeiro - RJ, 22775-003",False,https://www.instagram.com/rangellale?igsh=c3ljMHdkODNyZHhs&utm_source=qr,,
Designer de Interiores - Avner Posner,21) 98092-2020,"Transforme Seu Ambiente
Solicite Seu Orçamento Pelo WhatsApp e Transforme Seu Ambiente
Acesse o site",https://www.instagram.com/studiolmais,,designer de interiores,"Tijuca - Rio de Janeiro, RJ",Tanque,"Av. Geremário Dantas, 287/406 - Tanque, Rio de Janeiro - RJ, 22735-000",False,,4.7,
Faby Personal,21) 99146-6147,21) 99146-6147,https://www.instagram.com/jaquelineoliveirapersonal,,personal trainer,"Tijuca - Rio de Janeiro, RJ",Tijuca,"R. Dona Zulmira, 63 - Tijuca, Rio de Janeiro - RJ, 20550-160",False,,5.0,
Personal Trainer Jaqueline Oliveira,21) 97530-4732,21) 97530-4732,https://www.instagram.com/jaquelineoliveirapersonal,,personal trainer,"Tijuca - Rio de Janeiro, RJ",Tijuca,"Rua Conde de Bonfim, 422 - Tijuca, Rio de Janeiro - RJ, 20520-054",False,https://www.instagram.com/jaquelineoliveirapersonal/,5.0,
Personal Trainer Carol Chiesa,21) 99884-4147,21) 99884-4147,https://www.instagram.com/jaquelineoliveirapersonal,,personal trainer,"Tijuca - Rio de Janeiro, RJ",Tijuca,"Rua Conde de Bonfim, 343 - Tijuca, Rio de Janeiro - RJ, 20520-051",False,https://www.instagram.com/cchiesacoach/,5.0,
Luiza Coelho Personal Trainer,21) 98532-9171,21) 98532-9171,https://www.instagram.com/jaquelineoliveirapersonal,,personal trainer,"Tijuca - Rio de Janeiro, RJ",Tijuca,"Rua Conde de Bonfim, 159 - Tijuca, Rio de Janeiro - RJ, 20520-050",False,https://www.instagram.com/luizacoelhopersonal?igsh=cnN3M3liYm5xYWg2,5.0,
Estúdio Salemi,21) 96434-4597,21) 96434-4597,https://www.instagram.com/jaquelineoliveirapersonal,,personal trainer,"Tijuca - Rio de Janeiro, RJ",Tijuca,"Rua Conde de Bonfim, 112/801 - Tijuca, Rio de Janeiro - RJ, 20520-050",False,,5.0,
espaço praxis,21) 99533-1601,21) 99533-1601,https://www.instagram.com/jaquelineoliveirapersonal,,personal trainer,"Tijuca - Rio de Janeiro, RJ",Tijuca,"Rua Conde de Bonfim, 232 - sala 311 - Tijuca, Rio de Janeiro - RJ, 20520-054",False,,5.0,
Fortis Funcional Fitness,21) 99566-1892,21) 99566-1892,https://www.instagram.com/jaquelineoliveirapersonal,,personal trainer,"Tijuca - Rio de Janeiro, RJ",Tijuca,"R. Carlos Vasconcelos, 133 - Tijuca, Rio de Janeiro - RJ, 20521-050",False,https://instagram.com/fortisfuncional?utm_medium=copy_link,5.0,
Marcelo Lima Personal Trainer,21) 96457-8963,21) 96457-8963,https://www.instagram.com/jaquelineoliveirapersonal,,personal trainer,"Tijuca - Rio de Janeiro, RJ",Tijuca,"R. dos Araújos, 11 - Tijuca, Rio de Janeiro - RJ, 20521-000",False,https://www.instagram.com/marcelolimapersonall?igsh=dm5nMXFhYnRpMm1q,5.0,
Personal Trainer Tijuca Rj JM,,https://api.whatsapp.com/send?phone=5521986296334&text=Agendamento%20de%20aula%20e%20avalia%C3%A7%C3%A3o.,https://www.instagram.com/jaquelineoliveirapersonal,,personal trainer,"Tijuca - Rio de Janeiro, RJ",Tijuca,"Rua Conde de Bonfim, 451 - Tijuca, Rio de Janeiro - RJ, 20520-051",False,https://instagram.com/personaltrainertijucarj?utm_medium=copy_link,,
Total Gym Academia,21) 99629-5449,21) 99629-5449,https://www.instagram.com/jaquelineoliveirapersonal,,personal trainer,"Tijuca - Rio de Janeiro, RJ",Tijuca,"R. Dezoito de Outubro, 207 - Tijuca, Rio de Janeiro - RJ, 20530-050",False,https://www.instagram.com/total_gym_academia/,4.4,
Center Med Tijuca,21) 2238-5251,,,,consultório,"Tijuca - Rio de Janeiro, RJ",Tijuca,"R. Barão de Pirassinunga, 58 - Tijuca, Rio de Janeiro - RJ, 20521-170",False,,4.7,
Dr Consulta - Supermercado Guanabara - Tijuca,11) 4090-1510,,https://www.instagram.com/moniquefs,,consultório,"Tijuca - Rio de Janeiro, RJ",Tijuca,"R. Almirante Cochrane, 146 - Loja 211 - Tijuca, Rio de Janeiro - RJ, 20550-040",False,,4.8,
Consultorio Ginecologico Dr. Irio Paes Leme e Dra. Sylvia Paes Leme,21) 2284-3681,,https://www.instagram.com/moniquefs,,consultório,"Tijuca - Rio de Janeiro, RJ",Tijuca,"Rua Conde de Bonfim, 255 - Tijuca, Rio de Janeiro - RJ, 20520-051",False,,4.6,
Consultório Dr. Carlos,,,https://www.instagram.com/moniquefs,,consultório,"Tijuca - Rio de Janeiro, RJ",Tijuca,"R. Eng. Enaldo Cravo Peixoto, 215 - sala 402 - Tijuca, Rio de Janeiro - RJ, 20540-106",False,,5.0,
RJ GESTAO E CONSULTORIA OCUPACIONAL /Centro Medico Leticia,21) 2268-5297,,https://www.instagram.com/moniquefs,,consultório,"Tijuca - Rio de Janeiro, RJ",Tijuca,"R. Barão de Pirassinunga, 68 - Tijuca, Rio de Janeiro - RJ, 20521-170",False,,4.6,
Dra Monique França | Médica de Família e Comunidade,21) 99444-1477,https://api.whatsapp.com/send/?phone=5521994441477&text=Ola+dra!+encontrei+voc%C3%AA+no+Google+gostaria+de+mais+informacoes+sobre+a+consulta&type=phone_number&app_absent=0,https://www.instagram.com/moniquefs,,consultório,"Tijuca - Rio de Janeiro, RJ",Tijuca,"Rua Comandante Prat, 23 - Tijuca, Rio de Janeiro - RJ, 20520-050",False,https://www.instagram.com/moniquefs/,5.0,
Espaço Facial Jardim Botânico - Harmonização Facial,21) 98281-8948,"https://api.whatsapp.com/send?phone=5521995152288&text=%20Ol%C3%A1!%20Seja%20bem-vinda%28o%29%20%20Aqui,%20o%20atendimento%20%C3%A9%20realizado%20de%20forma%20personalizada,%20com%20foco%20em%20rejuvenescimento%20regenerativo%20e%20melasma,%20respeitando%20a%20individualidade%20de%20cada%20pele.%20%20Para%20seguirmos,%20me%20diga:%20qual%20queixa%20voc%C3%AA%20deseja%20tratar%20neste%20momento?%20%ED%A0%BD%ED%B2%AC",http://instagram.com/espacoleolopesoficial,,clínica de estética,"Jardim Botânico - Rio de Janeiro, RJ",Jardim Botânico,"R. Jardim Botânico, 568 - loja G - Jardim Botânico, Rio de Janeiro - RJ, 22261-070",False,,4.9,
Espaço Saúde Rio | Clínica de Dermatologia Clínica e Estética,21) 3874-3134,"https://api.whatsapp.com/send?phone=5521995152288&text=%20Ol%C3%A1!%20Seja%20bem-vinda%28o%29%20%20Aqui,%20o%20atendimento%20%C3%A9%20realizado%20de%20forma%20personalizada,%20com%20foco%20em%20rejuvenescimento%20regenerativo%20e%20melasma,%20respeitando%20a%20individualidade%20de%20cada%20pele.%20%20Para%20seguirmos,%20me%20diga:%20qual%20queixa%20voc%C3%AA%20deseja%20tratar%20neste%20momento?%20%ED%A0%BD%ED%B2%AC",http://instagram.com/espacoleolopesoficial,,clínica de estética,"Jardim Botânico - Rio de Janeiro, RJ",Jardim Botânico,"R. Jardim Botânico, 600 - 403/404 - Jardim Botânico, Rio de Janeiro - RJ, 22461-000",False,,3.7,
ONA Clinique| |Invisalign| Ultraformer MPT| CO2| Harmonização Facial e Corporal| Dentista| Jardim Botânico| DTM| Aptos,21) 99589-4272,"https://api.whatsapp.com/send?phone=5521995152288&text=%20Ol%C3%A1!%20Seja%20bem-vinda%28o%29%20%20Aqui,%20o%20atendimento%20%C3%A9%20realizado%20de%20forma%20personalizada,%20com%20foco%20em%20rejuvenescimento%20regenerativo%20e%20melasma,%20respeitando%20a%20individualidade%20de%20cada%20pele.%20%20Para%20seguirmos,%20me%20diga:%20qual%20queixa%20voc%C3%AA%20deseja%20tratar%20neste%20momento?%20%ED%A0%BD%ED%B2%AC",http://instagram.com/espacoleolopesoficial,,clínica de estética,"Jardim Botânico - Rio de Janeiro, RJ",Jardim Botânico,"R. Jardim Botânico, 657 - Sl. 626 - Jardim Botânico, Rio de Janeiro - RJ, 22470-180",False,,5.0,
Eva Jardim Botânico 🌿 Beauty & SPA,21) 98880-4488,"https://api.whatsapp.com/send?phone=5521995152288&text=%20Ol%C3%A1!%20Seja%20bem-vinda%28o%29%20%20Aqui,%20o%20atendimento%20%C3%A9%20realizado%20de%20forma%20personalizada,%20com%20foco%20em%20rejuvenescimento%20regenerativo%20e%20melasma,%20respeitando%20a%20individualidade%20de%20cada%20pele.%20%20Para%20seguirmos,%20me%20diga:%20qual%20queixa%20voc%C3%AA%20deseja%20tratar%20neste%20momento?%20%ED%A0%BD%ED%B2%AC",http://instagram.com/espacoleolopesoficial,,clínica de estética,"Jardim Botânico - Rio de Janeiro, RJ",Jardim Botânico,"R. Visc. da Graça, 18 - Jardim Botânico, Rio de Janeiro - RJ, 22461-010",False,,5.0,
Rosane Araujo,21) 99942-4846,"https://api.whatsapp.com/send?phone=5521995152288&text=%20Ol%C3%A1!%20Seja%20bem-vinda%28o%29%20%20Aqui,%20o%20atendimento%20%C3%A9%20realizado%20de%20forma%20personalizada,%20com%20foco%20em%20rejuvenescimento%20regenerativo%20e%20melasma,%20respeitando%20a%20individualidade%20de%20cada%20pele.%20%20Para%20seguirmos,%20me%20diga:%20qual%20queixa%20voc%C3%AA%20deseja%20tratar%20neste%20momento?%20%ED%A0%BD%ED%B2%AC",http://instagram.com/espacoleolopesoficial,,clínica de estética,"Jardim Botânico - Rio de Janeiro, RJ",Jardim Botânico,"R. Jardim Botânico, 391 - Jardim Botânico, Rio de Janeiro - RJ, 22470-060",False,,5.0,
Mariana Veiga Nutrição no Jardim Botanico Zona Sul,21) 99313-8678,"https://api.whatsapp.com/send?phone=5521995152288&text=%20Ol%C3%A1!%20Seja%20bem-vinda%28o%29%20%20Aqui,%20o%20atendimento%20%C3%A9%20realizado%20de%20forma%20personalizada,%20com%20foco%20em%20rejuvenescimento%20regenerativo%20e%20melasma,%20respeitando%20a%20individualidade%20de%20cada%20pele.%20%20Para%20seguirmos,%20me%20diga:%20qual%20queixa%20voc%C3%AA%20deseja%20tratar%20neste%20momento?%20%ED%A0%BD%ED%B2%AC",http://instagram.com/espacoleolopesoficial,,clínica de estética,"Jardim Botânico - Rio de Janeiro, RJ",Jardim Botânico,"R. Jardim Botânico, 568 - sala 212 A - Jardim Botânico, Rio de Janeiro - RJ, 22461-000",False,,5.0,
Espaço Léo Lopes Jardim Botânico,21) 98390-6735,"https://api.whatsapp.com/send?phone=5521995152288&text=%20Ol%C3%A1!%20Seja%20bem-vinda%28o%29%20%20Aqui,%20o%20atendimento%20%C3%A9%20realizado%20de%20forma%20personalizada,%20com%20foco%20em%20rejuvenescimento%20regenerativo%20e%20melasma,%20respeitando%20a%20individualidade%20de%20cada%20pele.%20%20Para%20seguirmos,%20me%20diga:%20qual%20queixa%20voc%C3%AA%20deseja%20tratar%20neste%20momento?%20%ED%A0%BD%ED%B2%AC",http://instagram.com/espacoleolopesoficial,,clínica de estética,"Jardim Botânico - Rio de Janeiro, RJ",Jardim Botânico,"R. Jardim Botânico, 657 - Loja C - Jardim Botânico, Rio de Janeiro - RJ, 22470-050",False,http://instagram.com/espacoleolopesoficial,3.7,
Consultório de Fisioterapia Dr Augusto Cézar Néri,21) 2294-8436,"https://api.whatsapp.com/send?phone=5521995152288&text=%20Ol%C3%A1!%20Seja%20bem-vinda%28o%29%20%20Aqui,%20o%20atendimento%20%C3%A9%20realizado%20de%20forma%20personalizada,%20com%20foco%20em%20rejuvenescimento%20regenerativo%20e%20melasma,%20respeitando%20a%20individualidade%20de%20cada%20pele.%20%20Para%20seguirmos,%20me%20diga:%20qual%20queixa%20voc%C3%AA%20deseja%20tratar%20neste%20momento?%20%ED%A0%BD%ED%B2%AC",http://instagram.com/espacoleolopesoficial,,clínica de estética,"Jardim Botânico - Rio de Janeiro, RJ",Jardim Botânico,"R. Jardim Botânico, 674 - Sala 622 - Jardim Botânico, Rio de Janeiro - RJ, 22461-000",False,,5.0,
Prime Boutique de Frutas | Jardim Botânico,21) 99183-6360,21) 99183-6360,https://www.instagram.com/edivieiracabeleireiros,,salão premium,"Jardim Botânico - Rio de Janeiro, RJ",Jardim Botânico,"R. Jardim Botânico, 595 - Jardim Botânico, Rio de Janeiro - RJ, 22470-040",False,,3.8,
Eva Jardim Botânico 🌿 Beauty & SPA,21) 98880-4488,21) 98880-4488,https://www.instagram.com/edivieiracabeleireiros,,salão premium,"Jardim Botânico - Rio de Janeiro, RJ",Jardim Botânico,"R. Visc. da Graça, 18 - Jardim Botânico, Rio de Janeiro - RJ, 22461-010",False,,5.0,
Salão Globo,21) 3114-0444,,http://instagram.com/espacoleolopesoficial,,salão premium,"Jardim Botânico - Rio de Janeiro, RJ",Jardim Botânico,"R. Jardim Botânico, 728 - Sala 115 - Jardim Botânico, Rio de Janeiro - RJ, 22460-000",False,,4.8,
Espaço Léo Lopes Jardim Botânico,21) 98390-6735,https://api.whatsapp.com/send?phone=5521976555748,http://instagram.com/espacoleolopesoficial,,salão premium,"Jardim Botânico - Rio de Janeiro, RJ",Jardim Botânico,"R. Jardim Botânico, 657 - Loja C - Jardim Botânico, Rio de Janeiro - RJ, 22470-050",False,http://instagram.com/espacoleolopesoficial,3.7,
Salão de Beleza Edi Vieira,21) 3547-4907,5521985700390,http://instagram.com/espacoleolopesoficial,,salão premium,"Jardim Botânico - Rio de Janeiro, RJ",Jardim Botânico,"R. Jardim Botânico, 728 - Loja 113 - Jardim Botânico, Rio de Janeiro - RJ, 22470-040",False,https://www.instagram.com/edivieiracabeleireiros/,4.7,
EXC Jockey CLUB,,,http://instagram.com/espacoleolopesoficial,,salão premium,"Jardim Botânico - Rio de Janeiro, RJ",Jardim Botânico,"R. Jardim Botânico, 1011 - Jardim Botânico, Rio de Janeiro - RJ, 22470-051",False,,4.3,
Espaço Facial Jardim Botânico - Harmonização Facial,21) 98281-8948,21) 98281-8948,http://instagram.com/espacoleolopesoficial,,salão premium,"Jardim Botânico - Rio de Janeiro, RJ",Jardim Botânico,"R. Jardim Botânico, 568 - loja G - Jardim Botânico, Rio de Janeiro - RJ, 22261-070",False,,4.9,
Barber House,21) 99428-2112,21) 99428-2112,,,barbearia premium,"Jardim Botânico - Rio de Janeiro, RJ",Jardim Botânico,"R. Jardim Botânico, 588 - Jardim Botânico, Rio de Janeiro - RJ, 22461-000",False,,4.9,
Orlion barbearia premium,21) 97541-5868,21) 97541-5868,,,barbearia premium,"Jardim Botânico - Rio de Janeiro, RJ",Penha,"R. Afonso Ribeiro, 394 - Loja c - Penha, Rio de Janeiro - RJ, 21021-000",False,,5.0,
NAVALHA PREMIUM BARBEARIA,,,,,barbearia premium,"Jardim Botânico - Rio de Janeiro, RJ",Manguinhos,"R. Uranos, 1206 - Manguinhos, Rio de Janeiro - RJ, 21060-070",False,,5.0,
Pedro Cabeleireiro,21) 97214-1182,21) 97214-1182,,,barbearia premium,"Jardim Botânico - Rio de Janeiro, RJ",Jardim Botânico,"R. Jardim Botânico, 719 - Loja 10 - Jardim Botânico, Rio de Janeiro - RJ, 22470-050",False,,4.8,
DG BARBER PREMIUM,21) 98686-4144,21) 98686-4144,,,barbearia premium,"Jardim Botânico - Rio de Janeiro, RJ",Jardim Palmares,"R. das Mangueiras, 123 - Jardim Palmares, Nova Iguaçu - RJ, 26277-610",False,,5.0,
Prime Cut Barber Shop,21) 97169-9219,21) 97169-9219,,,barbearia premium,"Jardim Botânico - Rio de Janeiro, RJ",Tijuca,"R. Afonso Pena, 67 - loja a - Tijuca, Rio de Janeiro - RJ, 20270-242",False,,5.0,
Barbearia Premium,,,https://www.instagram.com/jldocorte,,barbearia premium,"Jardim Botânico - Rio de Janeiro, RJ",Taquara,"R. do Caule, 12 - Taquara, Rio de Janeiro - RJ, 22713-582",False,https://www.instagram.com/jldocorte/,4.9,
Premium barber shop,24) 99310-0627,24) 99310-0627,,,barbearia premium,"Jardim Botânico - Rio de Janeiro, RJ",Monsuaba,"R. Armando Carneiro Jordão - Monsuaba, Angra dos Reis - RJ, 23916-205",False,,5.0,
Barber Club Premium,21) 97396-3604,21) 97396-3604,,,barbearia premium,"Jardim Botânico - Rio de Janeiro, RJ",Vila Santa Alice,"R. Wilson de Araújo, 286 - Vila Santa Alice, Duque de Caxias - RJ, 25245-710",False,,5.0,
Barbearia JB,21) 98295-6904,21) 98295-6904,,,barbearia premium,"Jardim Botânico - Rio de Janeiro, RJ",Parque Uruguaiana,"R. Des. Bandeira Stampa, 36 - Parque Uruguaiana, Duque de Caxias - RJ, 25214-415",False,,4.8,
Barbearia - La Barbière Barbearia Prime - Icaraí,21) 3741-4700,,https://www.instagram.com/labarbiereniteroi,,barbearia premium,"Jardim Botânico - Rio de Janeiro, RJ",Icaraí,"Jardim Icarai Business - R. Min. Otávio Kelly, 337 - 102 - Icaraí, Niterói - RJ, 24220-300",False,https://www.instagram.com/labarbiereniteroi/,4.6,
Barbados Barbearia Premium,21) 97466-2553,21) 97466-2553,,,barbearia premium,"Jardim Botânico - Rio de Janeiro, RJ",Senador Vasconcelos,"Av. Cesário de Melo, 375 - Senador Vasconcelos, Rio de Janeiro - RJ, 23085-110",False,,4.9,
Caverna do Urso Barbearia,21) 97488-1054,21) 97488-1054,https://www.instagram.com/cavernadoursotijuca?igsh=MnJ3dXFka3R5amE2,,barbearia premium,"Jardim Botânico - Rio de Janeiro, RJ",Tijuca,"R. Santo Afonso, 44 - Tijuca, Rio de Janeiro - RJ, 20511-170",False,https://www.instagram.com/cavernadoursotijuca?igsh=MnJ3dXFka3R5amE2,4.8,
Península Barber Club,21) 3640-0653,,,,barbearia premium,"Jardim Botânico - Rio de Janeiro, RJ",Barra da Tijuca,"Av. João Cabral de Mello Neto, 610 - SALA 1103 - Barra da Tijuca, Rio de Janeiro - RJ, 22775-057",False,,5.0,
Dra. Renata Pinho - Lagoa Rio Odontologia,21) 98419-0453,5521980806711,https://www.instagram.com/lagoario_odonto,,dentista,"Jardim Botânico - Rio de Janeiro, RJ",Jardim Botânico,"Edifício Touch - R. Jardim Botânico, 568 - 202 - Jardim Botânico, Rio de Janeiro - RJ, 22461-000",False,https://www.instagram.com/lagoario_odonto/,5.0,
Idealis Odontologia,21) 2274-2847,,https://www.instagram.com/lagoario_odonto,,dentista,"Jardim Botânico - Rio de Janeiro, RJ",Jardim Botânico,"R. Jardim Botânico, 700 - sala 417 - Jardim Botânico, Rio de Janeiro - RJ, 22461-000",False,,4.7,
Dra. Fabíola Amaral - Alinhadores Invisíveis | Facetas Premium,21) 98312-0746,21) 98312-0746,https://www.instagram.com/lagoario_odonto,,dentista,"Jardim Botânico - Rio de Janeiro, RJ",Jardim Botânico,"R. Jardim Botânico, 700 - sala 417 - Jardim Botânico, Rio de Janeiro - RJ, 22461-000",False,,5.0,
Centro Profissional Jardim Botânico,21) 2294-4354,,https://www.instagram.com/lagoario_odonto,,dentista,"Jardim Botânico - Rio de Janeiro, RJ",Jardim Botânico,"R. Jardim Botânico, 700 - Jardim Botânico, Rio de Janeiro - RJ, 22461-000",False,,4.5,
Dra. Carla Bastos Odontologia Especializada,21) 98419-0453,21) 98419-0453,https://www.instagram.com/lagoario_odonto,,dentista,"Jardim Botânico - Rio de Janeiro, RJ",Jardim Botânico,"R. Jardim Botânico, 568 - Jardim Botânico, Rio de Janeiro - RJ, 22461-000",False,,4.5,
Dra. Flávia Falcão|Dentista|Harmonização Facial|Jardim Botânico|Invisalign|Ultraformer MPT|CO2|Itero| Invisalign|ONA Clinique,21) 99589-4272,21) 99589-4272,https://www.instagram.com/lagoario_odonto,,dentista,"Jardim Botânico - Rio de Janeiro, RJ",Jardim Botânico,"R. Jardim Botânico, 657 - Sl. 626 - Jardim Botânico, Rio de Janeiro - RJ, 22470-050",False,,5.0,
Drogarias Pacheco,,,https://www.instagram.com/lagoario_odonto,,dentista,"Jardim Botânico - Rio de Janeiro, RJ",Jardim Botânico,"R. Jardim Botânico, 700 - LOJA D - Jardim Botânico, Rio de Janeiro - RJ, 22461-000",False,,3.7,
Denise Reis,2239-5621,,https://www.instagram.com/lagoario_odonto,,dentista,"Jardim Botânico - Rio de Janeiro, RJ",Jardim Botânico,"R. Jardim Botânico, 700 - sala 205 - Jardim Botânico, Rio de Janeiro - RJ, 22461-000",False,,,
Mariana Séllos Odontopediatra,21) 99822-0013,21) 99822-0013,https://www.instagram.com/lagoario_odonto,,dentista,"Jardim Botânico - Rio de Janeiro, RJ",Jardim Botânico,"R. Jardim Botânico, 674 - sala 415 - Jardim Botânico, Rio de Janeiro - RJ, 22461-000",False,,5.0,
ONA Clinique| |Invisalign| Ultraformer MPT| CO2| Harmonização Facial e Corporal| Dentista| Jardim Botânico| DTM| Aptos,21) 99589-4272,21) 99589-4272,https://www.instagram.com/lagoario_odonto,,dentista,"Jardim Botânico - Rio de Janeiro, RJ",Jardim Botânico,"R. Jardim Botânico, 657 - Sl. 626 - Jardim Botânico, Rio de Janeiro - RJ, 22470-180",False,,5.0,
"Psicóloga Jardim Botânico Cynthia Ozon Boghossian - Terapia Individual, de Casal e Família",21) 98128-5466,5521981285466,https://www.instagram.com/nataliethedimsilvado_psicologa,,psicólogo,"Jardim Botânico - Rio de Janeiro, RJ",Jardim Botânico,"R. Euclides Figueiredo, 77 - Jardim Botânico, Rio de Janeiro - RJ, 22261-070",False,,5.0,
Christina Rodrigues - Psicóloga no Jardim Botânico,21) 99809-3415,5521998093415,https://www.instagram.com/nataliethedimsilvado_psicologa,,psicólogo,"Jardim Botânico - Rio de Janeiro, RJ",Jardim Botânico,"R. Jardim Botânico, 656 - Jardim Botânico, Rio de Janeiro - RJ, 22461-002",False,,5.0,
Clínica de Psicologia Natalie Thedim,21) 98902-0364,21) 98902-0364,https://www.instagram.com/nataliethedimsilvado_psicologa,,psicólogo,"Jardim Botânico - Rio de Janeiro, RJ",Jardim Botânico,"R. Jardim Botânico - Jardim Botânico, Rio de Janeiro - RJ, 22460-000",False,https://www.instagram.com/nataliethedimsilvado_psicologa,5.0,
"Fernando Nóbrega – Psicólogo Psicoterapeuta Corporal e Sistêmico de Indivíduos, Casais e Famílias",21) 97940-3399,5521979403399,https://www.instagram.com/nataliethedimsilvado_psicologa,,psicólogo,"Jardim Botânico - Rio de Janeiro, RJ",Jardim Botânico,"R. Euclides Figueiredo, 77 - Jardim Botânico, Rio de Janeiro - RJ, 22261-070",False,,5.0,
Giovanna Lima Psicóloga Jardim Botânico Gávea,21) 96504-9851,21) 96504-9851,https://www.instagram.com/nataliethedimsilvado_psicologa,,psicólogo,"Jardim Botânico - Rio de Janeiro, RJ",Jardim Botânico,"R. Jardim Botânico, 700 - Jardim Botânico, Rio de Janeiro - RJ, 22461-000",False,https://www.instagram.com/psigiovannalima,5.0,
Espaço Equilibre,21) 3264-6664,,https://www.instagram.com/nataliethedimsilvado_psicologa,,psicólogo,"Jardim Botânico - Rio de Janeiro, RJ",Jardim Botânico,"R. Maria Angélica, 301 - lj A - Jardim Botânico, Rio de Janeiro - RJ, 22461-151",False,,5.0,
Claudia Oliveira Psicologia,,,https://www.instagram.com/nataliethedimsilvado_psicologa,,psicólogo,"Jardim Botânico - Rio de Janeiro, RJ",Jardim Botânico,"R. Jardim Botânico, 674 - Jardim Botânico, Rio de Janeiro - RJ, 22460-000",False,,,
Psicóloga Danielle Domingues CRP 05/63202,,5521989570620,https://www.instagram.com/nataliethedimsilvado_psicologa,,psicólogo,"Jardim Botânico - Rio de Janeiro, RJ",Gávea,"R. Artur Araripe - Gávea, Rio de Janeiro - RJ, 22451-020",False,,5.0,
Psicóloga Online - Lydia Marques dos Santos - Terapia Reichiana,21) 97286-4124,5521972864124,https://www.instagram.com/nataliethedimsilvado_psicologa,,psicólogo,"Jardim Botânico - Rio de Janeiro, RJ",Jardim Botânico,"R. Custódio Serrão - Jardim Botânico, Rio de Janeiro - RJ, 22470-230",False,,5.0,
Mariana Veiga Nutrição no Jardim Botanico Zona Sul,21) 99313-8678,5521993138678,https://instagram.com/nutri.juliacaufour,,nutricionista,"Jardim Botânico - Rio de Janeiro, RJ",Jardim Botânico,"R. Jardim Botânico, 568 - sala 212 A - Jardim Botânico, Rio de Janeiro - RJ, 22461-000",False,,5.0,
Nutricionista Leticia Vassimon Ghelman,21) 95100-4599,5521951004599,https://instagram.com/nutri.juliacaufour,,nutricionista,"Jardim Botânico - Rio de Janeiro, RJ",Jardim Botânico,"R. Jardim Botânico, 600 - Jardim Botânico, Rio de Janeiro - RJ, 22461-000",False,,5.0,
Nutricionista Paulo Mendes,21) 97125-5143,21) 97125-5143,,,nutricionista,"Jardim Botânico - Rio de Janeiro, RJ",Jardim Botânico,"R. Jardim Botânico, 674 - room 102 - Jardim Botânico, Rio de Janeiro - RJ, 22461-000",False,,,
Nutricionista Julie Bittencourt,21) 98810-1996,21) 98810-1996,,,nutricionista,"Jardim Botânico - Rio de Janeiro, RJ",Ipanema,"Av. Epitácio Pessoa, 1561 - Ipanema, Rio de Janeiro - RJ, 22471-002",False,,5.0,
Fisioterapia Integrativa JB,21) 98212-7575,5521982127575,https://www.instagram.com/clinicaleonardomoraes,,fisioterapeuta,"Jardim Botânico - Rio de Janeiro, RJ",Jardim Botânico,"R. Jardim Botânico, 657 - Sala 412 - Jardim Botânico, Rio de Janeiro - RJ, 22470-050",False,,5.0,
Natália Rodrigues | Fisioterapia Especializada,,,,,fisioterapeuta,"Jardim Botânico - Rio de Janeiro, RJ",Cachambi,"Av. Dom Hélder Câmara - Cachambi, Rio de Janeiro - RJ, 20771-004",False,,,
Consultório de Fisioterapia Dr Augusto Cézar Néri,21) 2294-8436,,https://www.instagram.com/osteopatiagalvao,,fisioterapeuta,"Jardim Botânico - Rio de Janeiro, RJ",Jardim Botânico,"R. Jardim Botânico, 674 - Sala 622 - Jardim Botânico, Rio de Janeiro - RJ, 22461-000",False,,5.0,
Osteopatia & Fisioterapia - Alexandre Galvão,21) 99481-1268,5521994811268,https://www.instagram.com/osteopatiagalvao,,fisioterapeuta,"Jardim Botânico - Rio de Janeiro, RJ",Jardim Botânico,"R. Jardim Botânico, 656 - Sala 501 - Jardim Botânico, Rio de Janeiro - RJ, 22461-000",False,https://www.instagram.com/osteopatiagalvao/,5.0,
Clinica Leonardo Moraes - Fisiotarapia - RPG - Pilates - Osteopatia,21) 99472-0778,https://api.whatsapp.com/send?phone=5521994720778,https://www.instagram.com/osteopatiagalvao,,fisioterapeuta,"Jardim Botânico - Rio de Janeiro, RJ",Jardim Botânico,"R. Jardim Botânico, 700 - sala 520 - Jardim Botânico, Rio de Janeiro - RJ, 22461-002",False,https://www.instagram.com/clinicaleonardomoraes/,5.0,
FisioFocus,,,https://www.instagram.com/osteopatiagalvao,,fisioterapeuta,"Jardim Botânico - Rio de Janeiro, RJ",Jardim Botânico,"R. Jardim Botânico, 657 - sala 209 - Jardim Botânico, Rio de Janeiro - RJ, 22470-050",False,,5.0,
Dr. Michel Fernandes - Consultório De Fisioterapia,21) 4141-3307,,https://www.instagram.com/osteopatiagalvao,,fisioterapeuta,"Jardim Botânico - Rio de Janeiro, RJ",Jardim Botânico,"R. Jardim Botânico, 674 - Sl 105 - Jardim Botânico, Rio de Janeiro - RJ, 22461-000",False,https://instagram.com/michel.fisioterapia,5.0,
Clínica Corpo em Linha,21) 97453-4956,21) 97453-4956,https://www.instagram.com/osteopatiagalvao,,fisioterapeuta,"Jardim Botânico - Rio de Janeiro, RJ",Jardim Botânico,"R. Jardim Botânico, 657 - sala 207 - Jardim Botânico, Rio de Janeiro - RJ, 22470-050",False,,5.0,
ESPAÇO MOBILIS Fisioterapia e Pilates,21) 99645-0911,21) 99645-0911,https://www.instagram.com/osteopatiagalvao,,fisioterapeuta,"Jardim Botânico - Rio de Janeiro, RJ",Jardim Botânico,"R. Gen. Garzon, 22/301 - Jardim Botânico, Rio de Janeiro - RJ, 22470-010",False,,5.0,
Vanessa Fontes - Pilates e Fisioterapia,21) 97039-8498,21) 97039-8498,,,pilates,"Jardim Botânico - Rio de Janeiro, RJ",Jardim Botânico,"R. Jardim Botânico, 674 - sala 114 - Jardim Botânico, Rio de Janeiro - RJ, 22461-002",False,,5.0,
@pilateszonasul_rj,21) 99850-1582,21) 99850-1582,,,pilates,"Jardim Botânico - Rio de Janeiro, RJ",Jardim Botânico,"Rua Pacheco Leão, 2038 - Jardim Botânico, Rio de Janeiro - RJ, 22460-030",False,,,
Clinica Leonardo Moraes - Fisiotarapia - RPG - Pilates - Osteopatia,21) 99472-0778,https://api.whatsapp.com/send?phone=5521994720778,https://www.instagram.com/clinicaleonardomoraes,,pilates,"Jardim Botânico - Rio de Janeiro, RJ",Jardim Botânico,"R. Jardim Botânico, 700 - sala 520 - Jardim Botânico, Rio de Janeiro - RJ, 22461-002",False,https://www.instagram.com/clinicaleonardomoraes/,5.0,
ESPAÇO MOBILIS Fisioterapia e Pilates,21) 99645-0911,21) 99645-0911,,,pilates,"Jardim Botânico - Rio de Janeiro, RJ",Jardim Botânico,"R. Gen. Garzon, 22/301 - Jardim Botânico, Rio de Janeiro - RJ, 22470-010",False,,5.0,
GYROTONIC® Tatiana Pará,21) 98161-5405,21) 98161-5405,https://www.instagram.com/tatipara.art,,pilates,"Jardim Botânico - Rio de Janeiro, RJ",Jardim Botânico,"Gestos - Rua Conde Afonso Celso, 99 - Jardim Botânico, Rio de Janeiro - RJ, 22461-060",False,https://www.instagram.com/tatipara.art,5.0,
Estúdio Arvoreser Pilates e Terapias Integrativas,21) 99896-2319,21) 99896-2319,http://www.instagram.com/estudio_arvoreser,,pilates,"Jardim Botânico - Rio de Janeiro, RJ",Humaitá,"R. Miguel Pereira, 38 - sala 3 - Humaitá, Rio de Janeiro - RJ, 22261-000",False,http://www.instagram.com/estudio_arvoreser,5.0,
Fitwear Boutique,21) 98674-2880,21) 98674-2880,,,academia boutique,"Jardim Botânico - Rio de Janeiro, RJ",Praça Seca,"R. Mario, 120 - Praça Seca, Rio de Janeiro - RJ, 21341-450",False,,,
CAROL FITINESS - ATACADO E VAREJO,21) 3018-5994,,,,academia boutique,"Jardim Botânico - Rio de Janeiro, RJ",Madureira,"Av. Min. Edgard Romero, 197 - 5 - Madureira, Rio de Janeiro - RJ, 21360-201",False,,4.3,
Espaço Fitness Moda Feminina - Moda Fitness,21) 96748-1343,21) 96748-1343,,,academia boutique,"Jardim Botânico - Rio de Janeiro, RJ",Grajaú,"Praça Edmundo Rêgo, 6 - Grajaú, Rio de Janeiro - RJ, 20561-130",False,,5.0,
VOR FITNESS STUDIO BOUTIQUE,21) 97067-4517,21) 97067-4517,,,academia boutique,"Jardim Botânico - Rio de Janeiro, RJ",Méier,"GALERIA DO IMPERATOR - R. Dias da Cruz, 170 - Loja D - Méier, Rio de Janeiro - RJ, 20720-012",False,,5.0,
Gold Fighters,21) 3557-3993,,,,academia boutique,"Jardim Botânico - Rio de Janeiro, RJ",Jardim Botânico,"R. Jardim Botânico, 650 - Jardim Botânico, Rio de Janeiro - RJ, 22461-010",False,,4.9,
Eva Jardim Botânico 🌿 Beauty & SPA,21) 98880-4488,21) 98880-4488,,,studio de sobrancelha,"Jardim Botânico - Rio de Janeiro, RJ",Jardim Botânico,"R. Visc. da Graça, 18 - Jardim Botânico, Rio de Janeiro - RJ, 22461-010",False,,5.0,
Mônica Moreira | Depilação e Designer de sobrancelhas,21) 98695-2481,21) 98695-2481,https://www.instagram.com/monicamoreiraaof,,studio de sobrancelha,"Jardim Botânico - Rio de Janeiro, RJ",Jardim Botânico,"R. Jardim Botânico, 164 - Jardim Botânico, Rio de Janeiro - RJ, 22461-000",False,https://www.instagram.com/monicamoreiraaof,5.0,
Espaço Léo Lopes Jardim Botânico,21) 98390-6735,https://api.whatsapp.com/send?phone=5521976555748,http://instagram.com/espacoleolopesoficial,,studio de sobrancelha,"Jardim Botânico - Rio de Janeiro, RJ",Jardim Botânico,"R. Jardim Botânico, 657 - Loja C - Jardim Botânico, Rio de Janeiro - RJ, 22470-050",False,http://instagram.com/espacoleolopesoficial,3.7,
Bianca Dutra Studio Ipanema,21) 96524-9034,21) 96524-9034,,,studio de sobrancelha,"Jardim Botânico - Rio de Janeiro, RJ",Ipanema,"R. Visc. de Pirajá, 330 - loja 301 - Ipanema, Rio de Janeiro - RJ, 22410-001",False,,4.9,
Brise Studio de beleza depilação e estetica,21) 3577-7796,,,,studio de sobrancelha,"Jardim Botânico - Rio de Janeiro, RJ",Lagoa,"R. Maria Angélica, 171 - loja 111 - Lagoa, Rio de Janeiro - RJ, 22470-201",False,,4.9,
Studio SSS,21) 2422-5716,,,,studio de sobrancelha,"Jardim Botânico - Rio de Janeiro, RJ",Jardim Botânico,"R. Lopes Quintas, 46 - casa 2 - Jardim Botânico, Rio de Janeiro - RJ, 22460-012",False,,4.3,
Espaço Facial Jardim Botânico - Harmonização Facial,21) 98281-8948,21) 98281-8948,,,studio de sobrancelha,"Jardim Botânico - Rio de Janeiro, RJ",Jardim Botânico,"R. Jardim Botânico, 568 - loja G - Jardim Botânico, Rio de Janeiro - RJ, 22261-070",False,,4.9,
Studio Natasha Gonçalves,21) 96923-8570,21) 96923-8570,https://www.instagram.com/beautynatasha_,,studio de sobrancelha,"Jardim Botânico - Rio de Janeiro, RJ",Jardim Botânico,"R. Visc. de Carandaí, 28 - Jardim Botânico, Rio de Janeiro - RJ, 22460-020",False,https://www.instagram.com/beautynatasha_/,5.0,
Face Design -Sobrancelhas / Micropigmentação - Taty Moura,21) 98824-9501,21) 98824-9501,,,studio de sobrancelha,"Jardim Botânico - Rio de Janeiro, RJ",Leblon,"R. Visc. de Pirajá, 156 - Leblon, Rio de Janeiro - RJ, 22410-000",False,,4.9,
Salão de Beleza Edi Vieira,21) 3547-4907,5521985700390,https://www.instagram.com/edivieiracabeleireiros,,studio de sobrancelha,"Jardim Botânico - Rio de Janeiro, RJ",Jardim Botânico,"R. Jardim Botânico, 728 - Loja 113 - Jardim Botânico, Rio de Janeiro - RJ, 22470-040",False,https://www.instagram.com/edivieiracabeleireiros/,4.7,
Ks Beauty Academy (Studio de Beleza),21) 99520-4039,21) 99520-4039,https://instagram.com/ks_beautyacademy?igshid=MzRlODBiNWFlZA==,,studio de sobrancelha,"Jardim Botânico - Rio de Janeiro, RJ",São Conrado,"Estr. da Gávea, 640 - Sala 403 - São Conrado, Rio de Janeiro - RJ, 22610-001",False,https://instagram.com/ks_beautyacademy?igshid=MzRlODBiNWFlZA==,5.0,
"Patricia Ribeiro - Design de Sobrancelhas, Depilação e Estética Facial",21) 98561-8611,21) 98561-8611,,,studio de sobrancelha,"Jardim Botânico - Rio de Janeiro, RJ",Gávea,"Gávea Trade Center - R. Marquês de São Vicente, 124 - Loja 106 - Gávea, Rio de Janeiro - RJ, 22451-040",False,,4.7,
Studio Leblon,21) 99652-7627,21) 99652-7627,,,studio de sobrancelha,"Jardim Botânico - Rio de Janeiro, RJ",Leblon,"Av. Gen. San Martin, 1062 - Leblon, Rio de Janeiro - RJ, 22441-014",False,,4.6,
Escultural,21) 2536-1159,,,,studio de sobrancelha,"Jardim Botânico - Rio de Janeiro, RJ",Lagoa,"R. Fonte da Saudade, 31 - Lagoa, Rio de Janeiro - RJ, 22471-210",False,,5.0,
Akemii - Studio de Beleza,21) 97635-7249,21) 97635-7249,,,studio de sobrancelha,"Jardim Botânico - Rio de Janeiro, RJ",São Conrado,"Estr. da Gávea, 640 - sala 205 - São Conrado, Rio de Janeiro - RJ, 22610-002",False,,5.0,
Studio Natasha Gonçalves,21) 96923-8570,21) 96923-8570,https://www.instagram.com/beautynatasha_,,studio de cílios,"Jardim Botânico - Rio de Janeiro, RJ",Jardim Botânico,"R. Visc. de Carandaí, 28 - Jardim Botânico, Rio de Janeiro - RJ, 22460-020",False,https://www.instagram.com/beautynatasha_/,5.0,
Studio Jaqueline Mendes | Extensão de cílios Academy,21) 99606-0584,21) 99606-0584,https://instagram.com/jaquemendes_academy?igshid=YmMyMTA2M2Y=,,studio de cílios,"Jardim Botânico - Rio de Janeiro, RJ",Vila Valqueire,"Estrada Intendente Magalhães, 678 - sala 203 - Vila Valqueire, Rio de Janeiro - RJ, 21331-720",False,https://instagram.com/jaquemendes_academy?igshid=YmMyMTA2M2Y=,5.0,
Luiza Campos Studio - Extensão de cílios - Sobrancelhas - Micropigmentação,21) 99535-0399,21) 99535-0399,https://www.instagram.com/luizacampos.studio?igsh=MXU5dDN4YmU4aTU3ag==&utm_source=qr,,studio de cílios,"Jardim Botânico - Rio de Janeiro, RJ",Estácio,"R. São Cláudio, 06 - Estácio, Rio de Janeiro - RJ, 20250-060",False,https://www.instagram.com/luizacampos.studio?igsh=MXU5dDN4YmU4aTU3ag==&utm_source=qr,5.0,
Studio Gi Chontai | Extensão de Cílios Vila valqueire,21) 97876-7234,21) 97876-7234,https://instagram.com/studiogichontai?utm_medium=copy_link,,studio de cílios,"Jardim Botânico - Rio de Janeiro, RJ",Vila Valqueire,"R. Arcozelo, 60 - Sala 201 - Vila Valqueire, Rio de Janeiro - RJ, 21321-480",False,https://instagram.com/studiogichontai?utm_medium=copy_link,5.0,
Studio cílios e sobrancelha - Vitória Amorim,21) 98533-6901,21) 98533-6901,https://www.instagram.com/lash_vitoria16?igsh=cDluYTVqeXA1aHh3&utm_source=qr,,studio de cílios,"Jardim Botânico - Rio de Janeiro, RJ",Irajá,"R. Turvo, 125 - Irajá, Rio de Janeiro - RJ, 21371-240",False,https://www.instagram.com/lash_vitoria16?igsh=cDluYTVqeXA1aHh3&utm_source=qr,5.0,
Studio Lash Design,21) 99487-6993,21) 99487-6993,http://instagram.com/studio.lashdesign,,studio de cílios,"Jardim Botânico - Rio de Janeiro, RJ",Tijuca,"Rua - R. Almirante Cochrane, 280 - sala 302 - Tijuca, Rio de Janeiro - RJ, 20550-040",False,http://instagram.com/studio.lashdesign,4.9,
"Beauty studio RP / cílios , Design sobrancelhas",21) 97419-0398,21) 97419-0398,,,studio de cílios,"Jardim Botânico - Rio de Janeiro, RJ",Madureira,"Estrada Intendente Magalhães, 187 - casa 1320 - Madureira, Rio de Janeiro - RJ, 21341-332",False,,5.0,
Studio Luminos cílios,21) 99897-3725,21) 99897-3725,,,studio de cílios,"Jardim Botânico - Rio de Janeiro, RJ",Amarelinho,"fim do mundo Beco 3 - R. do Tavarino, Casa 4 - Amarelinho, Rio de Janeiro - RJ, 21530-000",False,,,
Studio Dominique Neves - Extensão de Cílios,21) 99346-3321,21) 99346-3321,,,studio de cílios,"Jardim Botânico - Rio de Janeiro, RJ",Barros Filho,"Estr. João Paulo, 1420 - sala 203 - Barros Filho, Rio de Janeiro - RJ, 21512-002",False,,5.0,
Mayy Studio Beauty - cílios rj,21) 97190-8611,21) 97190-8611,,,studio de cílios,"Jardim Botânico - Rio de Janeiro, RJ",Benfica,"R. Leopoldo Bulhões, 700 - Benfica, Rio de Janeiro - RJ, 20911-300",False,,5.0,
Studio Sara Meruzzi - studio de cílios,21) 96413-6224,21) 96413-6224,https://instagram.com/studiosarameruzzi?utm_medium=copy_link,,studio de cílios,"Jardim Botânico - Rio de Janeiro, RJ",Cascadura,"R. Brasilina, 15 - sala 311 - Cascadura, Rio de Janeiro - RJ, 21350-060",False,https://instagram.com/studiosarameruzzi?utm_medium=copy_link,5.0,
Studio Ana Rubens / Extensão de cílios - Irajá,21) 96646-2760,21) 96646-2760,https://www.instagram.com/studioanarubens?igsh=MWV1YXkzY29rZzBuZg%3D%3D&utm_source=qr,,studio de cílios,"Jardim Botânico - Rio de Janeiro, RJ",Irajá,"Av. Brasil, 17267 - Irajá, Rio de Janeiro - RJ, 21230-043",False,https://www.instagram.com/studioanarubens?igsh=MWV1YXkzY29rZzBuZg%3D%3D&utm_source=qr,5.0,
Studio Rayanne Morais,21) 97732-1528,21) 97732-1528,https://www.instagram.com/rayannemorais.lash?igsh=c3p3aGFqdm5rNHg3,,studio de cílios,"Jardim Botânico - Rio de Janeiro, RJ",Bento Ribeiro,"R. James Norton - Bento Ribeiro, Rio de Janeiro - RJ, 21331-090",False,https://www.instagram.com/rayannemorais.lash?igsh=c3p3aGFqdm5rNHg3,5.0,
Studio Marcelly Prestes Beauty | Cílios | Sobrancelhas | Cabelo | Limpeza de pele e Unhas na Abolição RJ,21) 98628-1616,21) 98628-1616,https://www.instagram.com/studioprestesbeauty,,studio de cílios,"Jardim Botânico - Rio de Janeiro, RJ",Cascadura,"R. Cerqueira Daltro, 157 - sala 302 - Cascadura, Rio de Janeiro - RJ, 21380-010",False,https://www.instagram.com/studioprestesbeauty/,5.0,
Studio Eduarda Clume - Cílios Sobrancelha / Irajá,21) 92005-2170,21) 92005-2170,,,studio de cílios,"Jardim Botânico - Rio de Janeiro, RJ",Irajá,"R. Carolina Amado, 1236-1352 - Irajá, Rio de Janeiro - RJ, 21361-320",False,,5.0,
Cílios e sobrancelhas | Studio Jullia Jacob,21) 97067-8166,21) 97067-8166,https://www.instagram.com/juh_jacob.designer,,studio de cílios,"Jardim Botânico - Rio de Janeiro, RJ",Anchieta,"R. Delhi, 143 - Anchieta, Rio de Janeiro - RJ, 21630-120",False,https://www.instagram.com/juh_jacob.designer/,,
"Rainho Studio - Cílios, sobrancelhas e maquiagem",21) 99794-8235,21) 99794-8235,https://www.instagram.com/rainhostudio.makeup?igsh=c3N0N3o5Z2FveHQx,,studio de cílios,"Jardim Botânico - Rio de Janeiro, RJ",Cascadura,"Av. Dom Hélder Câmara, 9796 - Cascadura, Rio de Janeiro - RJ, 21380-003",False,https://www.instagram.com/rainhostudio.makeup?igsh=c3N0N3o5Z2FveHQx,5.0,
Studio Lash Design,21) 99487-6993,21) 99487-6993,http://instagram.com/studio.lashdesign,,lash designer,"Jardim Botânico - Rio de Janeiro, RJ",Tijuca,"Rua - R. Almirante Cochrane, 280 - sala 302 - Tijuca, Rio de Janeiro - RJ, 20550-040",False,http://instagram.com/studio.lashdesign,4.9,
Studio Patricia Santos Beauty,21) 97697-9238,21) 97697-9238,https://instagram.com/patriciasts_beauty?igshid=YmMyMTA2M2Y=,,lash designer,"Jardim Botânico - Rio de Janeiro, RJ",Pantanal,"Rua Leopoldo Fróis, 3 - quadra 70 - Pantanal, Duque de Caxias - RJ, 25040-325",False,https://instagram.com/patriciasts_beauty?igshid=YmMyMTA2M2Y=,5.0,
Studio Ingridi Klimaschenski-Lash Designer,,,,,lash designer,"Jardim Botânico - Rio de Janeiro, RJ",Jardim Limeira,"Estr. Aníbal da Mota, 2 - quadra 3 - Jardim Limeira, Belford Roxo - RJ, 26190-083",False,,5.0,
LORENA LIMA | LASH DESIGN,21) 96502-5349,21) 96502-5349,https://www.instagram.com/lorenalima.lash_?igsh=MTZiYWhzOXNpdGxjMA==,,lash designer,"Jardim Botânico - Rio de Janeiro, RJ",Campos Eliseos,"R. Clara Nunes - Campos Eliseos, Duque de Caxias - RJ, 25040-673",False,https://www.instagram.com/lorenalima.lash_?igsh=MTZiYWhzOXNpdGxjMA==,5.0,
"Gabrielle | Lash designer | Designer de sobrancelhas | Duque de caxias, Sarapuí",21) 98235-7561,21) 98235-7561,https://www.instagram.com/bystudiogabrielle?igsh=MWMwZjFubWg3c3lwcQ==,,lash designer,"Jardim Botânico - Rio de Janeiro, RJ",Vila Sarapui,"R. Alfredo Backer, 321 - Vila Sarapui, Duque de Caxias - RJ, 25050-290",False,https://www.instagram.com/bystudiogabrielle?igsh=MWMwZjFubWg3c3lwcQ==,5.0,
Hozi Rocha - Lash Designer,21) 98396-4588,21) 98396-4588,https://www.instagram.com/hozi.lashdesigner?igsh=ajcwa2ZkN3Bicjl4,,lash designer,"Jardim Botânico - Rio de Janeiro, RJ",Vidigal,"R. Maj. Toja Martinez Filho, 149 B - Vidigal, Rio de Janeiro - RJ, 22450-270",False,https://www.instagram.com/hozi.lashdesigner?igsh=ajcwa2ZkN3Bicjl4,5.0,
Lash lifting | Brow lamination | Remoção a laser de micropigmentação e tattoo Rio de Janeiro RJ - Renata Machado Beauty,21) 96640-7312,21) 96640-7312,https://www.instagram.com/renatamachadobeauty?igsh=cTQzdDg3NGp5NXl4,,lash designer,"Jardim Botânico - Rio de Janeiro, RJ",Botafogo,"R. Voluntários da Pátria, 190 - sala 722 - Botafogo, Rio de Janeiro - RJ, 22270-902",False,https://www.instagram.com/renatamachadobeauty?igsh=cTQzdDg3NGp5NXl4,5.0,
Ellen Fernandes Lash Designer,,,https://www.instagram.com/ellenf_lashdesigner?igsh=eTlwMGhuN3FnYmRr&utm_source=qr,,lash designer,"Jardim Botânico - Rio de Janeiro, RJ",Dr. Laureano,"Avenida. Dr - R. Pres. Juscelino Kubitscheck de Oliveira, 765 - Dr. Laureano, Duque de Caxias - RJ, 25060-200",False,https://www.instagram.com/ellenf_lashdesigner?igsh=eTlwMGhuN3FnYmRr&utm_source=qr,5.0,
Thaty Azevedo Company (Cílios e Cursos de extensão de cílios),21) 96580-2581,21) 96580-2581,,,lash designer,"Jardim Botânico - Rio de Janeiro, RJ",Parque Fluminense,"Rua Nossa Senhora das Graças, Praça do Galo, 0 - Parque Fluminense, Duque de Caxias - RJ, 25045-570",False,,5.0,
Nanda Lash Designer,21) 97017-5469,21) 97017-5469,https://www.instagram.com/by.nandalashes?igsh=MXI0Z21taGRlYm5hdA%3D%3D&utm_source=qr,,lash designer,"Jardim Botânico - Rio de Janeiro, RJ",Parque Fluminense,"R. São Miguel - Parque Fluminense, Duque de Caxias - RJ, 25046-510",False,https://www.instagram.com/by.nandalashes?igsh=MXI0Z21taGRlYm5hdA==&utm_source=qr,,
"Lmadame: Nail designer, extensão de cílios e sobrancelhas.",21) 97472-9390,21) 97472-9390,https://www.instagram.com/lmadamerj/profilecard/?igsh=MWdyZGdhM3J1ZjJ5eA==,,lash designer,"Jardim Botânico - Rio de Janeiro, RJ",Copacabana,"Av. Nossa Sra. de Copacabana, 1059 - Sala 1203 - Copacabana, Rio de Janeiro - RJ, 22041-011",False,https://www.instagram.com/lmadamerj/profilecard/?igsh=MWdyZGdhM3J1ZjJ5eA==,5.0,
Fabiane lash Designer,21) 96426-8294,21) 96426-8294,https://www.instagram.com/fabianedepaulamicro?igsh=MWw4YWxub2hweXo2bg==,,lash designer,"Jardim Botânico - Rio de Janeiro, RJ",Vila Leopoldina,"R. Virgílio de Melo Franco, 226 - Vila Leopoldina, Duque de Caxias - RJ, 26060-060",False,https://www.instagram.com/fabianedepaulamicro?igsh=MWw4YWxub2hweXo2bg==,,
Studio Mari Firmino Lash designer,21) 97262-7831,21) 97262-7831,,,lash designer,"Jardim Botânico - Rio de Janeiro, RJ",Vila São João,"Av. Casimiro de Abreu, 85 - Vila São João, São João de Meriti - RJ, 25570-330",False,,5.0,
Yana Braz Studio,,,,,lash designer,"Jardim Botânico - Rio de Janeiro, RJ",Vila Leopoldina,"R. Rio Preto, 1626 - Vila Leopoldina, Duque de Caxias - RJ, 25035-390",False,,5.0,
Andressa lash Designer,21) 98269-4368,21) 98269-4368,,,lash designer,"Jardim Botânico - Rio de Janeiro, RJ",Gramacho,"R. Japurá, 160 - Gramacho, Duque de Caxias - RJ, 25050-320",False,,,
Bruna Oliveira - Lash Designer (Expert em Cílios e Sobrancelhas),21) 99131-7093,21) 99131-7093,https://www.instagram.com/bruoliveiralash,,lash designer,"Jardim Botânico - Rio de Janeiro, RJ",RJ,"Copacabana, Rio de Janeiro - RJ, 20211-901",False,https://www.instagram.com/bruoliveiralash/,5.0,
Espaço Juliane Days ️,,https://api.whatsapp.com/send?phone=5521969241465&text=Quero+marcar+um+hor%C3%A1rio+no+Espa%C3%A7o+Juliane+Days,https://www.instagram.com/julianedays,,lash designer,"Jardim Botânico - Rio de Janeiro, RJ",Vila Rosário,"R. Urbano Duarte, 21 - qd 4 - Vila Rosário, Duque de Caxias - RJ, 25042-300",False,https://www.instagram.com/julianedays/,5.0,
Lash designer|Gabrielly Gazolla,,,,,lash designer,"Jardim Botânico - Rio de Janeiro, RJ",Vila Centenario,"R. Francisca Tomé, 915 - Vila Centenario, Duque de Caxias - RJ, 25030-210",False,,,
Studio Maria Rita,,,https://www.instagram.com/studio_mariarita_?igsh=YnViMjk4YmRwNTVz,,lash designer,"Jardim Botânico - Rio de Janeiro, RJ",Lote XV,"R. da Light, 109 - loja 1 - Lote XV, Belford Roxo - RJ, 26180-380",False,https://www.instagram.com/studio_mariarita_?igsh=YnViMjk4YmRwNTVz,5.0,
Grano & Farina,21) 2245-3782,,,,restaurante,"Jardim Botânico - Rio de Janeiro, RJ",Jardim Botânico,"R. Jardim Botânico, 612 - Jardim Botânico, Rio de Janeiro - RJ, 22461-000",False,,4.6,
Katz-Sü,21) 99168-4716,21) 99168-4716,,,restaurante,"Jardim Botânico - Rio de Janeiro, RJ",Jardim Botânico,"R. Von Martius, 325 - Loja / F/G - Jardim Botânico, Rio de Janeiro - RJ, 22460-040",False,,4.7,
Garden Café,,,,,restaurante,"Jardim Botânico - Rio de Janeiro, RJ",Jardim Botânico,"R. Jardim Botânico, 1008 - Jardim Botânico, Rio de Janeiro - RJ, 22461-000",False,,4.0,
Tasca Santa Justa,21) 3796-3604,,,,restaurante,"Jardim Botânico - Rio de Janeiro, RJ",Jardim Botânico,"Av. Lineu de Paula Machado, 916 - Jardim Botânico, Rio de Janeiro - RJ, 22470-040",False,,4.5,
Mercato Mix,21) 2249-7383,,,,restaurante,"Jardim Botânico - Rio de Janeiro, RJ",Jardim Botânico,"R. Barão de Oliveira Castro, 3 - Loja A - Jardim Botânico, Rio de Janeiro - RJ, 22460-280",False,,4.2,
Restaurante Flor da Lagoa,21) 2197-8890,,,,restaurante,"Jardim Botânico - Rio de Janeiro, RJ",Jardim Botânico,"R. Jardim Botânico, 391 - Jardim Botânico, Rio de Janeiro - RJ, 22461",False,,4.4,
Hotel da Lagoa,21) 2197-8888,,,,pousada,"Jardim Botânico - Rio de Janeiro, RJ",Jardim Botânico,"R. Jardim Botânico, 391 - Jardim Botânico, Rio de Janeiro - RJ, 22461-000",False,,4.6,
Quarto no Jardim Botânico,,,,,hotel boutique,"Jardim Botânico - Rio de Janeiro, RJ",Jardim Botânico,"R. Corcovado, 65 - Jardim Botânico, Rio de Janeiro - RJ, 22460-050",False,,4.8,
RARO Ipanema Boutique Hotel,21) 97508-1608,21) 97508-1608,,,hotel boutique,"Jardim Botânico - Rio de Janeiro, RJ",Copacabana,"R. Saint Roman, 222 - Copacabana, Rio de Janeiro - RJ, 22071-060",False,,4.7,
Boutique Hotel Gávea Tropical,21) 97547-0939,21) 97547-0939,,,hotel boutique,"Jardim Botânico - Rio de Janeiro, RJ",Gávea,"R. Sérgio Porto, 85 - Gávea, Rio de Janeiro - RJ, 22451-430",False,,4.1,
Hotel da Lagoa,21) 2197-8888,,,,hotel boutique,"Jardim Botânico - Rio de Janeiro, RJ",Jardim Botânico,"R. Jardim Botânico, 391 - Jardim Botânico, Rio de Janeiro - RJ, 22461-000",False,,4.6,
Hotel brasil,,,,,hotel boutique,"Jardim Botânico - Rio de Janeiro, RJ",Copacabana,"R. Barata Ribeiro, 548 - Copacabana, Rio de Janeiro - RJ, 22040-002",False,,5.0,
Casa Aurora Luz do Amanhecer,11) 96635-3058,11) 96635-3058,,,hotel boutique,"Jardim Botânico - Rio de Janeiro, RJ",Rio Comprido,"Beco da Lagoinha, casa 5 - Rio Comprido, Rio de Janeiro - RJ, 20241-420",False,,4.3,
Le Chateaux Joa Boutique Hotel,21) 97253-1218,21) 97253-1218,,,hotel boutique,"Jardim Botânico - Rio de Janeiro, RJ",Joá,"R. José Pancetti, 70 - Joá, Rio de Janeiro - RJ, 22611-110",False,,4.7,
"Advogada Inventário, Herança Rio de Janeiro - Roberta Veras",21) 99416-5684,https://api.whatsapp.com/send/?phone=5521994165684&text&app_absent=0,https://www.instagram.com/louisecriminalista?igsh=NWE4NTNtMTJnY21w&utm_source=qr,,advogado,"Jardim Botânico - Rio de Janeiro, RJ",Centro,"R. da Quitanda, 30 - sala 613 - Centro, Rio de Janeiro - RJ, 20011-030",False,,5.0,
"Dra. Denise Montmorency Pestana - Advogada previdenciária- INSS, Rio de Janeiro-Rj",21) 98086-0997,21) 98086-0997,https://www.instagram.com/louisecriminalista?igsh=NWE4NTNtMTJnY21w&utm_source=qr,,advogado,"Jardim Botânico - Rio de Janeiro, RJ",Centro,"Av. Rio Branco, 131 - 17 º andar - Centro, Rio de Janeiro - RJ, 20040-009",False,,5.0,
Azul Arquitetura e Design,21) 99487-6694,21) 99487-6694,,,arquiteto,"Jardim Botânico - Rio de Janeiro, RJ",Jardim Botânico,"R. Lopes Quintas, 642 - Jardim Botânico, Rio de Janeiro - RJ, 22460-010",False,,5.0,
Prochnik Arquitetura,21) 2502-5111,,,,arquiteto,"Jardim Botânico - Rio de Janeiro, RJ",Jardim Botânico,"R. Visc. de Carandaí, 26 - Jardim Botânico, Rio de Janeiro - RJ, 22460-020",False,,4.8,
Fotógrafa Tai Theodoro - Eventos e Ensaios,21) 99706-6677,21) 99706-6677,https://www.instagram.com/taitheodorofoto?igsh=d3hyNzFmcGcxbXhu,,fotógrafo,"Jardim Botânico - Rio de Janeiro, RJ",Botafogo,"R. Voluntários da Pátria, 329 - Botafogo, Rio de Janeiro - RJ, 22270-003",False,https://www.instagram.com/taitheodorofoto?igsh=d3hyNzFmcGcxbXhu,5.0,
Estúdio Pluz - Estúdio Fotográfico Profissional,21) 98305-7717,21) 98305-7717,https://www.instagram.com/taitheodorofoto?igsh=d3hyNzFmcGcxbXhu,,fotógrafo,"Jardim Botânico - Rio de Janeiro, RJ",Jardim Botânico,"R. Jardim Botânico, 444 - Jardim Botânico, Rio de Janeiro - RJ, 22461-000",False,,,
Moonlight Arts fotografia,,,https://www.instagram.com/taitheodorofoto?igsh=d3hyNzFmcGcxbXhu,,fotógrafo,"Jardim Botânico - Rio de Janeiro, RJ",Parada de Lucas,"R. Cordovil, 1300 - Parada de Lucas, Rio de Janeiro - RJ, 21250-450",False,,,
Escola Municipal Capistrano de Abreu,21) 2512-5553,,https://www.instagram.com/crecheatchim,,escola,"Jardim Botânico - Rio de Janeiro, RJ",Jardim Botânico,"Rua Pacheco Leão, 984 - Jardim Botânico, Rio de Janeiro - RJ, 22460-030",False,,,
CE Manuel Bandeira,21) 2334-6764,,https://www.instagram.com/crecheatchim,,escola,"Jardim Botânico - Rio de Janeiro, RJ",Jardim Botânico,"Rua Pacheco Leão, Nº 1004 - Jardim Botânico, Rio de Janeiro - RJ, 22460-030",False,,,
Parquinho Jardim Botânico,,,https://www.instagram.com/crecheatchim,,escola,"Jardim Botânico - Rio de Janeiro, RJ",RJ,"Jardim Botânico, Rio de Janeiro - RJ, 22470-180",False,,4.7,
Atchim Creche Escola,21) 2539-0046,,https://www.instagram.com/crecheatchim,,escola,"Jardim Botânico - Rio de Janeiro, RJ",Lagoa,"R. Prof. Saldanha, 150 - Lagoa, Rio de Janeiro - RJ, 22461-220",False,https://www.instagram.com/crecheatchim,5.0,
Escola Casa Maternal Mello Mattos,21) 98390-0217,21) 98390-0217,https://www.instagram.com/crecheatchim,,escola,"Jardim Botânico - Rio de Janeiro, RJ",Jardim Botânico,"R. Faro, 80 - Jardim Botânico, Rio de Janeiro - RJ, 22461-020",False,,,
Escola Especial Municipal Marly Fróes Peixoto,21) 2294-5495,,https://www.instagram.com/crecheatchim,,escola,"Jardim Botânico - Rio de Janeiro, RJ",Jardim Botânico,"Rua Pacheco Leão, 1004 - Jardim Botânico, Rio de Janeiro - RJ, 22460-036",False,,,
Espaço Pomar,21) 98301-4739,21) 98301-4739,https://www.instagram.com/crecheatchim,,escola,"Jardim Botânico - Rio de Janeiro, RJ",Jardim Botânico,"R. Corcovado, 17 - Jardim Botânico, Rio de Janeiro - RJ, 22460-050",False,,4.9,
Vida Livre,,,,,curso livre,"Jardim Botânico - Rio de Janeiro, RJ",Jardim Botânico,"R. Caminhoá, 11 - Jardim Botânico, Rio de Janeiro - RJ, 22460-230",False,,4.9,
Jardim Sensorial,21) 2239-9742,,,,curso livre,"Jardim Botânico - Rio de Janeiro, RJ",Jardim Botânico,"R. Jardim Botânico, 1008 - Casa 6 - Jardim Botânico, Rio de Janeiro - RJ, 22470-180",False,,4.9,
CLINICA LUIZ FELIPPE MATTOSO JD BOTANICO,,,https://www.instagram.com/amar_clinica_alergista,,clínica médica,"Jardim Botânico - Rio de Janeiro, RJ",Jardim Botânico,"R. Jardim Botânico, 152 - Jardim Botânico, Rio de Janeiro - RJ, 22470-210",False,,3.4,
Clínica de Olhos Jardim Botânico,21) 2294-7707,,https://www.instagram.com/amar_clinica_alergista,,clínica médica,"Jardim Botânico - Rio de Janeiro, RJ",Jardim Botânico,"R. Jardim Botânico, 635 - Jardim Botânico, Rio de Janeiro - RJ, 22470-050",False,,5.0,
Dr.Ronald de Sá Pereira Clínica Médica,21) 2274-5642,5521972334820,https://www.instagram.com/amar_clinica_alergista,,clínica médica,"Jardim Botânico - Rio de Janeiro, RJ",Jardim Botânico,"R. Jardim Botânico, 700 - Jardim Botânico, Rio de Janeiro - RJ, 22461-000",False,,5.0,
Clínica de Alergia - Clinica Alergista | Rio de Janeiro | Jardim Botânico | AMAR,21) 96847-3062,5521972334820,https://www.instagram.com/amar_clinica_alergista,,clínica médica,"Jardim Botânico - Rio de Janeiro, RJ",Jardim Botânico,"R. Jardim Botânico, 674 - Sala 312 - Jardim Botânico, Rio de Janeiro - RJ, 22461-002",False,https://www.instagram.com/amar_clinica_alergista/,5.0,
Fisioterapia Integrativa JB,21) 98212-7575,5521972334820,https://www.instagram.com/amar_clinica_alergista,,clínica médica,"Jardim Botânico - Rio de Janeiro, RJ",Jardim Botânico,"R. Jardim Botânico, 657 - Sala 412 - Jardim Botânico, Rio de Janeiro - RJ, 22470-050",False,,5.0,
Dra. Renata Pinho - Lagoa Rio Odontologia,21) 98419-0453,21) 98419-0453,https://www.instagram.com/lagoario_odonto,,harmonização facial,"Jardim Botânico - Rio de Janeiro, RJ",Jardim Botânico,"Edifício Touch - R. Jardim Botânico, 568 - 202 - Jardim Botânico, Rio de Janeiro - RJ, 22461-000",False,https://www.instagram.com/lagoario_odonto/,5.0,
Espaço Facial Jardim Botânico - Harmonização Facial,21) 98281-8948,21) 98281-8948,,,harmonização facial,"Jardim Botânico - Rio de Janeiro, RJ",Jardim Botânico,"R. Jardim Botânico, 568 - loja G - Jardim Botânico, Rio de Janeiro - RJ, 22261-070",False,,4.9,
ONA Clinique| |Invisalign| Ultraformer MPT| CO2| Harmonização Facial e Corporal| Dentista| Jardim Botânico| DTM| Aptos,21) 99589-4272,21) 99589-4272,,,harmonização facial,"Jardim Botânico - Rio de Janeiro, RJ",Jardim Botânico,"R. Jardim Botânico, 657 - Sl. 626 - Jardim Botânico, Rio de Janeiro - RJ, 22470-180",False,,5.0,
Dra. Flávia Falcão|Dentista|Harmonização Facial|Jardim Botânico|Invisalign|Ultraformer MPT|CO2|Itero| Invisalign|ONA Clinique,21) 99589-4272,21) 99589-4272,,,harmonização facial,"Jardim Botânico - Rio de Janeiro, RJ",Jardim Botânico,"R. Jardim Botânico, 657 - Sl. 626 - Jardim Botânico, Rio de Janeiro - RJ, 22470-050",False,,5.0,
Espaço Facial Jardim Botânico - Harmonização Facial,21) 98281-8948,21) 98281-8948,https://www.instagram.com/p/CcNxaXZOJ-C/?igshid=YmMyMTA2M2Y=,,micropigmentação,"Jardim Botânico - Rio de Janeiro, RJ",Jardim Botânico,"R. Jardim Botânico, 568 - loja G - Jardim Botânico, Rio de Janeiro - RJ, 22261-070",False,,4.9,
Eva Jardim Botânico 🌿 Beauty & SPA,21) 98880-4488,21) 98880-4488,https://www.instagram.com/luizacampos.studio?igsh=MXU5dDN4YmU4aTU3ag==&utm_source=qr,,micropigmentação,"Jardim Botânico - Rio de Janeiro, RJ",Jardim Botânico,"R. Visc. da Graça, 18 - Jardim Botânico, Rio de Janeiro - RJ, 22461-010",False,,5.0,
Face Design -Sobrancelhas / Micropigmentação - Taty Moura,21) 98824-9501,21) 98824-9501,https://www.instagram.com/luizacampos.studio?igsh=MXU5dDN4YmU4aTU3ag==&utm_source=qr,,micropigmentação,"Jardim Botânico - Rio de Janeiro, RJ",Leblon,"R. Visc. de Pirajá, 156 - Leblon, Rio de Janeiro - RJ, 22410-000",False,,4.9,
"Marcelle Aguiar - Sobrancelhas, Micropigmentação, Remoção a Laser, Camuflagem de Estrias e Reconstrução de Auréolas.",21) 97662-5575,21) 97662-5575,https://www.instagram.com/luizacampos.studio?igsh=MXU5dDN4YmU4aTU3ag==&utm_source=qr,,micropigmentação,"Jardim Botânico - Rio de Janeiro, RJ",Barra da Tijuca,"Av. Embaixador Abelardo Bueno, 1111 - Barra da Tijuca, Rio de Janeiro - RJ, 22775-039",False,https://www.instagram.com/marcelleaguiar.beauty?igsh=djF3ZDQ0a3Y4eTFw&utm_source=qr,5.0,
Ingrid Pires Design e Micropigmentação,,,https://www.instagram.com/luizacampos.studio?igsh=MXU5dDN4YmU4aTU3ag==&utm_source=qr,,micropigmentação,"Jardim Botânico - Rio de Janeiro, RJ",Itanhangá,"Estr. do Itanhangá, 1103 - Itanhangá, Rio de Janeiro - RJ, 22753-005",False,,5.0,
Remoção a Laser de Tatuagem e Micropigmentação - Removal Beauty Barra,21) 99813-8076,21) 99813-8076,https://www.instagram.com/marcelleaguiar.beauty?igsh=djF3ZDQ0a3Y4eTFw&utm_source=qr,,micropigmentação,"Jardim Botânico - Rio de Janeiro, RJ",Copacabana,"Av. Marechal Henrique Lott, 333 - Copacabana, Rio de Janeiro - RJ, 22631-370",False,https://www.instagram.com/removal_beauty/,5.0,
Nathalia Alcantara Micropigmentação,21) 97623-8585,21) 97623-8585,https://www.instagram.com/marcelleaguiar.beauty?igsh=djF3ZDQ0a3Y4eTFw&utm_source=qr,,micropigmentação,"Jardim Botânico - Rio de Janeiro, RJ",RJ,"Recreio dos Bandeirantes, Rio de Janeiro - RJ, 22640-100",False,,5.0,
Studio Edilane Oliveira | Cílios e Micropigmentação Jacarepaguá,21) 97562-7442,21) 97562-7442,https://www.instagram.com/marcelleaguiar.beauty?igsh=djF3ZDQ0a3Y4eTFw&utm_source=qr,,micropigmentação,"Jardim Botânico - Rio de Janeiro, RJ",Cidade de Deus,"Estr. do Gabinal, 2046 - Cidade de Deus, Rio de Janeiro - RJ, 22763-154",False,,5.0,
Débora Medeiros | Micropigmentação,21) 97010-6862,21) 97010-6862,https://www.instagram.com/marcelleaguiar.beauty?igsh=djF3ZDQ0a3Y4eTFw&utm_source=qr,,micropigmentação,"Jardim Botânico - Rio de Janeiro, RJ",Recreio dos Bandeirantes,"R. José Carlos de Oliveira, 337 - Sala 109 - Recreio dos Bandeirantes, Rio de Janeiro - RJ, 22795-360",False,https://www.instagram.com/_deboramedeirosoficial/,5.0,
Italo Scalp - Micropigmentação Capilar Taquara Rio de Janeiro,21) 98327-6314,21) 98327-6314,https://www.instagram.com/marcelleaguiar.beauty?igsh=djF3ZDQ0a3Y4eTFw&utm_source=qr,,micropigmentação,"Jardim Botânico - Rio de Janeiro, RJ",Taquara,"R. André Rocha, 750 - sala 318 - Taquara, Rio de Janeiro - RJ, 22730-522",False,https://www.instagram.com/italo_scalp/,5.0,
Azul Arquitetura e Design,21) 99487-6694,21) 99487-6694,https://www.instagram.com/studiolmais,,designer de interiores,"Jardim Botânico - Rio de Janeiro, RJ",Jardim Botânico,"R. Lopes Quintas, 642 - Jardim Botânico, Rio de Janeiro - RJ, 22460-010",False,,5.0,
Studio LM+,21) 99994-4683,21) 99994-4683,https://www.instagram.com/studiolmais,,designer de interiores,"Jardim Botânico - Rio de Janeiro, RJ",Barra da Tijuca,"ED, Dimension Office Park - AV. ABELARDO BUENO, 1, Av. Ayrton Senna, 2 - Barra da Tijuca, Rio de Janeiro - RJ, 22775-040",False,https://www.instagram.com/studiolmais/,5.0,
design_elis_interior,21) 97102-3066,5521971023066,https://www.instagram.com/studiolmais,,designer de interiores,"Jardim Botânico - Rio de Janeiro, RJ",Tijuca,"Rua Conde de Bonfim, 177 - Tijuca, Rio de Janeiro - RJ, 20520-050",False,https://www.instagram.com/elis_design_interior/,5.0,
Leandro Huguenin Personal Trainer,21) 99542-6637,21) 99542-6637,,,personal trainer,"Jardim Botânico - Rio de Janeiro, RJ",Leblon,"Praia Estacao de exercicios na calçada da praia - Av. Delfim Moreira, 12 - Leblon, Rio de Janeiro - RJ, 22441-000",False,,5.0,
Estúdio Igarashi,21) 98100-9879,21) 98100-9879,,,personal trainer,"Jardim Botânico - Rio de Janeiro, RJ",Jardim Botânico,"R. Lopes Quintas, 274 - Jardim Botânico, Rio de Janeiro - RJ, 22460-012",False,,5.0,
Personal Trainer Domiciliar Leblon - Paula Cavati,21) 98167-1616,21) 98167-1616,,,personal trainer,"Jardim Botânico - Rio de Janeiro, RJ",Ipanema,"R. Nascimento Silva, 81 - Ipanema, Rio de Janeiro - RJ, 22421-025",False,,5.0,
Studio SSS,21) 2422-5716,,https://www.instagram.com/simonecalvano,,personal trainer,"Jardim Botânico - Rio de Janeiro, RJ",Jardim Botânico,"R. Lopes Quintas, 46 - casa 2 - Jardim Botânico, Rio de Janeiro - RJ, 22460-012",False,,4.3,
Consultório Médico,,,https://www.instagram.com/amar_clinica_alergista,,consultório,"Jardim Botânico - Rio de Janeiro, RJ",Jardim Botânico,"R. Jardim Botânico, 568 - Sala 416 - Jardim Botânico, Rio de Janeiro - RJ, 22461-002",False,,5.0,
CLINICA LUIZ FELIPPE MATTOSO JD BOTANICO,,,https://www.instagram.com/amar_clinica_alergista,,consultório,"Jardim Botânico - Rio de Janeiro, RJ",Jardim Botânico,"R. Jardim Botânico, 152 - Jardim Botânico, Rio de Janeiro - RJ, 22470-210",False,,3.4,
Clínica de Alergia - Clinica Alergista | Rio de Janeiro | Jardim Botânico | AMAR,21) 96847-3062,21) 96847-3062,https://www.instagram.com/amar_clinica_alergista,,consultório,"Jardim Botânico - Rio de Janeiro, RJ",Jardim Botânico,"R. Jardim Botânico, 674 - Sala 312 - Jardim Botânico, Rio de Janeiro - RJ, 22461-002",False,https://www.instagram.com/amar_clinica_alergista/,5.0,
Consultório Dr. Fernando Majzels,21) 2287-3242,,https://www.instagram.com/amar_clinica_alergista,,consultório,"Jardim Botânico - Rio de Janeiro, RJ",Jardim Botânico,"R. Jardim Botânico, 674 - Sala 310 - Jardim Botânico, Rio de Janeiro - RJ, 22461-000",False,,5.0,
Clínica de Olhos Jardim Botânico,21) 2294-7707,,https://www.instagram.com/amar_clinica_alergista,,consultório,"Jardim Botânico - Rio de Janeiro, RJ",Jardim Botânico,"R. Jardim Botânico, 635 - Jardim Botânico, Rio de Janeiro - RJ, 22470-050",False,,5.0,
Dr.Ronald de Sá Pereira Clínica Médica,21) 2274-5642,,https://www.instagram.com/amar_clinica_alergista,,consultório,"Jardim Botânico - Rio de Janeiro, RJ",Jardim Botânico,"R. Jardim Botânico, 700 - Jardim Botânico, Rio de Janeiro - RJ, 22461-000",False,,5.0,
Walter's Coiffeur Leblon - by Blessed Beauty e Cia,21) 96736-2323,21) 96736-2323,https://www.instagram.com/lagoario_odonto,,clínica de estética,"Lagoa - Rio de Janeiro, RJ",Leblon,"Av. Bartolomeu Mitre, 792 - Leblon, Rio de Janeiro - RJ, 22431-000",False,https://www.instagram.com/blessedb.cia/,5.0,
Dra. Renata Pinho - Lagoa Rio Odontologia,21) 98419-0453,21) 98419-0453,https://www.instagram.com/lagoario_odonto,,clínica de estética,"Lagoa - Rio de Janeiro, RJ",Jardim Botânico,"Edifício Touch - R. Jardim Botânico, 568 - 202 - Jardim Botânico, Rio de Janeiro - RJ, 22461-000",False,https://www.instagram.com/lagoario_odonto/,5.0,
Centro Médico Lagoa,21) 2537-2214,,https://www.instagram.com/lagoario_odonto,,clínica de estética,"Lagoa - Rio de Janeiro, RJ",Lagoa,"Rua Cícero Góis Monteiro, 15 - Lagoa, Rio de Janeiro - RJ, 22471-240",False,,5.0,
Villa Premium RJ,21) 99853-5096,21) 99853-5096,https://www.instagram.com/villapremiumrj,,salão premium,"Lagoa - Rio de Janeiro, RJ",Vila da Penha,"R. Cel. Nunes Machado, 86 - Vila da Penha, Rio de Janeiro - RJ, 21211-750",False,https://www.instagram.com/villapremiumrj/,5.0,
Barbearia Premium,,,https://www.instagram.com/jldocorte,,barbearia premium,"Lagoa - Rio de Janeiro, RJ",Taquara,"R. do Caule, 12 - Taquara, Rio de Janeiro - RJ, 22713-582",False,https://www.instagram.com/jldocorte/,4.9,
Premium barber shop,21) 97650-6220,21) 97650-6220,https://www.instagram.com/barbeariapremi1?igsh=d3RsZTMzZ25jdXZ6,,barbearia premium,"Lagoa - Rio de Janeiro, RJ",Icaraí,"R. Pres. João Pessoa, 392 - loja 102 - Icaraí, Niterói - RJ, 24220-331",False,https://www.instagram.com/barbeariapremi1?igsh=d3RsZTMzZ25jdXZ6,5.0,
Orlion barbearia premium,21) 97541-5868,21) 97541-5868,,,barbearia premium,"Lagoa - Rio de Janeiro, RJ",Penha,"R. Afonso Ribeiro, 394 - Loja c - Penha, Rio de Janeiro - RJ, 21021-000",False,,5.0,
Legacy barber premium,21) 98197-6518,21) 98197-6518,,,barbearia premium,"Lagoa - Rio de Janeiro, RJ",Baldeador,"Estr. Bento Pestana, 963 - loja 2 - Baldeador, Niterói - RJ, 24140-150",False,,5.0,
NAVALHA PREMIUM BARBEARIA,,,,,barbearia premium,"Lagoa - Rio de Janeiro, RJ",Manguinhos,"R. Uranos, 1206 - Manguinhos, Rio de Janeiro - RJ, 21060-070",False,,5.0,
Barber Club Premium,21) 97396-3604,21) 97396-3604,,,barbearia premium,"Lagoa - Rio de Janeiro, RJ",Vila Santa Alice,"R. Wilson de Araújo, 286 - Vila Santa Alice, Duque de Caxias - RJ, 25245-710",False,,5.0,
Barbados Barbearia Premium,21) 97466-2553,21) 97466-2553,,,barbearia premium,"Lagoa - Rio de Janeiro, RJ",Senador Vasconcelos,"Av. Cesário de Melo, 375 - Senador Vasconcelos, Rio de Janeiro - RJ, 23085-110",False,,4.9,
Studio Valente - Barbearia Premium,21) 97034-0097,21) 97034-0097,,,barbearia premium,"Lagoa - Rio de Janeiro, RJ",Ingá,"R. Dr. Nilo Peçanha, 99 - sala 301 - Ingá, Niterói - RJ, 24210-480",False,,5.0,
Dra. Renata Pinho - Lagoa Rio Odontologia,21) 98419-0453,21) 98419-0453,https://www.instagram.com/lagoario_odonto,,dentista,"Lagoa - Rio de Janeiro, RJ",Jardim Botânico,"Edifício Touch - R. Jardim Botânico, 568 - 202 - Jardim Botânico, Rio de Janeiro - RJ, 22461-000",False,https://www.instagram.com/lagoario_odonto/,5.0,
Dr Leonídio Abreu Odontologia Especializada,22) 99892-6043,22) 99892-6043,https://www.instagram.com/lagoario_odonto,,dentista,"Lagoa - Rio de Janeiro, RJ",Lagoa,"Av. Borges de Medeiros, 1424 - box 1 - Lagoa, Rio de Janeiro - RJ, 22470-003",False,,5.0,
Izabel Coelho Gomes Camões,21) 2274-5228,,https://www.instagram.com/lagoario_odonto,,dentista,"Lagoa - Rio de Janeiro, RJ",Lagoa,"R. Gen. Garzon, 22 - Lagoa, Rio de Janeiro - RJ, 22470-010",False,,5.0,
Clínica Estação Sorriso,21) 99452-2377,21) 99452-2377,https://www.instagram.com/lagoario_odonto,,dentista,"Lagoa - Rio de Janeiro, RJ",Ipanema,"R. Visc. de Pirajá, 207 - Sala 305 - Ipanema, Rio de Janeiro - RJ, 22410-000",False,,4.8,
Rosane Haber Dentista Emergência,21) 98859-5557,21) 98859-5557,https://www.instagram.com/lagoario_odonto,,dentista,"Lagoa - Rio de Janeiro, RJ",Leblon,"Av. Ataulfo de Paiva, 135 - Leblon, Rio de Janeiro - RJ, 22431-010",False,,4.7,
TBR Odontologia Ltda (Dra. Telma Rocha),21) 2266-6610,,https://www.instagram.com/lagoario_odonto,,dentista,"Lagoa - Rio de Janeiro, RJ",Lagoa,"Av. Epitácio Pessoa, 3724 - Lagoa, Rio de Janeiro - RJ, 22471-003",False,,,
Psicóloga Online - Lydia Marques dos Santos - Terapia Reichiana,21) 97286-4124,21) 97286-4124,https://www.instagram.com/dandaramota.psi?igsh=cHp5Y3VjOGs2cnIz,,psicólogo,"Lagoa - Rio de Janeiro, RJ",Jardim Botânico,"R. Custódio Serrão - Jardim Botânico, Rio de Janeiro - RJ, 22470-230",False,,5.0,
Adriana Borba Wajnsztok Psicologa,21) 99178-9416,21) 99178-9416,https://www.instagram.com/dandaramota.psi?igsh=cHp5Y3VjOGs2cnIz,,psicólogo,"Lagoa - Rio de Janeiro, RJ",Lagoa,"R. Custódio Serrão, 10 - Lagoa, Rio de Janeiro - RJ, 22470-210",False,,5.0,
Consultório de Psicanálise e Psicologia,21) 3874-0242,,https://www.instagram.com/dandaramota.psi?igsh=cHp5Y3VjOGs2cnIz,,psicólogo,"Lagoa - Rio de Janeiro, RJ",Lagoa,"R. Saturnino de Brito, 79 - Lagoa, Rio de Janeiro - RJ, 22470-030",False,,,
Psicóloga Clínica Dandara Mota da Silva | Botafogo - Rio de Janeiro -RJ,21) 96547-2013,21) 96547-2013,https://www.instagram.com/dandaramota.psi?igsh=cHp5Y3VjOGs2cnIz,,psicólogo,"Lagoa - Rio de Janeiro, RJ",Botafogo,"R. Real Grandeza - Botafogo, Rio de Janeiro - RJ, 22281-036",False,https://www.instagram.com/dandaramota.psi?igsh=cHp5Y3VjOGs2cnIz,5.0,
Maria Fátima Gonçalves Pinheiro,21) 2226-0201,,https://www.instagram.com/dandaramota.psi?igsh=cHp5Y3VjOGs2cnIz,,psicólogo,"Lagoa - Rio de Janeiro, RJ",Lagoa,"R. Prof. Saldanha, 125 - Lagoa, Rio de Janeiro - RJ, 22461-220",False,,,
"Psicóloga em Rio de Janeiro, Copacabana, RJ / Regina Leite.",21) 99974-8138,21) 99974-8138,https://www.instagram.com/dandaramota.psi?igsh=cHp5Y3VjOGs2cnIz,,psicólogo,"Lagoa - Rio de Janeiro, RJ",Copacabana,"R. Miguel Lemos, 41 - Copacabana, Rio de Janeiro - RJ, 22071-000",False,https://www.instagram.com/reginacelialeite_psicologa/profilecard/?igsh=MXFmZ2pwZ2N1dm9yaA==,5.0,
"Cavour, Regina M",21) 2294-9076,,https://www.instagram.com/dandaramota.psi?igsh=cHp5Y3VjOGs2cnIz,,psicólogo,"Lagoa - Rio de Janeiro, RJ",Lagoa,"R. Gen. Garzon, 22 - Lagoa, Rio de Janeiro - RJ, 22470-010",False,,,
Nutricionista Julie Bittencourt,21) 98810-1996,21) 98810-1996,https://www.instagram.com/mcortegianonutri,,nutricionista,"Lagoa - Rio de Janeiro, RJ",Ipanema,"Av. Epitácio Pessoa, 1561 - Ipanema, Rio de Janeiro - RJ, 22471-002",False,,5.0,
Mariana Veiga Nutrição no Jardim Botanico Zona Sul,21) 99313-8678,5521993138678,https://www.instagram.com/mcortegianonutri,,nutricionista,"Lagoa - Rio de Janeiro, RJ",Jardim Botânico,"R. Jardim Botânico, 568 - sala 212 A - Jardim Botânico, Rio de Janeiro - RJ, 22461-000",False,,5.0,
Erika Santinoni - Nutrição Clínica e Esportiva,21) 98131-8963,21) 98131-8963,https://instagram.com/nutri.juliacaufour,,nutricionista,"Lagoa - Rio de Janeiro, RJ",Ipanema,"R. Visc. de Pirajá, 414 - Sala 1304 - Ipanema, Rio de Janeiro - RJ, 22410-905",False,,5.0,
Nutricionista no Leblon | Zona Sul RJ - Jéssica Emerentino,21) 97094-0262,5521970940262,https://instagram.com/nutri.juliacaufour,,nutricionista,"Lagoa - Rio de Janeiro, RJ",Leblon,"Av. Ataulfo de Paiva, 482 - Leblon, Rio de Janeiro - RJ, 22440-032",False,,5.0,
Nutricionista Leticia Vassimon Ghelman,21) 95100-4599,5521951004599,https://instagram.com/nutri.juliacaufour,,nutricionista,"Lagoa - Rio de Janeiro, RJ",Jardim Botânico,"R. Jardim Botânico, 600 - Jardim Botânico, Rio de Janeiro - RJ, 22461-000",False,,5.0,
Julia Caufour – Nutricionista no Leblon,,,https://instagram.com/nutri.juliacaufour,,nutricionista,"Lagoa - Rio de Janeiro, RJ",Leblon,"Av. Ataulfo de Paiva, n° 135 - sala 216 - Leblon, Rio de Janeiro - RJ, 22440-030",False,https://instagram.com/nutri.juliacaufour,5.0,
Elizabete Lopes - Nutrição Clínica/Funcional - Ipanema R.J,21) 2267-4483,https://api.whatsapp.com/send/?phone=5521995447905&text&type=phone_number&app_absent=0,https://instagram.com/nutri.juliacaufour,,nutricionista,"Lagoa - Rio de Janeiro, RJ",Ipanema,"R. Visc. de Pirajá, 330 - sala 1014 - Ipanema, Rio de Janeiro - RJ, 22410-000",False,,5.0,
Nutricionista Clínica Funcional - Katherine Raffaele,21) 96900-5401,21) 96900-5401,https://instagram.com/nutri.juliacaufour,,nutricionista,"Lagoa - Rio de Janeiro, RJ",Ipanema,"R. Visc. de Pirajá, 550 - Ipanema, Rio de Janeiro - RJ, 22410-002",False,,5.0,
Fisioterapia Integrativa JB,21) 98212-7575,5521982127575,https://www.instagram.com/osteopatiagalvao,,fisioterapeuta,"Lagoa - Rio de Janeiro, RJ",Jardim Botânico,"R. Jardim Botânico, 657 - Sala 412 - Jardim Botânico, Rio de Janeiro - RJ, 22470-050",False,,5.0,
Labro Fisioterapia,21) 99590-6751,21) 99590-6751,https://www.instagram.com/osteopatiagalvao,,fisioterapeuta,"Lagoa - Rio de Janeiro, RJ",Lagoa,"Av. Epitácio Pessoa, 1674 - 303 - Lagoa, Rio de Janeiro - RJ, 22471-000",False,,5.0,
Neon Fisioterapia e Movimento,21) 99946-0101,21) 99946-0101,https://www.instagram.com/osteopatiagalvao,,fisioterapeuta,"Lagoa - Rio de Janeiro, RJ",Lagoa,"Rua Mario Ribeiro, 410 - Lagoa, Rio de Janeiro - RJ, 22430-160",False,,5.0,
"Aloha Rio Recovery, Massagem, Quiropraxia e Bem estar Leblon",,,https://www.instagram.com/osteopatiagalvao,,fisioterapeuta,"Lagoa - Rio de Janeiro, RJ",Lagoa,"Av. Borges de Medeiros, 829 - Lagoa, Rio de Janeiro - RJ, 23430-042",False,,5.0,
Consultório de Fisioterapia Dr Augusto Cézar Néri,21) 2294-8436,,https://www.instagram.com/osteopatiagalvao,,fisioterapeuta,"Lagoa - Rio de Janeiro, RJ",Jardim Botânico,"R. Jardim Botânico, 674 - Sala 622 - Jardim Botânico, Rio de Janeiro - RJ, 22461-000",False,,5.0,
Centro de Terapias Integradas - CTI - Leblon,21) 98803-9914,21) 98803-9914,https://www.instagram.com/osteopatiagalvao,,fisioterapeuta,"Lagoa - Rio de Janeiro, RJ",Leblon,"R. Gen. Urquiza, 128 - sl 201 - Leblon, Rio de Janeiro - RJ, 22431-040",False,,5.0,
Osteopatia & Fisioterapia - Alexandre Galvão,21) 99481-1268,5521994811268,https://www.instagram.com/osteopatiagalvao,,fisioterapeuta,"Lagoa - Rio de Janeiro, RJ",Jardim Botânico,"R. Jardim Botânico, 656 - Sala 501 - Jardim Botânico, Rio de Janeiro - RJ, 22461-000",False,https://www.instagram.com/osteopatiagalvao/,5.0,
Clinica Leonardo Moraes - Fisiotarapia - RPG - Pilates - Osteopatia,21) 99472-0778,https://api.whatsapp.com/send?phone=5521994720778,https://www.instagram.com/osteopatiagalvao,,fisioterapeuta,"Lagoa - Rio de Janeiro, RJ",Jardim Botânico,"R. Jardim Botânico, 700 - sala 520 - Jardim Botânico, Rio de Janeiro - RJ, 22461-002",False,https://www.instagram.com/clinicaleonardomoraes/,5.0,
Consultório de fisioterapia Priscilla Defelippe,21) 99262-1229,5521992621229,https://www.instagram.com/osteopatiagalvao,,fisioterapeuta,"Lagoa - Rio de Janeiro, RJ",Leblon,"Av. Ataulfo de Paiva, 135 - Sala 804 - Leblon, Rio de Janeiro - RJ, 22440-033",False,,5.0,
Fisioterapia Integrativa João Gigliotti,21) 99056-3773,21) 99056-3773,https://www.instagram.com/osteopatiagalvao,,fisioterapeuta,"Lagoa - Rio de Janeiro, RJ",Leblon,"Clube Monte Líbano - Av. Borges de Medeiros, 701 - Lagoa - Leblon, Rio de Janeiro - RJ, 22430-041",False,,,
Pilates Lagoa,21) 96640-1706,21) 96640-1706,https://www.instagram.com/lagoapilates,,pilates,"Lagoa - Rio de Janeiro, RJ",Lagoa,"Av. Epitácio Pessoa, 1674 - sala 203 - Lagoa, Rio de Janeiro - RJ, 22471-000",False,https://www.instagram.com/lagoapilates/,5.0,
New Performance Pilates,21) 98278-7273,21) 98278-7273,,,pilates,"Lagoa - Rio de Janeiro, RJ",Copacabana,"Av. Nossa Sra. de Copacabana, 500 - 703 - Copacabana, Rio de Janeiro - RJ, 22020-001",False,,5.0,
Daniel Ferraz Treinamento Funcional,21) 99497-3177,21) 99497-3177,,,pilates,"Lagoa - Rio de Janeiro, RJ",Leblon,"Av. Gen. San Martin, 1002 - 201A - Leblon, Rio de Janeiro - RJ, 22441-014",False,,5.0,
ESPAÇO MOBILIS Fisioterapia e Pilates,21) 99645-0911,21) 99645-0911,,,pilates,"Lagoa - Rio de Janeiro, RJ",Jardim Botânico,"R. Gen. Garzon, 22/301 - Jardim Botânico, Rio de Janeiro - RJ, 22470-010",False,,5.0,
Studio Phoenix Leblon,21) 99912-6256,21) 99912-6256,,,pilates,"Lagoa - Rio de Janeiro, RJ",Leblon,"Av. Ataulfo de Paiva, 255 - sala 706 - Leblon, Rio de Janeiro - RJ, 22440-032",False,,5.0,
Pilates Lagoa,21) 96640-1706,21) 96640-1706,https://www.instagram.com/lagoapilates,,academia boutique,"Lagoa - Rio de Janeiro, RJ",Lagoa,"Av. Epitácio Pessoa, 1674 - sala 203 - Lagoa, Rio de Janeiro - RJ, 22471-000",False,https://www.instagram.com/lagoapilates/,5.0,
Escultural,21) 2536-1159,,https://www.instagram.com/ellenaraujooficial,,studio de sobrancelha,"Lagoa - Rio de Janeiro, RJ",Lagoa,"R. Fonte da Saudade, 31 - Lagoa, Rio de Janeiro - RJ, 22471-210",False,,5.0,
Espaço Vip Sobrancelhas,21) 99151-4058,21) 99151-4058,https://www.instagram.com/espaco.vip.sobrancelhas,,studio de sobrancelha,"Lagoa - Rio de Janeiro, RJ",Madureira,"R. Carolina Machado, 560 - sala 521 - Madureira, Rio de Janeiro - RJ, 21351-021",False,https://www.instagram.com/espaco.vip.sobrancelhas/,4.9,
Studio Andréa Gonçalves,21) 98645-9057,21) 98645-9057,https://www.instagram.com/studioandreagoncalves/?r=nametag,,studio de sobrancelha,"Lagoa - Rio de Janeiro, RJ",Madureira,"Centro Empresarial Madureira - R. Soares Caldeira, 142 - sala 803 - Madureira, Rio de Janeiro - RJ, 21351-080",False,https://www.instagram.com/studioandreagoncalves/?r=nametag,5.0,
Studio Marcelly Prestes Beauty | Cílios | Sobrancelhas | Cabelo | Limpeza de pele e Unhas na Abolição RJ,21) 98628-1616,21) 98628-1616,https://www.instagram.com/studioprestesbeauty,,studio de sobrancelha,"Lagoa - Rio de Janeiro, RJ",Cascadura,"R. Cerqueira Daltro, 157 - sala 302 - Cascadura, Rio de Janeiro - RJ, 21380-010",False,https://www.instagram.com/studioprestesbeauty/,5.0,
Studio Mariza Gomes - Sobrancelhas / cílios / lábios /micropigmentação,21) 96862-9778,21) 96862-9778,https://www.instagram.com/accounts/studiomariza.gomes,,studio de sobrancelha,"Lagoa - Rio de Janeiro, RJ",Tomás Coelho,"R. J. J. Cowsert, 134 - Tomás Coelho, Rio de Janeiro - RJ, 21350-450",False,https://www.instagram.com/accounts/studiomariza.gomes,5.0,
Luiza Campos Studio - Extensão de cílios - Sobrancelhas - Micropigmentação,21) 99535-0399,21) 99535-0399,https://www.instagram.com/luizacampos.studio?igsh=MXU5dDN4YmU4aTU3ag==&utm_source=qr,,studio de sobrancelha,"Lagoa - Rio de Janeiro, RJ",Estácio,"R. São Cláudio, 06 - Estácio, Rio de Janeiro - RJ, 20250-060",False,https://www.instagram.com/luizacampos.studio?igsh=MXU5dDN4YmU4aTU3ag==&utm_source=qr,5.0,
Ateliê Thayná Noronha | Micropigmentação | sobrancelha | Depilação | Cascadura,21) 96982-9447,21) 96982-9447,https://instagram.com/thaynasobrancelhaspmu?igshid=YmMyMTA2M2Y=,,studio de sobrancelha,"Lagoa - Rio de Janeiro, RJ",Cascadura,"R. Cerqueira Daltro, 157 - Cascadura, Rio de Janeiro - RJ, 21380-320",False,https://instagram.com/thaynasobrancelhaspmu?igshid=YmMyMTA2M2Y=,4.9,
Studio Andressa Porto,21) 99861-0089,21) 99861-0089,,,studio de sobrancelha,"Lagoa - Rio de Janeiro, RJ",Méier,"R. Joaquina Rosa, 274 - Méier, Rio de Janeiro - RJ, 20710-080",False,,5.0,
Designer de sobrancelhas Adilson Carvalho O mago das sobrancelhas,75) 98149-0404,75) 98149-0404,,,studio de sobrancelha,"Lagoa - Rio de Janeiro, RJ",Catete,"R. do Catete, 338 - loja 10 - Catete, Rio de Janeiro - RJ, 22220-001",False,,5.0,
Sílvia Gutman Especialista em Sobrancelhas e Beleza,21) 99557-9834,21) 99557-9834,,,studio de sobrancelha,"Lagoa - Rio de Janeiro, RJ",Ipanema,"R. Visc. de Pirajá, 595 - Ipanema, Rio de Janeiro - RJ, 22410-001",False,,5.0,
Bruna Oliveira - Lash Designer (Expert em Cílios e Sobrancelhas),21) 99131-7093,21) 99131-7093,https://www.instagram.com/bruoliveiralash,,studio de sobrancelha,"Lagoa - Rio de Janeiro, RJ",RJ,"Copacabana, Rio de Janeiro - RJ, 20211-901",False,https://www.instagram.com/bruoliveiralash/,5.0,
Studio Delas,21) 97884-7956,21) 97884-7956,,,studio de sobrancelha,"Lagoa - Rio de Janeiro, RJ",Copacabana,"R. Santa Clara, 33 918 - 9º andar - Copacabana, Rio de Janeiro - RJ, 22041-010",False,,5.0,
Studio Ellen Araujo Copacabana | Limpeza de Pele | Extensão de Cílios | Micropigmentação de Sobrancelhas,21) 99951-5018,21) 99951-5018,https://www.instagram.com/ellenaraujooficial,,studio de sobrancelha,"Lagoa - Rio de Janeiro, RJ",Copacabana,"R. Santa Clara, 50 - sala 1204 - Copacabana, Rio de Janeiro - RJ, 22041-012",False,https://www.instagram.com/ellenaraujooficial/,4.9,
Studio Priscyla Andreia | Extensão de Cílios no Centro do Rio de Janeiro - RJ,,,,,studio de cílios,"Lagoa - Rio de Janeiro, RJ",Centro,"Prç. Tiradentes, 9 - Centro, Rio de Janeiro - RJ, 20060-070",False,,5.0,
Cílios & Sobrancelhas | Gabi Maricato- Recreio dos Bandeirantes,21) 97233-8340,21) 97233-8340,https://www.instagram.com/ciliosdegabii?igsh=cmV1N2czcGxpcmh2,,studio de cílios,"Lagoa - Rio de Janeiro, RJ",Recreio dos Bandeirantes,"Shopping Vértice Mall - Av. Miguel Antônio Fernandes, 1333 - Bloco A - Sala 518 - Recreio dos Bandeirantes, Rio de Janeiro - RJ, 22790-682",False,https://www.instagram.com/ciliosdegabii?igsh=cmV1N2czcGxpcmh2,5.0,
Studio Dominique Neves - Extensão de Cílios,21) 99346-3321,21) 99346-3321,,,studio de cílios,"Lagoa - Rio de Janeiro, RJ",Barros Filho,"Estr. João Paulo, 1420 - sala 203 - Barros Filho, Rio de Janeiro - RJ, 21512-002",False,,5.0,
Studio cílios e sobrancelha - Vitória Amorim,21) 98533-6901,21) 98533-6901,https://www.instagram.com/lash_vitoria16?igsh=cDluYTVqeXA1aHh3&utm_source=qr,,studio de cílios,"Lagoa - Rio de Janeiro, RJ",Irajá,"R. Turvo, 125 - Irajá, Rio de Janeiro - RJ, 21371-240",False,https://www.instagram.com/lash_vitoria16?igsh=cDluYTVqeXA1aHh3&utm_source=qr,5.0,
Luiza Campos Studio - Extensão de cílios - Sobrancelhas - Micropigmentação,21) 99535-0399,21) 99535-0399,https://www.instagram.com/luizacampos.studio?igsh=MXU5dDN4YmU4aTU3ag==&utm_source=qr,,studio de cílios,"Lagoa - Rio de Janeiro, RJ",Estácio,"R. São Cláudio, 06 - Estácio, Rio de Janeiro - RJ, 20250-060",False,https://www.instagram.com/luizacampos.studio?igsh=MXU5dDN4YmU4aTU3ag==&utm_source=qr,5.0,
Studio Luminos cílios,21) 99897-3725,21) 99897-3725,,,studio de cílios,"Lagoa - Rio de Janeiro, RJ",Amarelinho,"fim do mundo Beco 3 - R. do Tavarino, Casa 4 - Amarelinho, Rio de Janeiro - RJ, 21530-000",False,,,
Cílios Bianca Motta | Vila da Penha,21) 97669-3433,21) 97669-3433,https://instagram.com/cilios_biancamotta,,studio de cílios,"Lagoa - Rio de Janeiro, RJ",Vila da Penha,"R. da Tranqüilidade, 11 - sala 204 - Vila da Penha, Rio de Janeiro - RJ, 21221-270",False,https://instagram.com/cilios_biancamotta,5.0,
Leticia Pacheco Studio,21) 97668-0407,21) 97668-0407,,,studio de cílios,"Lagoa - Rio de Janeiro, RJ",Gramacho,"Av. Rio Branco, 1647B - Gramacho, Duque de Caxias - RJ, 25035-245",False,,5.0,
Studio Beauty,21) 97576-0884,21) 97576-0884,,,studio de cílios,"Lagoa - Rio de Janeiro, RJ",Vila Leopoldina,"Av. Rio Branco - Vila Leopoldina, Duque de Caxias - RJ, 25035-245",False,,5.0,
Gisele Alves | Extensão de Cílios e Design de Sobrancelhas em Copacabana,21) 99622-1128,21) 99622-1128,,,studio de cílios,"Lagoa - Rio de Janeiro, RJ",Copacabana,"Av. Nossa Sra. de Copacabana, 1059 - sala 301 - Copacabana, Rio de Janeiro - RJ, 22060-001",False,,5.0,
Amanda Fernandes Extensão de Cílios,21) 99029-2207,21) 99029-2207,https://www.instagram.com/amandaf.lash,,studio de cílios,"Lagoa - Rio de Janeiro, RJ",Copacabana,"R. Figueiredo de Magalhães, 286 - Copacabana, Rio de Janeiro - RJ, 22031-012",False,https://www.instagram.com/amandaf.lash/,5.0,
Studio Thalia Andrade,21) 97733-5025,21) 97733-5025,,,studio de cílios,"Lagoa - Rio de Janeiro, RJ",Campos Eliseos,"R. Projetada C - Campos Eliseos, Duque de Caxias - RJ, 25040-319",False,,,
"Extensão de Cílios e Sobrancelhas | Studio Karol Garcia - Botafogo, Rio de janeiro",21) 98277-1238,21) 98277-1238,https://www.instagram.com/studiokarolgarcia?igsh=YmV6ZnlkdGV0NjBh,,studio de cílios,"Lagoa - Rio de Janeiro, RJ",Botafogo,"Praia de Botafogo, 210 - Botafogo, Rio de Janeiro - RJ, 22250-040",False,https://www.instagram.com/studiokarolgarcia?igsh=YmV6ZnlkdGV0NjBh,5.0,
KS STUDIO DE BELEZA,21) 99393-7904,21) 99393-7904,,,studio de cílios,"Lagoa - Rio de Janeiro, RJ",Nossa Sra. do Carmo,"Estr. do sarapuí - Nossa Sra. do Carmo, Duque de Caxias - RJ, 25040-460",False,,,
Studio Lima,21) 98392-1549,21) 98392-1549,https://www.instagram.com/studiolima.rebe?igsh=MXR6ZXMyY3ZvNm8yZw==,,studio de cílios,"Lagoa - Rio de Janeiro, RJ",Parque Sao Jose,"Estr. Aníbal da Mota, 102 - Parque Sao Jose, Belford Roxo - RJ, 26190-060",False,https://www.instagram.com/studiolima.rebe?igsh=MXR6ZXMyY3ZvNm8yZw==,,
Alessia beauty room - Cílios Copacabana,21) 98272-8341,21) 98272-8341,,,studio de cílios,"Lagoa - Rio de Janeiro, RJ",RJ,"Av. Nossa Sra. de Copacabana, 807 - Sala 606 - Copacabana, Rio de Janeiro - RJ, 22050-002, Rio de Janeiro - RJ, 22041-011",False,,5.0,
Thaty Azevedo Company (Cílios e Cursos de extensão de cílios),21) 96580-2581,21) 96580-2581,,,studio de cílios,"Lagoa - Rio de Janeiro, RJ",Parque Fluminense,"Rua Nossa Senhora das Graças, Praça do Galo, 0 - Parque Fluminense, Duque de Caxias - RJ, 25045-570",False,,5.0,
Studio Amanda Nascimento - Cílios e Sobrancelhas,,,,,studio de cílios,"Lagoa - Rio de Janeiro, RJ",Complexo do Alemão,"R. Novo Paraíso, 5 - Complexo do Alemão, Rio de Janeiro - RJ, 21061-300",False,,5.0,
Cílios & Sobrancelhas | Gabi Maricato- Recreio dos Bandeirantes,21) 97233-8340,21) 97233-8340,https://www.instagram.com/ciliosdegabii?igsh=cmV1N2czcGxpcmh2,,lash designer,"Lagoa - Rio de Janeiro, RJ",Recreio dos Bandeirantes,"Shopping Vértice Mall - Av. Miguel Antônio Fernandes, 1333 - Bloco A - Sala 518 - Recreio dos Bandeirantes, Rio de Janeiro - RJ, 22790-682",False,https://www.instagram.com/ciliosdegabii?igsh=cmV1N2czcGxpcmh2,5.0,
Studio Patricia Santos Beauty,21) 97697-9238,21) 97697-9238,https://instagram.com/patriciasts_beauty?igshid=YmMyMTA2M2Y=,,lash designer,"Lagoa - Rio de Janeiro, RJ",Pantanal,"Rua Leopoldo Fróis, 3 - quadra 70 - Pantanal, Duque de Caxias - RJ, 25040-325",False,https://instagram.com/patriciasts_beauty?igshid=YmMyMTA2M2Y=,5.0,
Studio Ingridi Klimaschenski-Lash Designer,,,,,lash designer,"Lagoa - Rio de Janeiro, RJ",Jardim Limeira,"Estr. Aníbal da Mota, 2 - quadra 3 - Jardim Limeira, Belford Roxo - RJ, 26190-083",False,,5.0,
Andressa lash Designer,21) 98269-4368,21) 98269-4368,,,lash designer,"Lagoa - Rio de Janeiro, RJ",Gramacho,"R. Japurá, 160 - Gramacho, Duque de Caxias - RJ, 25050-320",False,,,
LORENA LIMA | LASH DESIGN,21) 96502-5349,21) 96502-5349,https://www.instagram.com/lorenalima.lash_?igsh=MTZiYWhzOXNpdGxjMA==,,lash designer,"Lagoa - Rio de Janeiro, RJ",Campos Eliseos,"R. Clara Nunes - Campos Eliseos, Duque de Caxias - RJ, 25040-673",False,https://www.instagram.com/lorenalima.lash_?igsh=MTZiYWhzOXNpdGxjMA==,5.0,
"Gabrielle | Lash designer | Designer de sobrancelhas | Duque de caxias, Sarapuí",21) 98235-7561,21) 98235-7561,https://www.instagram.com/bystudiogabrielle?igsh=MWMwZjFubWg3c3lwcQ==,,lash designer,"Lagoa - Rio de Janeiro, RJ",Vila Sarapui,"R. Alfredo Backer, 321 - Vila Sarapui, Duque de Caxias - RJ, 25050-290",False,https://www.instagram.com/bystudiogabrielle?igsh=MWMwZjFubWg3c3lwcQ==,5.0,
Studio Ester Lima,21) 97375-0195,21) 97375-0195,https://www.instagram.com/lashesterlimaa,,lash designer,"Lagoa - Rio de Janeiro, RJ",Parque Sao Jose,"Estrada do - Estr. Aníbal da Mota, 1825 - Parque Sao Jose, Belford Roxo - RJ, 26190-083",False,https://www.instagram.com/lashesterlimaa/,5.0,
Jessica Lash e design,,,,,lash designer,"Lagoa - Rio de Janeiro, RJ",Acari,"R. Piracambú, 31 - Acari, Rio de Janeiro - RJ, 21531-050",False,,,
Yana Braz Studio,,,,,lash designer,"Lagoa - Rio de Janeiro, RJ",Vila Leopoldina,"R. Rio Preto, 1626 - Vila Leopoldina, Duque de Caxias - RJ, 25035-390",False,,5.0,
Nanda Lash Designer,21) 97017-5469,21) 97017-5469,https://www.instagram.com/by.nandalashes?igsh=MXI0Z21taGRlYm5hdA%3D%3D&utm_source=qr,,lash designer,"Lagoa - Rio de Janeiro, RJ",Parque Fluminense,"R. São Miguel - Parque Fluminense, Duque de Caxias - RJ, 25046-510",False,https://www.instagram.com/by.nandalashes?igsh=MXI0Z21taGRlYm5hdA==&utm_source=qr,,
Lash designer Priscila Pierre,21) 96763-0998,21) 96763-0998,,,lash designer,"Lagoa - Rio de Janeiro, RJ",Realengo,"Rua Carumbé, 195 - Realengo, Rio de Janeiro - RJ, 21755-240",False,,5.0,
Thaty Azevedo Company (Cílios e Cursos de extensão de cílios),21) 96580-2581,21) 96580-2581,,,lash designer,"Lagoa - Rio de Janeiro, RJ",Parque Fluminense,"Rua Nossa Senhora das Graças, Praça do Galo, 0 - Parque Fluminense, Duque de Caxias - RJ, 25045-570",False,,5.0,
KS STUDIO DE BELEZA,21) 99393-7904,21) 99393-7904,,,lash designer,"Lagoa - Rio de Janeiro, RJ",Nossa Sra. do Carmo,"Estr. do sarapuí - Nossa Sra. do Carmo, Duque de Caxias - RJ, 25040-460",False,,,
Leticia Pacheco Studio,21) 97668-0407,21) 97668-0407,,,lash designer,"Lagoa - Rio de Janeiro, RJ",Gramacho,"Av. Rio Branco, 1647B - Gramacho, Duque de Caxias - RJ, 25035-245",False,,5.0,
"Lmadame: Nail designer, extensão de cílios e sobrancelhas.",21) 97472-9390,21) 97472-9390,https://www.instagram.com/lmadamerj/profilecard/?igsh=MWdyZGdhM3J1ZjJ5eA==,,lash designer,"Lagoa - Rio de Janeiro, RJ",Copacabana,"Av. Nossa Sra. de Copacabana, 1059 - Sala 1203 - Copacabana, Rio de Janeiro - RJ, 22041-011",False,https://www.instagram.com/lmadamerj/profilecard/?igsh=MWdyZGdhM3J1ZjJ5eA==,5.0,
Espaço Juliane Days ️,,https://api.whatsapp.com/send?phone=5521969241465&text=Quero+marcar+um+hor%C3%A1rio+no+Espa%C3%A7o+Juliane+Days,https://www.instagram.com/julianedays,,lash designer,"Lagoa - Rio de Janeiro, RJ",Vila Rosário,"R. Urbano Duarte, 21 - qd 4 - Vila Rosário, Duque de Caxias - RJ, 25042-300",False,https://www.instagram.com/julianedays/,5.0,
Studio Beauty,21) 97576-0884,21) 97576-0884,,,lash designer,"Lagoa - Rio de Janeiro, RJ",Vila Leopoldina,"Av. Rio Branco - Vila Leopoldina, Duque de Caxias - RJ, 25035-245",False,,5.0,
Lash lifting | Brow lamination | Remoção a laser de micropigmentação e tattoo Rio de Janeiro RJ - Renata Machado Beauty,21) 96640-7312,21) 96640-7312,https://www.instagram.com/renatamachadobeauty?igsh=cTQzdDg3NGp5NXl4,,lash designer,"Lagoa - Rio de Janeiro, RJ",Botafogo,"R. Voluntários da Pátria, 190 - sala 722 - Botafogo, Rio de Janeiro - RJ, 22270-902",False,https://www.instagram.com/renatamachadobeauty?igsh=cTQzdDg3NGp5NXl4,5.0,
"Bossa Spa | Seu único SPA by Granado do Rio | Vale-presente, massagem relaxante, massagem desportiva",21) 96427-0782,21) 96427-0782,,,spa,"Lagoa - Rio de Janeiro, RJ",Botafogo,"Praia de Botafogo, 242 - Botafogo, Rio de Janeiro - RJ, 22250-145",False,,4.9,
Oliva Spa - Head Spa,21) 98833-0981,21) 98833-0981,,,spa,"Lagoa - Rio de Janeiro, RJ",Ipanema,"R. Visc. de Pirajá, 86 - loja 10 - Ipanema, Rio de Janeiro - RJ, 22410-903",False,,4.9,
Balm Spa | spa rio de janeiro | massagem | spa copacabana | day spa rio de janeiro,21) 98522-4865,21) 98522-4865,http://www.instagram.com/balmspa,,spa,"Lagoa - Rio de Janeiro, RJ",Copacabana,"R. Miguel Lemos, 41 - sala 306 - Copacabana, Rio de Janeiro - RJ, 22071-000",False,http://www.instagram.com/balmspa,5.0,
Sense Spa Express - Largo do Machado,21) 96675-6867,21) 96675-6867,,,spa,"Lagoa - Rio de Janeiro, RJ",Flamengo,"R. Arno Konder, Loja U - Flamengo, Rio de Janeiro - RJ, 22250-020",False,,4.9,
BBQ Lagoa,,,https://www.instagram.com/bbq.lagoa,,restaurante,"Lagoa - Rio de Janeiro, RJ",Lagoa,"Av. Borges de Medeiros, quiosque 3 - Lagoa, Rio de Janeiro - RJ, 22470-003",False,https://www.instagram.com/bbq.lagoa,4.8,
Quintal do Rio,,,,,restaurante,"Lagoa - Rio de Janeiro, RJ",Lagoa,"Av. Epitácio Pessoa, 00 - Lagoa, Rio de Janeiro - RJ, 22471-060",False,,4.2,
Aldeia Lagoa,,,http://instagram.com/aldeia.lagoa,,restaurante,"Lagoa - Rio de Janeiro, RJ",Lagoa,"Av. Borges de Medeiros, 1994 - Lagoa, Rio de Janeiro - RJ, 22470-003",False,http://instagram.com/aldeia.lagoa,4.2,
Restaurante Flor da Lagoa,21) 2197-8890,,,,restaurante,"Lagoa - Rio de Janeiro, RJ",Jardim Botânico,"R. Jardim Botânico, 391 - Jardim Botânico, Rio de Janeiro - RJ, 22461",False,,4.4,
Comida de Casa,21) 3179-0577,,https://www.instagram.com/comidadecasarj,,restaurante,"Lagoa - Rio de Janeiro, RJ",Lagoa,"R. Prof. Saldanha, 80 - Loja A - Lagoa, Rio de Janeiro - RJ, 22461-220",False,https://www.instagram.com/comidadecasarj/,4.8,
Malta Beef Club,21) 2042-3101,,,,restaurante,"Lagoa - Rio de Janeiro, RJ",Lagoa,"R. Saturnino de Brito, 84 - Lagoa, Rio de Janeiro - RJ, 22470-030",False,,4.5,
Tasca Santa Justa,21) 3796-3604,,,,restaurante,"Lagoa - Rio de Janeiro, RJ",Jardim Botânico,"Av. Lineu de Paula Machado, 916 - Jardim Botânico, Rio de Janeiro - RJ, 22470-040",False,,4.5,
Restaurante Real Gourmet 1,21) 99395-4060,21) 99395-4060,,,restaurante,"Lagoa - Rio de Janeiro, RJ",Lagoa,"Dentro do Central Park, R. Fonte da Saudade, 31 - Lagoa, Rio de Janeiro - RJ, 22471-210",False,,4.2,
RARO Ipanema Boutique Hotel,21) 97508-1608,21) 97508-1608,,,hotel boutique,"Lagoa - Rio de Janeiro, RJ",Copacabana,"R. Saint Roman, 222 - Copacabana, Rio de Janeiro - RJ, 22071-060",False,,4.7,
Hotel da Lagoa,21) 2197-8888,,,,hotel boutique,"Lagoa - Rio de Janeiro, RJ",Jardim Botânico,"R. Jardim Botânico, 391 - Jardim Botânico, Rio de Janeiro - RJ, 22461-000",False,,4.6,
Hotel brasil,,,,,hotel boutique,"Lagoa - Rio de Janeiro, RJ",Copacabana,"R. Barata Ribeiro, 548 - Copacabana, Rio de Janeiro - RJ, 22040-002",False,,5.0,
draisabelaalmeida.adv,,,,,advogado,"Lagoa - Rio de Janeiro, RJ",Lagoa,"Lagoa Corporate - R. Humaitá, 275 - 7º andar - Lagoa, Rio de Janeiro - RJ, 22261-005",False,,5.0,
CAS - Advocacia Empresarial,21) 99462-0927,21) 99462-0927,,,advogado,"Lagoa - Rio de Janeiro, RJ",Lagoa,"R. Fonte da Saudade, 31 - 1104 - Lagoa, Rio de Janeiro - RJ, 22471-210",False,,5.0,
d'AZEVEDO ADVOGADOS,21) 2260-8466,https://api.whatsapp.com/send?phone=5521979044913,,,advogado,"Lagoa - Rio de Janeiro, RJ",Olaria,"R. Angélica Mota, 408 - Sl. 202 - Olaria, Rio de Janeiro - RJ, 21021-490",False,,4.9,
Andréa Vidal Advocacia,,https://api.whatsapp.com/send?phone=5521979044913,,,advogado,"Lagoa - Rio de Janeiro, RJ",Parque Araruama,"R. Dionísio Rocha, 135 - Parque Araruama, São João de Meriti - RJ, 25585-230",False,,5.0,
Janaina Maia - Advogada,21) 96806-5261,https://api.whatsapp.com/send?phone=5521979044913,,,advogado,"Lagoa - Rio de Janeiro, RJ",Campinho,"Av. Ernani Cardoso, 415 - Campinho, Rio de Janeiro - RJ, 21310-310",False,,4.9,
Advogado de Família Rio de Janeiro - Dra. Luana Maura,21) 96988-3882,https://api.whatsapp.com/send?phone=5521979044913,,,advogado,"Lagoa - Rio de Janeiro, RJ",Vicente de Carvalho,"Carioca Offices, Shopping Carioca - Vicente de Carvalho, Rio de Janeiro - RJ, 21210-623",False,,5.0,
"Advogado previdenciário (Pensão, Aposentadoria, BPC LOAS), Consumidor e Família - Dra. Renata Nabuco",,https://api.whatsapp.com/send?phone=5521979044913,,,advogado,"Lagoa - Rio de Janeiro, RJ",Madureira,"R. Dagmar da Fonseca, 17 - sala 404 - Madureira, Rio de Janeiro - RJ, 21351-040",False,,5.0,
Advogada Dra Rayane Derbly - Advocacia Previdenciária,21) 96435-4603,https://api.whatsapp.com/send?phone=5521979044913,https://www.instagram.com/tenoriogomes.advogados,,advogado,"Lagoa - Rio de Janeiro, RJ",Cascadura,"R. Iguapé, 16 - Cascadura, Rio de Janeiro - RJ, 21380-020",False,,5.0,
Guaxe Arquitetura,,,,denise@dlarquitetura.com.br,arquiteto,"Lagoa - Rio de Janeiro, RJ",Lagoa,"Av. Epitácio Pessoa, 1674 - 201 - Lagoa, Rio de Janeiro - RJ, 22411-072",False,,5.0,
Tato Bittencourt Arquitetos Associados,21) 2186-6912,,,,arquiteto,"Lagoa - Rio de Janeiro, RJ",Lagoa,"Rua Sacopã, 657 - Lagoa, Rio de Janeiro - RJ, 22471-180",False,,5.0,
Karen Souza e Anna Canto e Mello Arquitetura,21) 97299-9087,21) 97299-9087,,,arquiteto,"Lagoa - Rio de Janeiro, RJ",Copacabana,"Av. Nossa Sra. de Copacabana, 1059 - Copacabana, Rio de Janeiro - RJ, 22060-001",False,,5.0,
Angelica Coutinho Arquitetura,21) 99618-9541,21) 99618-9541,,,arquiteto,"Lagoa - Rio de Janeiro, RJ",Lagoa,"Rua Sacopã - Lagoa, Rio de Janeiro - RJ, 22471-180",False,,,
Bric Arquitetura | Portillo & Pantoja,21) 3449-9027,,,,arquiteto,"Lagoa - Rio de Janeiro, RJ",Ipanema,"Av. Epitácio Pessoa, 1674 - Ipanema, Rio de Janeiro - RJ, 22411-072",False,,5.0,
Pier da Lagoa,,,https://instagram.com/fotografadapraia?igshid=104slulndl4x2,,fotógrafo,"Lagoa - Rio de Janeiro, RJ",Lagoa,"Av. Rodrigo Otávio - Lagoa, Rio de Janeiro - RJ",False,,4.7,
Julieta Olmos @fotografadapraia,,,https://instagram.com/fotografadapraia?igshid=104slulndl4x2,,fotógrafo,"Lagoa - Rio de Janeiro, RJ",Barra da Tijuca,"Praia do Pepê - Barra da Tijuca, Rio de Janeiro - RJ, 22620-170",False,https://instagram.com/fotografadapraia?igshid=104slulndl4x2,5.0,
UDS Sound I Estúdio de Gravação e Produção de Áudio,21) 3529-8604,,https://instagram.com/fotografadapraia?igshid=104slulndl4x2,,fotógrafo,"Lagoa - Rio de Janeiro, RJ",Lagoa,"Rua Sacopã, 175 - Lagoa, Rio de Janeiro - RJ, 22471-180",False,,5.0,
Heliponto da Lagoa Rodrigo de Freitas (SDRJ),,,https://instagram.com/fotografadapraia?igshid=104slulndl4x2,,fotógrafo,"Lagoa - Rio de Janeiro, RJ",RJ,"Parque dos Patins Lagoa Rodrigo de Freitas, Av. Borges de Medeiros, s/n, Rio de Janeiro - RJ, 22470-004",False,,4.4,
Studio Gloob,96) 4318-7512,https://api.whatsapp.com/message/I7UQVQN3AZLBF1?autoload=1&app_absent=0,https://instagram.com/fotografadapraia?igshid=104slulndl4x2,,fotógrafo,"Lagoa - Rio de Janeiro, RJ",Lagoa,"R. Saturnino de Brito - Lagoa, Rio de Janeiro - RJ, 22460-000",False,,4.3,
Baixo Bebê,,,https://instagram.com/fotografadapraia?igshid=104slulndl4x2,,fotógrafo,"Lagoa - Rio de Janeiro, RJ",,"Lagoa, Rio de Janeiro - RJ",False,,4.6,
Estúdio Jéssika Mendes Fotografia,21) 96440-4536,21) 96440-4536,https://instagram.com/fotografadapraia?igshid=104slulndl4x2,,fotógrafo,"Lagoa - Rio de Janeiro, RJ",Marechal Hermes,"Av. Gen. Osvaldo Cordeiro de Farias, 70 - sala 206 - Marechal Hermes, Rio de Janeiro - RJ, 21610-480",False,https://www.instagram.com/jessikamendesphotografia/,5.0,
Mirante Sacopã,21) 2247-9949,,https://instagram.com/fotografadapraia?igshid=104slulndl4x2,,fotógrafo,"Lagoa - Rio de Janeiro, RJ",Lagoa,"R. Tabatinguera, 404 - Lagoa, Rio de Janeiro - RJ, 22471-070",False,,4.7,
Espaço de Desenvolvimento Infantil Rubem Braga,21) 2538-1065,,,,escola,"Lagoa - Rio de Janeiro, RJ",Lagoa,"Praça Gen. Alcio Souto, 37 - Lagoa, Rio de Janeiro - RJ, 22471-310",False,,4.4,
Escola Municipal Edna Poncioni Ferreira,21) 2267-3048,,,,escola,"Lagoa - Rio de Janeiro, RJ",Lagoa,"Praça Benedito Cerqueira, S/N - Lagoa, Rio de Janeiro - RJ, 22471-000",False,,,
Escola Municipal Pedro Ernesto,21) 2535-7461,,,,escola,"Lagoa - Rio de Janeiro, RJ",Lagoa,"R. Fonte da Saudade - Lagoa, Rio de Janeiro - RJ, 22471-210",False,,,
Atchim Creche Escola,21) 2539-0046,,https://www.instagram.com/crecheatchim,,escola,"Lagoa - Rio de Janeiro, RJ",Lagoa,"R. Prof. Saldanha, 150 - Lagoa, Rio de Janeiro - RJ, 22461-220",False,https://www.instagram.com/crecheatchim,5.0,
Curso Livre de Música,21) 98327-6144,21) 98327-6144,https://www.instagram.com/yoganalagoarj?igsh=cnppNWR6a3lqeDZ3,,curso livre,"Lagoa - Rio de Janeiro, RJ",Pavuna,"R. Srg. Benevides Monte - Pavuna, Rio de Janeiro - RJ, 21520-440",False,,,
Escola de Música Dominante Music Curso Livre,21) 99717-1702,21) 99717-1702,https://www.instagram.com/yoganalagoarj?igsh=cnppNWR6a3lqeDZ3,,curso livre,"Lagoa - Rio de Janeiro, RJ",,,False,,5.0,
Yoga na Lagoa,21) 98248-8362,21) 98248-8362,https://www.instagram.com/yoganalagoarj?igsh=cnppNWR6a3lqeDZ3,,curso livre,"Lagoa - Rio de Janeiro, RJ",Lagoa,"Av. Epitácio Pessoa - Lagoa, Rio de Janeiro - RJ, 22471-003",False,https://www.instagram.com/yoganalagoarj?igsh=cnppNWR6a3lqeDZ3,5.0,
Nossa Escola de Fotografia,21) 99187-1806,21) 99187-1806,https://www.instagram.com/yoganalagoarj?igsh=cnppNWR6a3lqeDZ3,,curso livre,"Lagoa - Rio de Janeiro, RJ",Copacabana,"Rua Bulhões Carvalho, 404 - Casa 06 - Copacabana, Rio de Janeiro - RJ, 22081-000",False,,4.9,
Centro Médico Lagoa,21) 2537-2214,,https://www.instagram.com/mentalrio,,clínica médica,"Lagoa - Rio de Janeiro, RJ",Lagoa,"Rua Cícero Góis Monteiro, 15 - Lagoa, Rio de Janeiro - RJ, 22471-240",False,,5.0,
Clínica de Olhos Lagoa,21) 2535-1102,,https://www.instagram.com/lagoario_odonto,,clínica médica,"Lagoa - Rio de Janeiro, RJ",Jardim Botânico,"R. Jardim Botânico, 134 - Jardim Botânico, Rio de Janeiro - RJ, 22461-000",False,,5.0,
Hospital Municipal Miguel Couto,21) 97337-7378,21) 97337-7378,https://www.instagram.com/lagoario_odonto,,clínica médica,"Lagoa - Rio de Janeiro, RJ",Gávea,"Rua Mario Ribeiro, 117 - Gávea, Rio de Janeiro - RJ, 22430-160",False,,3.8,
Dra. Renata Pinho - Lagoa Rio Odontologia,21) 98419-0453,21) 98419-0453,https://www.instagram.com/lagoario_odonto,,clínica médica,"Lagoa - Rio de Janeiro, RJ",Jardim Botânico,"Edifício Touch - R. Jardim Botânico, 568 - 202 - Jardim Botânico, Rio de Janeiro - RJ, 22461-000",False,https://www.instagram.com/lagoario_odonto/,5.0,
Centro Médico Botafogo,21) 2535-0185,,https://www.instagram.com/lagoario_odonto,,clínica médica,"Lagoa - Rio de Janeiro, RJ",Botafogo,"R. Voluntários da Pátria, 445 - Botafogo, Rio de Janeiro - RJ, 22270-005",False,,4.4,
Gávea Medical Center,21) 3206-0431,,https://www.instagram.com/lagoario_odonto,,clínica médica,"Lagoa - Rio de Janeiro, RJ",Gávea,"Av. Padre Leonel Franca, 110 - Gávea, Rio de Janeiro - RJ, 22451-000",False,,4.1,
Clinica Lips Duarte,,,https://www.instagram.com/lagoario_odonto,,clínica médica,"Lagoa - Rio de Janeiro, RJ",Lagoa,"Av. Epitácio Pessoa, número 1674 - sala 206 - Lagoa, Rio de Janeiro - RJ, 22411-072",False,,5.0,
Espaço Facial Jardim Botânico - Harmonização Facial,21) 98281-8948,21) 98281-8948,,,harmonização facial,"Lagoa - Rio de Janeiro, RJ",Jardim Botânico,"R. Jardim Botânico, 568 - loja G - Jardim Botânico, Rio de Janeiro - RJ, 22261-070",False,,4.9,
Dra. Francine Vieira | Harmonização facial no Leblon,21) 99543-1993,21) 99543-1993,https://www.instagram.com/drafrancinevieira,,harmonização facial,"Lagoa - Rio de Janeiro, RJ",Leblon,"Av. Ataulfo de Paiva, 391 - Leblon, Rio de Janeiro - RJ, 22440-032",False,https://www.instagram.com/drafrancinevieira/,5.0,
"Vanessa Veiga | Botox, Bioestimulador e Harmonização Facial em Ipanema",21) 99757-1303,21) 99757-1303,https://www.instagram.com/dravanessaveiga?igsh=MXh1MW0ycXQ4N28wdg==,,harmonização facial,"Lagoa - Rio de Janeiro, RJ",Ipanema,"R. Maria Quitéria, 59 - 2 andar - sala 205 - Ipanema, Rio de Janeiro - RJ, 22410-040",False,https://www.instagram.com/dravanessaveiga?igsh=MXh1MW0ycXQ4N28wdg==,5.0,
Espaço Facial Botafogo - Harmonização Facial,21) 99222-1152,21) 99222-1152,https://instagram.com/espacofacial_botafogo,,harmonização facial,"Lagoa - Rio de Janeiro, RJ",Botafogo,"Praia de Botafogo, 400 - Piso 2 Loja 223 - Botafogo, Rio de Janeiro - RJ, 22250-040",False,https://instagram.com/espacofacial_botafogo,4.4,
"Dra. Caroline Fendeler | Botox, Harmonização Facial - Ipanema/Zona Sul/Rio de Janeiro/RJ",21) 99936-0949,21) 99936-0949,https://www.instagram.com/carolinefendeler,,harmonização facial,"Lagoa - Rio de Janeiro, RJ",Ipanema,"R. Visc. de Pirajá, 82 - Ipanema, Rio de Janeiro - RJ, 22410-904",False,https://www.instagram.com/carolinefendeler,5.0,
"Depilatudo_Bia ( Depilação, estética e massoterapia",21) 98925-3826,5521989253826,,,depilação a laser,"Lagoa - Rio de Janeiro, RJ",Cascadura,"R. Moisés Lilenbaum, 121 - Bl. 2 Apt.308 - Cascadura, Rio de Janeiro - RJ, 21380-040",False,,5.0,
Smart Laser - Madureira,21) 99279-5008,21) 99279-5008,https://www.instagram.com/smartlaserdepilacao,,depilação a laser,"Lagoa - Rio de Janeiro, RJ",Madureira,"Estr. do Portela, 99 - sala 1109 - Madureira, Rio de Janeiro - RJ, 21315-901",False,https://www.instagram.com/smartlaserdepilacao/,4.8,
Keyla Santos Studio | Remoção de tatuagem | Despigmentação a laser,21) 97154-0797,21) 97154-0797,https://www.instagram.com/keylasantos.studio?igsh=MWk2c3p6NXh4Y3NzcA==,,depilação a laser,"Lagoa - Rio de Janeiro, RJ",Madureira,"R. Soares Caldeira, 142 - sala 1307 - Madureira, Rio de Janeiro - RJ, 21351-080",False,https://www.instagram.com/keylasantos.studio?igsh=MWk2c3p6NXh4Y3NzcA==,5.0,
Plenus - Madureira Estética Facial e Corporal,21) 96911-7913,21) 96911-7913,https://www.instagram.com/plenusestetica,,depilação a laser,"Lagoa - Rio de Janeiro, RJ",Madureira,"R. Antônio de Abreu, 80 - sala 330 - Madureira, Rio de Janeiro - RJ, 21351-130",False,https://www.instagram.com/plenusestetica/,4.9,
Celina RJ Depilação a Laser,21) 96785-3969,21) 96785-3969,,,depilação a laser,"Lagoa - Rio de Janeiro, RJ",Ipanema,"R. Visc. de Pirajá, 351 - 10º Andar -Sala 1002 - Ipanema, Rio de Janeiro - RJ, 22410-003",False,,4.9,
Rzlaser Despigmentação e Estética,21) 99143-1894,21) 99143-1894,https://www.instagram.com/rzlaser,,depilação a laser,"Lagoa - Rio de Janeiro, RJ",Madureira,"R. Carolina Machado, 560 - Sala 621 - Madureira, Rio de Janeiro - RJ, 21351-021",False,https://www.instagram.com/rzlaser/,4.9,
NOVA ESTÉTICA & DEPILAÇÃO A LASER,21) 99531-9599,21) 99531-9599,https://www.instagram.com/novaestetica_rj?igsh=aHFnZG9sZmVtZTJx&utm_source=qr,,depilação a laser,"Lagoa - Rio de Janeiro, RJ",Del Castilho,"OFFICE 3000 - Av. Pastor Martin Luther King Jr., 126 - SALA 707 - Del Castilho, Rio de Janeiro - RJ, 20765-000",False,https://www.instagram.com/novaestetica_rj?igsh=aHFnZG9sZmVtZTJx&utm_source=qr,4.8,
Laser Fast | Rio de Janeiro/RJ - Méier,21) 98984-6114,21) 98984-6114,,,depilação a laser,"Lagoa - Rio de Janeiro, RJ",Méier,"Shopping do Méier - R. Dias da Cruz, 255 - Loja 136 - Méier, Rio de Janeiro - RJ, 20720-010",False,,3.8,
Verônica Nepomuceno (Microblading fio a fio/ micropigmentação).,,,https://www.instagram.com/p/CcNxaXZOJ-C/?igshid=YmMyMTA2M2Y=,,micropigmentação,"Lagoa - Rio de Janeiro, RJ",Del Castilho,"R. Mirassanta, 01 - 102 - Del Castilho, Rio de Janeiro - RJ, 21051-190",False,https://www.instagram.com/p/CcNxaXZOJ-C/?igshid=YmMyMTA2M2Y=,5.0,
Larissa Augusto Beauty - Micropigmentação & Cílios,21) 97968-0780,21) 97968-0780,https://www.instagram.com/invites/contact/?i=dj9ao0ztr8wx&utm_content=4otc1uy,,micropigmentação,"Lagoa - Rio de Janeiro, RJ",Madureira,"Estr. do Portela - Madureira, Rio de Janeiro - RJ, 21351-051",False,https://www.instagram.com/invites/contact/?i=dj9ao0ztr8wx&utm_content=4otc1uy,4.7,
Espaço Vip Sobrancelhas,21) 99151-4058,21) 99151-4058,https://www.instagram.com/espaco.vip.sobrancelhas,,micropigmentação,"Lagoa - Rio de Janeiro, RJ",Madureira,"R. Carolina Machado, 560 - sala 521 - Madureira, Rio de Janeiro - RJ, 21351-021",False,https://www.instagram.com/espaco.vip.sobrancelhas/,4.9,
Red Lips Micropigmentação Zona Sul,21) 96647-6587,21) 96647-6587,,,micropigmentação,"Lagoa - Rio de Janeiro, RJ",Lins de Vasconcelos,"R. Heráclito Graça, 45 - ap 119 - Lins de Vasconcelos, Rio de Janeiro - RJ, 20725-080",False,,5.0,
Ateliê Thayná Noronha | Micropigmentação | sobrancelha | Depilação | Cascadura,21) 96982-9447,21) 96982-9447,https://instagram.com/thaynasobrancelhaspmu?igshid=YmMyMTA2M2Y=,,micropigmentação,"Lagoa - Rio de Janeiro, RJ",Cascadura,"R. Cerqueira Daltro, 157 - Cascadura, Rio de Janeiro - RJ, 21380-320",False,https://instagram.com/thaynasobrancelhaspmu?igshid=YmMyMTA2M2Y=,4.9,
Luiza Campos Studio - Extensão de cílios - Sobrancelhas - Micropigmentação,21) 99535-0399,21) 99535-0399,https://www.instagram.com/luizacampos.studio?igsh=MXU5dDN4YmU4aTU3ag==&utm_source=qr,,micropigmentação,"Lagoa - Rio de Janeiro, RJ",Estácio,"R. São Cláudio, 06 - Estácio, Rio de Janeiro - RJ, 20250-060",False,https://www.instagram.com/luizacampos.studio?igsh=MXU5dDN4YmU4aTU3ag==&utm_source=qr,5.0,
Design de Sobrancelhas | Raquel Menezes | micropigmentação e cursos Copacabana rio de janeiro,21) 97359-7435,21) 97359-7435,,,micropigmentação,"Lagoa - Rio de Janeiro, RJ",Copacabana,"Av. Nossa Sra. de Copacabana, 647 - sala 514 - Copacabana, Rio de Janeiro - RJ, 22050-901",False,,5.0,
️Micropigmentação em Jacarépagua,21) 98474-2217,21) 98474-2217,,,micropigmentação,"Lagoa - Rio de Janeiro, RJ",Taquara,"Estr. do Tindiba, 3250 - Sala 308 - Taquara, Rio de Janeiro - RJ, 22725-422",False,,5.0,
Olhar Fatal Micropigmentação de sobrancelhas,21) 97236-7105,21) 97236-7105,,,micropigmentação,"Lagoa - Rio de Janeiro, RJ",Pilares,"Av. Dom Hélder Câmara, 6644 - Pilares, Rio de Janeiro - RJ, 20771-005",False,,5.0,
Studio Marília Omena - Estética Facial e Corporal,21) 99495-5171,21) 99495-5171,https://www.instagram.com/studiomariliaomena,,micropigmentação,"Lagoa - Rio de Janeiro, RJ",Jardim Sulacap,"Estrada Japoré, 1111 - Jardim Sulacap, Rio de Janeiro - RJ, 21740-031",False,https://www.instagram.com/studiomariliaomena/,5.0,
RoNaturalis - Especialista em Nano Micropigmentação de sobrancelhas,21) 97615-5696,21) 97615-5696,,,micropigmentação,"Lagoa - Rio de Janeiro, RJ",Pechincha,"R. Imuta, 116 - Pechincha, Rio de Janeiro - RJ, 22770-600",False,,5.0,
Pamela Kald Academy,21) 98160-9546,21) 98160-9546,https://instagram.com/pamelakaldpmu?igshid=MWZjMTM2ODFkZg==,,micropigmentação,"Lagoa - Rio de Janeiro, RJ",Taquara,"Estr. dos Bandeirantes, 470 Sala 734 - Taquara, Rio de Janeiro - RJ, 22710-112 - Taquara, Rio de Janeiro - RJ, 22710-112",False,https://instagram.com/pamelakaldpmu?igshid=MWZjMTM2ODFkZg==,4.9,
Micropigmentação Estética Reparadora Luciana Rocha,21) 98516-4017,21) 98516-4017,,,micropigmentação,"Lagoa - Rio de Janeiro, RJ",Praça Seca,"R. Pinto Teles, 378 - Praça Seca, Rio de Janeiro - RJ, 21341-270",False,,,
Vip Rio Micropigmentação e Estética,21) 98148-0324,21) 98148-0324,,,micropigmentação,"Lagoa - Rio de Janeiro, RJ",Bangu,"R. Ávila, 5 102 - Bangu, Rio de Janeiro - RJ, 21862-765",False,,,
Dream Design Arquitetura e Interiores,21) 99473-6966,21) 99473-6966,https://www.instagram.com/dreamdesignarq,,designer de interiores,"Lagoa - Rio de Janeiro, RJ",Pitangueiras,"R. Flávio José da Costa - Pitangueiras, Rio de Janeiro - RJ, 21930-290",False,https://www.instagram.com/dreamdesignarq/,5.0,
Guaxe Arquitetura,,,https://www.instagram.com/dreamdesignarq,,designer de interiores,"Lagoa - Rio de Janeiro, RJ",Lagoa,"Av. Epitácio Pessoa, 1674 - 201 - Lagoa, Rio de Janeiro - RJ, 22411-072",False,,5.0,
Designer de Interiores DANIELA FERRETTI,21) 96410-2220,21) 96410-2220,https://www.instagram.com/dreamdesignarq,,designer de interiores,"Lagoa - Rio de Janeiro, RJ",Recreio dos Bandeirantes,"Av. das Américas, 16385 - Loja B - Recreio dos Bandeirantes, Rio de Janeiro - RJ, 22790-703",False,,5.0,
Larissa Lomeu - Personal trainer - atendimento em academias e condomínios na Barra e Recreio,21) 99133-1064,552164166161,https://www.instagram.com/larissalomeu_personaltrainer?igsh=OXlqd3hvcHBydnFw,,personal trainer,"Lagoa - Rio de Janeiro, RJ",Barra da Tijuca,"Av. das Américas, 500 - Barra da Tijuca, Rio de Janeiro - RJ, 22776-070",False,https://www.instagram.com/larissalomeu_personaltrainer?igsh=OXlqd3hvcHBydnFw,5.0,
Costapersonal,21) 99346-1951,21) 99346-1951,https://www.instagram.com/guimaraes_ian,,personal trainer,"Lagoa - Rio de Janeiro, RJ",Recreio dos Bandeirantes,"Academia BodyTech - Av. das Américas, 19019 - Loja 3003 - Recreio dos Bandeirantes, Rio de Janeiro - RJ, 22790-703",False,,5.0,
Duda Aragão Personal trainer,21) 98010-4263,21) 98010-4263,https://www.instagram.com/guimaraes_ian,,personal trainer,"Lagoa - Rio de Janeiro, RJ",Barra Olímpica,"Estr. Cel. Pedro Corrêa, 740 - 402 - Barra Olímpica, Rio de Janeiro - RJ, 22775-090",False,,,
Gaspar - Personal Trainer Ipanema/Leblon,21) 98560-1179,21) 98560-1179,,,personal trainer,"Lagoa - Rio de Janeiro, RJ",Leblon,"Ipanema Ipanema - Leblon, Rio de Janeiro - RJ, 22410-000",False,,5.0,
PERSONAL TRAINER - OREGON,,,,,personal trainer,"Lagoa - Rio de Janeiro, RJ",Lagoa,"Av. Epitácio Pessoa - Lagoa, Rio de Janeiro - RJ, 22471-003",False,,,
Pilates Lagoa,21) 96640-1706,5521980561227,https://instagram.com/gustavobassanpreparacaofisica?igshid=1i6rzyhgay38i,,personal trainer,"Lagoa - Rio de Janeiro, RJ",Lagoa,"Av. Epitácio Pessoa, 1674 - sala 203 - Lagoa, Rio de Janeiro - RJ, 22471-000",False,https://www.instagram.com/lagoapilates/,5.0,
Simone Personal Trainer RJ,22) 99266-7007,5521980561227,https://instagram.com/gustavobassanpreparacaofisica?igshid=1i6rzyhgay38i,,personal trainer,"Lagoa - Rio de Janeiro, RJ",Leblon,"Av. Ataulfo de Paiva, 658 - sl 203 - Leblon, Rio de Janeiro - RJ, 22440-033",False,https://www.instagram.com/simonecalvano/,5.0,
Centro Médico Lagoa,21) 2537-2214,,,,consultório,"Lagoa - Rio de Janeiro, RJ",Lagoa,"Rua Cícero Góis Monteiro, 15 - Lagoa, Rio de Janeiro - RJ, 22471-240",False,,5.0,
Clínica de Olhos Lagoa,21) 2535-1102,,https://www.instagram.com/lagoario_odonto,,consultório,"Lagoa - Rio de Janeiro, RJ",Jardim Botânico,"R. Jardim Botânico, 134 - Jardim Botânico, Rio de Janeiro - RJ, 22461-000",False,,5.0,
Dra. Renata Pinho - Lagoa Rio Odontologia,21) 98419-0453,21) 98419-0453,https://www.instagram.com/lagoario_odonto,,consultório,"Lagoa - Rio de Janeiro, RJ",Jardim Botânico,"Edifício Touch - R. Jardim Botânico, 568 - 202 - Jardim Botânico, Rio de Janeiro - RJ, 22461-000",False,https://www.instagram.com/lagoario_odonto/,5.0,
Clínica Élevée,21) 98987-7295,21) 98987-7295,https://www.instagram.com/lagoario_odonto,,consultório,"Lagoa - Rio de Janeiro, RJ",Lagoa,"Av. Lineu de Paula Machado, 2448 - Lagoa, Rio de Janeiro - RJ, 22470-040",False,,,
Clinica La Spezia,21) 2029-8417,,https://www.instagram.com/lagoario_odonto,,consultório,"Lagoa - Rio de Janeiro, RJ",RJ,"Rua Jardim Botânico, 657 Sl.508/509 Jardim Botânico Rio de Janeiro, RJ CEP:, Rio de Janeiro - RJ, 22470-050",False,,,
Gávea Medical Center,21) 3206-0431,,https://www.instagram.com/lagoario_odonto,,consultório,"Lagoa - Rio de Janeiro, RJ",Gávea,"Av. Padre Leonel Franca, 110 - Gávea, Rio de Janeiro - RJ, 22451-000",False,,4.1,
Consultório Dra Regina Fernandes do Amaral,21) 2538-2891,,https://www.instagram.com/lagoario_odonto,,consultório,"Lagoa - Rio de Janeiro, RJ",Lagoa,"Av. Alexandre Ferreira, 328 - Lagoa, Rio de Janeiro - RJ, 22470-220",False,,,
Studio Pelle,21) 98800-2525,21) 98800-2525,https://www.instagram.com/rlbcliniqueleblon,,clínica de estética,"Gávea - Rio de Janeiro, RJ",Gávea,"R. Marquês de São Vicente, 52 - Loja 262 - Gávea, Rio de Janeiro - RJ, 22451-040",False,,4.8,
Clínica Gávea Duo,21) 2205-4142,,,,clínica de estética,"Gávea - Rio de Janeiro, RJ",Gávea,"R. Marquês de São Vicente, 124 - loja 234 - Gávea, Rio de Janeiro - RJ, 22451-040",False,,5.0,
Gávea Medical Center,21) 3206-0431,,,,clínica de estética,"Gávea - Rio de Janeiro, RJ",Gávea,"Av. Padre Leonel Franca, 110 - Gávea, Rio de Janeiro - RJ, 22451-000",False,,4.1,
Clínica Doutora Marize Marques Pereira,21) 3828-2950,,,,clínica de estética,"Gávea - Rio de Janeiro, RJ",Gávea,"R. João Borges, 204 - Gávea, Rio de Janeiro - RJ, 22451-100",False,,5.0,
Daniela Bandeira Terapias e Estética,21) 99809-3419,21) 99809-3419,,,clínica de estética,"Gávea - Rio de Janeiro, RJ",Gávea,"e Copacabana - R. Marquês de São Vicente, 124 - Gávea, Rio de Janeiro - RJ, 22451-040",False,,5.0,
Studio Eliete - (Shopping da Gávea),21) 99555-8081,21) 99555-8081,,,salão premium,"Gávea - Rio de Janeiro, RJ",Gávea,"R. Marquês de São Vicente, 52 - Loja: 305 - Gávea, Rio de Janeiro - RJ, 22451-040",False,,4.6,
Salão de festas Espaço West Prime,21) 99742-2867,21) 99742-2867,https://www.instagram.com/espaco_prime_oficial,,salão premium,"Gávea - Rio de Janeiro, RJ",Bangu,"R. Pedro Pomar, 130 - Bangu, Rio de Janeiro - RJ, 21852-620",False,,5.0,
Espaço Prime Salão de Festas,21) 97016-0984,21) 97016-0984,https://www.instagram.com/espaco_prime_oficial,,salão premium,"Gávea - Rio de Janeiro, RJ",Brás de Pina,"Av. Antenor Navarro, 368 - Brás de Pina, Rio de Janeiro - RJ, 21012-250",False,https://www.instagram.com/espaco_prime_oficial/,4.6,
ESPAÇO LMM - Eventos e Comemorações,21) 98784-7340,21) 98784-7340,https://www.instagram.com/mysticsalao?igsh=MTFmanlveXJhaGk4bg==,,salão premium,"Gávea - Rio de Janeiro, RJ",Paciência,"RUA AGAÍ, lote: 7, quadra: 14 Ao lado da Padaria Princesinha da AGAÍ - Paciência, Rio de Janeiro - RJ, 23065-620",False,,4.7,
Salão de Festas Prime Hall,,,https://www.instagram.com/mysticsalao?igsh=MTFmanlveXJhaGk4bg==,,salão premium,"Gávea - Rio de Janeiro, RJ",Campo Grande,"R. Caxias do Sul, 28 - Campo Grande, Rio de Janeiro - RJ, 23090-010",False,,,
Espaço festejar vip,21) 99576-6772,21) 99576-6772,https://www.instagram.com/mysticsalao?igsh=MTFmanlveXJhaGk4bg==,,salão premium,"Gávea - Rio de Janeiro, RJ",Inhoaíba,"Rua Esmeralda de Ana Gonzaga Quadra 25 Lote1 - Inhoaíba, Rio de Janeiro - RJ, 23059-489",False,https://instagram.com/espacofestejar.vip?igshid=YmMyMTA2M2Y=,4.7,
THAYSSA MORAES - studio premium,21) 98598-7145,21) 98598-7145,https://www.instagram.com/mysticsalao?igsh=MTFmanlveXJhaGk4bg==,,salão premium,"Gávea - Rio de Janeiro, RJ",Sepetiba,"R. da Floresta, 1280 - Sepetiba, Rio de Janeiro - RJ, 23540-433",False,https://www.instagram.com/thayssamoraes_studiopremium?igsh=MW4ydDdwYzlyZzBzbQ==&utm_source=qr,,
Arena Premium,21) 97737-4456,21) 97737-4456,https://www.instagram.com/mysticsalao?igsh=MTFmanlveXJhaGk4bg==,,salão premium,"Gávea - Rio de Janeiro, RJ",Cosmos,"R. Cosmos, 415 - Cosmos, Rio de Janeiro - RJ, 23060-400",False,https://www.instagram.com/arenapremiumbar/,4.4,
Jura Barber Gold,21) 96650-8588,21) 96650-8588,,,barbearia premium,"Gávea - Rio de Janeiro, RJ",Gávea,"R. Marquês de São Vicente, 75 - Loja 101 - Gávea, Rio de Janeiro - RJ, 22451-041",False,,5.0,
CSM Integrada | Produtos Odontológicos e Clareamento Dental,21) 97922-6419,21) 97922-6419,https://www.instagram.com/csm_integrada,,dentista,"Gávea - Rio de Janeiro, RJ",Gávea,"R. Marquês de São Vicente - Gávea, Rio de Janeiro - RJ, 22451-040",False,https://www.instagram.com/csm_integrada/,5.0,
Gávea Dental,21) 99873-1288,21) 99873-1288,https://www.instagram.com/csm_integrada,,dentista,"Gávea - Rio de Janeiro, RJ",Gávea,"Av. Padre Leonel Franca, 110 - Sala 301 - Gávea, Rio de Janeiro - RJ, 22451-000",False,,5.0,
OrtoGávea,21) 2239-9709,,https://www.instagram.com/csm_integrada,,dentista,"Gávea - Rio de Janeiro, RJ",Gávea,"R. Marquês de São Vicente, 124 - Loja 221 - Gávea, Rio de Janeiro - RJ, 22451-040",False,,5.0,
Canofi Odontologia & Estética,21) 99775-0686,21964469085,https://www.instagram.com/csm_integrada,,dentista,"Gávea - Rio de Janeiro, RJ",Gávea,"Estr. da Gávea, 25 - Gávea, Rio de Janeiro - RJ, 22451-262",False,https://www.instagram.com/canofi_estetica?igsh=c3MzcThxNnQyejNx,5.0,
Dra. Ticiana Marzano,21) 98848-9709,5521980806711,https://www.instagram.com/csm_integrada,,dentista,"Gávea - Rio de Janeiro, RJ",Gávea,"R. Marquês de São Vicente, 124 - sala 221 - Gávea, Rio de Janeiro - RJ, 22451-040",False,,5.0,
Dr. Rafael Meira Pimentel - Bucomaxilofacial Adulto &Pediátrico / DTM / Estomatologia / Ortognática,21) 97129-7064,5521980806711,https://www.instagram.com/csm_integrada,,dentista,"Gávea - Rio de Janeiro, RJ",Gávea,"R. Marquês de São Vicente, 52 - 5º piso - Gávea, Rio de Janeiro - RJ, 22451-040",False,,5.0,
Dr. Marcelo José Braga Pinhão,21) 2274-6795,5521980806711,https://www.instagram.com/csm_integrada,,dentista,"Gávea - Rio de Janeiro, RJ",Gávea,"R. Marquês de São Vicente, 124 - Gávea, Rio de Janeiro - RJ, 22451-040",False,,5.0,
Sorria Rocinha,21) 99554-5515,5521980806711,https://www.instagram.com/csm_integrada,,dentista,"Gávea - Rio de Janeiro, RJ",Rocinha,"Estr. da Gávea, 558/201 - Rocinha, Rio de Janeiro - RJ, 22451-272",False,http://instagram.com/@sorriarocinha_,4.9,
Psicóloga Danielle Domingues CRP 05/63202,,5521989570620,https://www.instagram.com/gabriella.colonese,,psicólogo,"Gávea - Rio de Janeiro, RJ",Gávea,"R. Artur Araripe - Gávea, Rio de Janeiro - RJ, 22451-020",False,,5.0,
Psicóloga Gabriella Colonese,21) 97102-9111,21) 97102-9111,https://www.instagram.com/gabriella.colonese,,psicólogo,"Gávea - Rio de Janeiro, RJ",Gávea,"R. Marquês de São Vicente, 37 - Gávea, Rio de Janeiro - RJ, 22451-041",False,https://www.instagram.com/gabriella.colonese/,5.0,
Maria Luísa Alcântara - Psicóloga CRP 05/79844 e Psicanalista,21) 99961-5754,21) 99961-5754,https://www.instagram.com/gabriella.colonese,,psicólogo,"Gávea - Rio de Janeiro, RJ",Gávea,"R. das Acácias, 44 - Gávea, Rio de Janeiro - RJ, 22451-060",False,,,
Psicanalista,21) 99667-8538,21) 99667-8538,https://www.instagram.com/gabriella.colonese,,psicólogo,"Gávea - Rio de Janeiro, RJ",Gávea,"R. Marquês de São Vicente, 124 - Gávea, Rio de Janeiro - RJ, 22451-040",False,,4.9,
Giovanna Lima Psicóloga Jardim Botânico Gávea,21) 96504-9851,5521981645556,https://www.instagram.com/gabriella.colonese,,psicólogo,"Gávea - Rio de Janeiro, RJ",Jardim Botânico,"R. Jardim Botânico, 700 - Jardim Botânico, Rio de Janeiro - RJ, 22461-000",False,https://www.instagram.com/psigiovannalima,5.0,
Carolina | Psicóloga Online,21) 96563-7300,21) 96563-7300,https://www.instagram.com/gabriella.colonese,,psicólogo,"Gávea - Rio de Janeiro, RJ",Gávea,"Estr. da Gávea - Gávea, Rio de Janeiro - RJ, 22451-271",False,,,
Gávea,21) 98802-3364,21) 98802-3364,https://www.instagram.com/gabriella.colonese,,psicólogo,"Gávea - Rio de Janeiro, RJ",Gávea,"R. Emb. Carlos Taylor, 73 - Casa 105 - Gávea, Rio de Janeiro - RJ, 22793-260",False,,5.0,
Consultório Particular de Psicologia,21) 97925-1661,21) 97925-1661,https://www.instagram.com/gabriella.colonese,,psicólogo,"Gávea - Rio de Janeiro, RJ",Gávea,"R. Vice-Governador Rúbens Berardo, 125 - BL01/504 - Gávea, Rio de Janeiro - RJ, 22451-070",False,,,
Mariana Cardin | Psicóloga Clínica,21) 97202-5837,21) 97202-5837,https://www.instagram.com/gabriella.colonese,,psicólogo,"Gávea - Rio de Janeiro, RJ",Leblon,"R. Gen. Venâncio Flores - Leblon, Rio de Janeiro - RJ, 22431-040",False,,5.0,
Nutricionista Gávea,21) 96951-1164,21) 96951-1164,https://instagram.com/nutricionista.michellevieira?utm_medium=copy_link,,nutricionista,"Gávea - Rio de Janeiro, RJ",Gávea,"R. Marquês de São Vicente, 140 - sala 204 - Gávea, Rio de Janeiro - RJ, 22451-042",False,https://instagram.com/nutricionista.michellevieira?utm_medium=copy_link,,
Nutricionista Danielle Dias Zona Sul RJ,21) 99222-2134,21) 99222-2134,https://instagram.com/nutricionista.michellevieira?utm_medium=copy_link,,nutricionista,"Gávea - Rio de Janeiro, RJ",Gávea,"R. Marquês de São Vicente, 140 - Gávea, Rio de Janeiro - RJ, 22451-042",False,,5.0,
Juliana Coelho,21) 2545-4458,,https://instagram.com/nutricionista.michellevieira?utm_medium=copy_link,,nutricionista,"Gávea - Rio de Janeiro, RJ",Gávea,"R. Marquês de São Vicente, 52 - 5o andar - Sala 514 - Gávea, Rio de Janeiro - RJ, 22451-040",False,,5.0,
ATFISIO,21) 99656-9889,21) 99656-9889,https://www.instagram.com/reabilitacaovetgavea,,fisioterapeuta,"Gávea - Rio de Janeiro, RJ",Gávea,"Est. Santa Marinha, 48 - Gávea, Rio de Janeiro - RJ, 22451-240",False,,5.0,
Fisioterapia Integrativa JB,21) 98212-7575,5521982127575,https://www.instagram.com/reabilitacaovetgavea,,fisioterapeuta,"Gávea - Rio de Janeiro, RJ",Jardim Botânico,"R. Jardim Botânico, 657 - Sala 412 - Jardim Botânico, Rio de Janeiro - RJ, 22470-050",False,,5.0,
Clínica Novitari,21) 3204-7154,,https://www.instagram.com/reabilitacaovetgavea,,fisioterapeuta,"Gávea - Rio de Janeiro, RJ",São Conrado,"Estr. da Gávea, 847 - Loja 112 - São Conrado, Rio de Janeiro - RJ, 22610-001",False,,5.0,
FisioFocus,,5521996173172,https://www.instagram.com/reabilitacaovetgavea,,fisioterapeuta,"Gávea - Rio de Janeiro, RJ",Jardim Botânico,"R. Jardim Botânico, 657 - sala 209 - Jardim Botânico, Rio de Janeiro - RJ, 22470-050",False,,5.0,
Consultório de Fisioterapia Dr Augusto Cézar Néri,21) 2294-8436,,https://www.instagram.com/reabilitacaovetgavea,,fisioterapeuta,"Gávea - Rio de Janeiro, RJ",Jardim Botânico,"R. Jardim Botânico, 674 - Sala 622 - Jardim Botânico, Rio de Janeiro - RJ, 22461-000",False,,5.0,
Gávea Medical Center,21) 3206-0431,,https://www.instagram.com/reabilitacaovetgavea,,fisioterapeuta,"Gávea - Rio de Janeiro, RJ",Gávea,"Av. Padre Leonel Franca, 110 - Gávea, Rio de Janeiro - RJ, 22451-000",False,,4.1,
Equitar Therapies - Jockey,21) 3177-0383,,https://www.instagram.com/reabilitacaovetgavea,,fisioterapeuta,"Gávea - Rio de Janeiro, RJ",Gávea,"Rua Mario Ribeiro, 410 - Gávea, Rio de Janeiro - RJ, 22471-230",False,,4.4,
Clinica Leonardo Moraes - Fisiotarapia - RPG - Pilates - Osteopatia,21) 99472-0778,https://api.whatsapp.com/send?phone=5521994720778,https://www.instagram.com/reabilitacaovetgavea,,fisioterapeuta,"Gávea - Rio de Janeiro, RJ",Jardim Botânico,"R. Jardim Botânico, 700 - sala 520 - Jardim Botânico, Rio de Janeiro - RJ, 22461-002",False,https://www.instagram.com/clinicaleonardomoraes/,5.0,
Pilates Gávea,21) 3875-8172,,,,pilates,"Gávea - Rio de Janeiro, RJ",Gávea,"Praça Santos Dumont, 62 - Gávea, Rio de Janeiro - RJ, 22470-060",False,,5.0,
Studio ON Pilates,21) 96510-0848,21) 96510-0848,,,pilates,"Gávea - Rio de Janeiro, RJ",Rocinha,"Subida do Doutor Mário( ao lado do bar recanto dos amigos - Estr. da Gávea, 454 - bloco 5 - Rocinha, Rio de Janeiro - RJ, 22450-260",False,,5.0,
LeGym,21) 3518-7202,,,,pilates,"Gávea - Rio de Janeiro, RJ",Gávea,"Praça Santos Dumont, 62 - Gávea, Rio de Janeiro - RJ, 22470-060",False,,4.6,
LeGym,21) 3518-7202,,,,academia boutique,"Gávea - Rio de Janeiro, RJ",Gávea,"Praça Santos Dumont, 62 - Gávea, Rio de Janeiro - RJ, 22470-060",False,,4.6,
Getup Boutique Gym Recreio,21) 97215-0490,21) 97215-0490,,,academia boutique,"Gávea - Rio de Janeiro, RJ",Recreio dos Bandeirantes,"Av. Guilherme de Almeida, 138 - Recreio dos Bandeirantes, Rio de Janeiro - RJ, 22790-100",False,,5.0,
TOTAL FITT ACADEMIA - BARRA DA TIJUCA,21) 98547-0844,21) 98547-0844,,,academia boutique,"Gávea - Rio de Janeiro, RJ",Barra da Tijuca,"Av. das Américas, 12700 - Barra da Tijuca, Rio de Janeiro - RJ, 22790-702",False,,4.9,
"Patricia Ribeiro - Design de Sobrancelhas, Depilação e Estética Facial",21) 98561-8611,21) 98561-8611,,,studio de sobrancelha,"Gávea - Rio de Janeiro, RJ",Gávea,"Gávea Trade Center - R. Marquês de São Vicente, 124 - Loja 106 - Gávea, Rio de Janeiro - RJ, 22451-040",False,,4.7,
Braba Beauty Studio Rocinha,21) 99117-4177,21) 99117-4177,https://www.instagram.com/brababeauty.cilios?igsh=MW5uYW9vNDJlb2J5bA%3D%3D&utm_source=qr,,studio de sobrancelha,"Gávea - Rio de Janeiro, RJ",São Conrado,"Estr. da Gávea, 558 - São Conrado, Rio de Janeiro - RJ, 22451-271",False,https://www.instagram.com/brababeauty.cilios?igsh=MW5uYW9vNDJlb2J5bA%3D%3D&utm_source=qr,5.0,
Studio Eliete - (Shopping da Gávea),21) 99555-8081,21) 99555-8081,,,studio de sobrancelha,"Gávea - Rio de Janeiro, RJ",Gávea,"R. Marquês de São Vicente, 52 - Loja: 305 - Gávea, Rio de Janeiro - RJ, 22451-040",False,,4.6,
Studio Kaísily Vicente,21) 98364-2038,21) 98364-2038,https://instagram.com/kah._designer?igshid=MDM4ZDc5MmU=,,studio de sobrancelha,"Gávea - Rio de Janeiro, RJ",Rocinha,"Estr. da Gávea, 205 - Rocinha, Rio de Janeiro - RJ, 22451-264",False,https://instagram.com/kah._designer?igshid=MDM4ZDc5MmU=,5.0,
Daphine Ferreira Beauty,,,,,studio de sobrancelha,"Gávea - Rio de Janeiro, RJ",Rocinha,"Cesário (Próximo à Creche Maria Maria - Estr. da Gávea, Rua 1 - Rocinha, Rio de Janeiro - RJ, 22451-450",False,,5.0,
Studio Butterfly Beauty,21) 99068-0578,21) 99068-0578,,,studio de sobrancelha,"Gávea - Rio de Janeiro, RJ",São Conrado,"Estr. da Gávea - São Conrado, Rio de Janeiro - RJ, 24451-271",False,,,
Base Beleza Spa,21) 97604-1618,21) 97604-1618,http://instagram.com/base_belezaspa,,studio de sobrancelha,"Gávea - Rio de Janeiro, RJ",Gávea,"R. Marquês de São Vicente, 52 - Loja 247 - Gávea, Rio de Janeiro - RJ, 22451-040",False,http://instagram.com/base_belezaspa,4.8,
Cílios & Sobrancelhas | Gabi Maricato- Recreio dos Bandeirantes,21) 97233-8340,21) 97233-8340,https://www.instagram.com/ciliosdegabii?igsh=cmV1N2czcGxpcmh2,,studio de cílios,"Gávea - Rio de Janeiro, RJ",Recreio dos Bandeirantes,"Shopping Vértice Mall - Av. Miguel Antônio Fernandes, 1333 - Bloco A - Sala 518 - Recreio dos Bandeirantes, Rio de Janeiro - RJ, 22790-682",False,https://www.instagram.com/ciliosdegabii?igsh=cmV1N2czcGxpcmh2,5.0,
"Patricia Ribeiro - Design de Sobrancelhas, Depilação e Estética Facial",21) 98561-8611,21) 98561-8611,,,studio de cílios,"Gávea - Rio de Janeiro, RJ",Gávea,"Gávea Trade Center - R. Marquês de São Vicente, 124 - Loja 106 - Gávea, Rio de Janeiro - RJ, 22451-040",False,,4.7,
Luiza Campos Studio - Extensão de cílios - Sobrancelhas - Micropigmentação,21) 99535-0399,21) 99535-0399,https://www.instagram.com/luizacampos.studio?igsh=MXU5dDN4YmU4aTU3ag==&utm_source=qr,,studio de cílios,"Gávea - Rio de Janeiro, RJ",Estácio,"R. São Cláudio, 06 - Estácio, Rio de Janeiro - RJ, 20250-060",False,https://www.instagram.com/luizacampos.studio?igsh=MXU5dDN4YmU4aTU3ag==&utm_source=qr,5.0,
Braba Beauty Studio Rocinha,21) 99117-4177,21) 99117-4177,https://www.instagram.com/brababeauty.cilios?igsh=MW5uYW9vNDJlb2J5bA%3D%3D&utm_source=qr,,studio de cílios,"Gávea - Rio de Janeiro, RJ",São Conrado,"Estr. da Gávea, 558 - São Conrado, Rio de Janeiro - RJ, 22451-271",False,https://www.instagram.com/brababeauty.cilios?igsh=MW5uYW9vNDJlb2J5bA%3D%3D&utm_source=qr,5.0,
Stephanie Caetano extensão de cílios,,,,,studio de cílios,"Gávea - Rio de Janeiro, RJ",Rocinha,"Estr. da Gávea, 561 - Rocinha, Rio de Janeiro - RJ, 22451-262",False,,,
Duda Melo - Lash Designer,21) 99244-9321,21) 99244-9321,,,studio de cílios,"Gávea - Rio de Janeiro, RJ",Rocinha,"Estr. da Gávea, 407 - Rocinha, Rio de Janeiro - RJ, 22451-269",False,,5.0,
Ilas Studio - Extensão de Cílios e Sobrancelhas - Taquara - RJ,21) 99812-9092,21) 99812-9092,https://www.instagram.com/ilas_studio?igsh=MTNoOTRpOWVlOHpscA==,,studio de cílios,"Gávea - Rio de Janeiro, RJ",Taquara,"Estr. Rodrigues Caldas, 1850 - sl 203 - Taquara, Rio de Janeiro - RJ, 22713-375",False,https://www.instagram.com/ilas_studio?igsh=MTNoOTRpOWVlOHpscA==,5.0,
Nusa Martins Studio Lash,21) 98869-9730,21) 98869-9730,,,studio de cílios,"Gávea - Rio de Janeiro, RJ",Rocinha,"Estr. da Gávea, 561 - sala 208 - Rocinha, Rio de Janeiro - RJ, 22451-265",False,,5.0,
Espaço Lorrana Cílios,21) 98383-9102,5521983839102,https://www.instagram.com/cilios_lorrana_?igsh=MTRjdGg0MmVvZ3docw==&utm_source=qr,,studio de cílios,"Gávea - Rio de Janeiro, RJ",Freguesia (Jacarepaguá),"R. Tirol, 1364 - Freguesia (Jacarepaguá), Rio de Janeiro - RJ, 22750-008",False,https://www.instagram.com/cilios_lorrana_?igsh=MTRjdGg0MmVvZ3docw==&utm_source=qr,4.9,
Studio de Cílios - Ste Rodrigues,21) 96898-3745,21) 96898-3745,https://www.instagram.com/sterodrigues.lash?igsh=cXhzdmg3a3Ftb3Rl&utm_source=qr,,studio de cílios,"Gávea - Rio de Janeiro, RJ",Curicica,"R. Juranda, 388 - Curicica, Rio de Janeiro - RJ, 22710-191",False,https://www.instagram.com/sterodrigues.lash?igsh=cXhzdmg3a3Ftb3Rl&utm_source=qr,5.0,
Viviane Lash,21) 96757-3365,21) 96757-3365,https://www.instagram.com/vivianelash1?igsh=dGo2dmRpamd1OWk0&utm_source=qr,,studio de cílios,"Gávea - Rio de Janeiro, RJ",Rocinha,"Estr. da Gávea, 385 - Rocinha, Rio de Janeiro - RJ, 22451-269",False,,5.0,
Power Lash Studio de Extensão de Cílios,21) 97635-3004,21) 97635-3004,https://www.instagram.com/paulamoreiracilios?igsh=NjBsMXZjbmcxajN5&utm_source=qr,,studio de cílios,"Gávea - Rio de Janeiro, RJ",Freguesia (Jacarepaguá),"R. Tirol, 536 - Sala 313 - Freguesia (Jacarepaguá), Rio de Janeiro - RJ, 22750-009",False,https://www.instagram.com/paulamoreiracilios?igsh=NjBsMXZjbmcxajN5&utm_source=qr,5.0,
Studio Cílios por Suzana Araújo - Lash Store,21) 97018-9017,5521970189017,,,studio de cílios,"Gávea - Rio de Janeiro, RJ",Freguesia (Jacarepaguá),"Estr. do Gabinal, 313 - Loja 185A - Freguesia (Jacarepaguá), Rio de Janeiro - RJ, 22760-151",False,,5.0,
Gabriela Fonseca / extensão de cílios barra da tijuca,21) 99599-1012,21) 99599-1012,,,studio de cílios,"Gávea - Rio de Janeiro, RJ",Barra da Tijuca,"Av. das Américas, 4200 - Barra da Tijuca, Rio de Janeiro - RJ, 22631-250",False,,5.0,
Studio Ariele Ferreira Beauty | Barra Olímpica,21) 99431-9841,21) 99431-9841,,,studio de cílios,"Gávea - Rio de Janeiro, RJ",Barra da Tijuca,"Estr. Cel. Pedro Corrêa, 740 - Sala 311 - Barra da Tijuca, Rio de Janeiro - RJ, 22775-090",False,,5.0,
Carla Figueiredo Lash Designer/ cílios/ Sombrancelha,21) 99531-0061,21) 99531-0061,,,studio de cílios,"Gávea - Rio de Janeiro, RJ",Barra Olímpica,"Estr. Cel. Pedro Corrêa, 740 - Sala 719 - Barra Olímpica, Rio de Janeiro - RJ, 22775-090",False,,5.0,
Marina | Maquiadora | Cílios,21) 97484-2945,21) 97484-2945,https://instagram.com/mariilashmakeup?utm_medium=copy_link,,studio de cílios,"Gávea - Rio de Janeiro, RJ",Freguesia (Jacarepaguá),"Em frente ao Armazén Urbano - R. Araguaia, 1055 - Freguesia (Jacarepaguá), Rio de Janeiro - RJ, 22745-271",False,https://instagram.com/mariilashmakeup?utm_medium=copy_link,5.0,
Cílios & Sobrancelhas | Gabi Maricato- Recreio dos Bandeirantes,21) 97233-8340,21) 97233-8340,https://www.instagram.com/ciliosdegabii?igsh=cmV1N2czcGxpcmh2,,lash designer,"Gávea - Rio de Janeiro, RJ",Recreio dos Bandeirantes,"Shopping Vértice Mall - Av. Miguel Antônio Fernandes, 1333 - Bloco A - Sala 518 - Recreio dos Bandeirantes, Rio de Janeiro - RJ, 22790-682",False,https://www.instagram.com/ciliosdegabii?igsh=cmV1N2czcGxpcmh2,5.0,
Studio Patricia Santos Beauty,21) 97697-9238,21) 97697-9238,https://instagram.com/patriciasts_beauty?igshid=YmMyMTA2M2Y=,,lash designer,"Gávea - Rio de Janeiro, RJ",Pantanal,"Rua Leopoldo Fróis, 3 - quadra 70 - Pantanal, Duque de Caxias - RJ, 25040-325",False,https://instagram.com/patriciasts_beauty?igshid=YmMyMTA2M2Y=,5.0,
LASH DESIGNER MAYARA ALVES - EXTENSÃO DE CÍLIOS,21) 99315-9914,21) 99315-9914,https://instagram.com/lashmayaraa,,lash designer,"Gávea - Rio de Janeiro, RJ",Outeiro,"R. Agenor de Lima, 668 - lote 17 quadra D - Outeiro, Belford Roxo - RJ, 26185-360",False,https://instagram.com/lashmayaraa,5.0,
Hozi Rocha - Lash Designer,21) 98396-4588,21) 98396-4588,https://www.instagram.com/hozi.lashdesigner?igsh=ajcwa2ZkN3Bicjl4,,lash designer,"Gávea - Rio de Janeiro, RJ",Vidigal,"R. Maj. Toja Martinez Filho, 149 B - Vidigal, Rio de Janeiro - RJ, 22450-270",False,https://www.instagram.com/hozi.lashdesigner?igsh=ajcwa2ZkN3Bicjl4,5.0,
Studio Ingridi Klimaschenski-Lash Designer,,,,,lash designer,"Gávea - Rio de Janeiro, RJ",Jardim Limeira,"Estr. Aníbal da Mota, 2 - quadra 3 - Jardim Limeira, Belford Roxo - RJ, 26190-083",False,,5.0,
Duda Melo - Lash Designer,21) 99244-9321,21) 99244-9321,,,lash designer,"Gávea - Rio de Janeiro, RJ",Rocinha,"Estr. da Gávea, 407 - Rocinha, Rio de Janeiro - RJ, 22451-269",False,,5.0,
Lash designer M.C.R,21) 98648-4270,21) 98648-4270,,,lash designer,"Gávea - Rio de Janeiro, RJ",Jardim Gláucia,"Av. Automóvel Clube, 131 - Jardim Gláucia, Belford Roxo - RJ, 26160-000",False,,,
Studio Mari Firmino Lash designer,21) 97262-7831,21) 97262-7831,,,lash designer,"Gávea - Rio de Janeiro, RJ",Vila São João,"Av. Casimiro de Abreu, 85 - Vila São João, São João de Meriti - RJ, 25570-330",False,,5.0,
Gabriella lash designer( extension),21) 99741-9524,21) 99741-9524,https://www.instagram.com/gabrielaa_lashh?igsh=MWo0OTMzdWgzMzB4Zg%3D%3D&utm_source=qr,,lash designer,"Gávea - Rio de Janeiro, RJ",Rocinha,"Tv. Aníbal Félix - Rocinha, Rio de Janeiro - RJ, 22451-264",False,https://www.instagram.com/gabrielaa_lashh?igsh=MWo0OTMzdWgzMzB4Zg%3D%3D&utm_source=qr,5.0,
Andressa lash Designer,21) 98269-4368,21) 98269-4368,,,lash designer,"Gávea - Rio de Janeiro, RJ",Gramacho,"R. Japurá, 160 - Gramacho, Duque de Caxias - RJ, 25050-320",False,,,
LORENA LIMA | LASH DESIGN,21) 96502-5349,21) 96502-5349,https://www.instagram.com/lorenalima.lash_?igsh=MTZiYWhzOXNpdGxjMA==,,lash designer,"Gávea - Rio de Janeiro, RJ",Campos Eliseos,"R. Clara Nunes - Campos Eliseos, Duque de Caxias - RJ, 25040-673",False,https://www.instagram.com/lorenalima.lash_?igsh=MTZiYWhzOXNpdGxjMA==,5.0,
"Patricia Ribeiro - Design de Sobrancelhas, Depilação e Estética Facial",21) 98561-8611,21) 98561-8611,,,lash designer,"Gávea - Rio de Janeiro, RJ",Gávea,"Gávea Trade Center - R. Marquês de São Vicente, 124 - Loja 106 - Gávea, Rio de Janeiro - RJ, 22451-040",False,,4.7,
Lash designer|Gabrielly Gazolla,,,,,lash designer,"Gávea - Rio de Janeiro, RJ",Vila Centenario,"R. Francisca Tomé, 915 - Vila Centenario, Duque de Caxias - RJ, 25030-210",False,,,
Lash Designer,21) 97565-8711,21) 97565-8711,,,lash designer,"Gávea - Rio de Janeiro, RJ",Anil,"Estr. de Jacarepaguá - Anil, Rio de Janeiro - RJ, 22723-730",False,,4.0,
Fabiane lash Designer,21) 96426-8294,21) 96426-8294,https://www.instagram.com/fabianedepaulamicro?igsh=MWw4YWxub2hweXo2bg==,,lash designer,"Gávea - Rio de Janeiro, RJ",Vila Leopoldina,"R. Virgílio de Melo Franco, 226 - Vila Leopoldina, Duque de Caxias - RJ, 26060-060",False,https://www.instagram.com/fabianedepaulamicro?igsh=MWw4YWxub2hweXo2bg==,,
Studio Lash Design,21) 99487-6993,21) 99487-6993,http://instagram.com/studio.lashdesign,,lash designer,"Gávea - Rio de Janeiro, RJ",Tijuca,"Rua - R. Almirante Cochrane, 280 - sala 302 - Tijuca, Rio de Janeiro - RJ, 20550-040",False,http://instagram.com/studio.lashdesign,4.9,
Lash lifting | Brow lamination | Remoção a laser de micropigmentação e tattoo Rio de Janeiro RJ - Renata Machado Beauty,21) 96640-7312,21) 96640-7312,https://www.instagram.com/renatamachadobeauty?igsh=cTQzdDg3NGp5NXl4,,lash designer,"Gávea - Rio de Janeiro, RJ",Botafogo,"R. Voluntários da Pátria, 190 - sala 722 - Botafogo, Rio de Janeiro - RJ, 22270-902",False,https://www.instagram.com/renatamachadobeauty?igsh=cTQzdDg3NGp5NXl4,5.0,
Yana Braz Studio,,,,,lash designer,"Gávea - Rio de Janeiro, RJ",Vila Leopoldina,"R. Rio Preto, 1626 - Vila Leopoldina, Duque de Caxias - RJ, 25035-390",False,,5.0,
Braba Beauty Studio Rocinha,21) 99117-4177,21) 99117-4177,https://www.instagram.com/brababeauty.cilios?igsh=MW5uYW9vNDJlb2J5bA%3D%3D&utm_source=qr,,lash designer,"Gávea - Rio de Janeiro, RJ",São Conrado,"Estr. da Gávea, 558 - São Conrado, Rio de Janeiro - RJ, 22451-271",False,https://www.instagram.com/brababeauty.cilios?igsh=MW5uYW9vNDJlb2J5bA%3D%3D&utm_source=qr,5.0,
Boutique Hotel Gávea Tropical,21) 97547-0939,21) 97547-0939,http://instagram.com/base_belezaspa,,spa,"Gávea - Rio de Janeiro, RJ",Gávea,"R. Sérgio Porto, 85 - Gávea, Rio de Janeiro - RJ, 22451-430",False,,4.1,
Base Beleza Spa,21) 97604-1618,21) 97604-1618,http://instagram.com/base_belezaspa,,spa,"Gávea - Rio de Janeiro, RJ",Gávea,"R. Marquês de São Vicente, 52 - Loja 247 - Gávea, Rio de Janeiro - RJ, 22451-040",False,http://instagram.com/base_belezaspa,4.8,
Julio Braga Massage Spa,21) 96410-8703,21) 96410-8703,http://instagram.com/base_belezaspa,,spa,"Gávea - Rio de Janeiro, RJ",Leblon,"R. Alm. Pereira Guimarães, 72 - Leblon, Rio de Janeiro - RJ, 20440-005",False,,5.0,
Vila Parque Studio - Massagem Relaxante,21) 99130-2008,5521991302008,http://instagram.com/base_belezaspa,,spa,"Gávea - Rio de Janeiro, RJ",Gávea,"Est. Santa Marinha, 59 - sala 104 - Gávea, Rio de Janeiro - RJ, 22451-240",False,,5.0,
Braseiro da Gávea,21) 2239-7494,,,,restaurante,"Gávea - Rio de Janeiro, RJ",Gávea,"Praça Santos Dumont, 116 - Loja A - Gávea, Rio de Janeiro - RJ, 22470-060",False,,4.5,
Restaurante e Bar Garota da Gávea,21) 2274-2347,,,,restaurante,"Gávea - Rio de Janeiro, RJ",Gávea,"Praça Santos Dumont, 148 - Gávea, Rio de Janeiro - RJ, 22470-060",False,,4.3,
Restaurante sabor na brasa,,,,,restaurante,"Gávea - Rio de Janeiro, RJ",Gávea,"Estr. da Gávea - Gávea, Rio de Janeiro - RJ, 22451-269",False,,4.8,
Puli Trattoria,21) 3851-7373,,,,restaurante,"Gávea - Rio de Janeiro, RJ",Gávea,"R. Marquês de São Vicente, 90 - Gávea, Rio de Janeiro - RJ, 22451-040",False,,4.8,
Boutique do Mar,21) 99519-0105,21) 99519-0105,https://instagram.com/boutiquedomargavea?igshid=YmMyMTA2M2Y=,,restaurante,"Gávea - Rio de Janeiro, RJ",Gávea,"Praça Santos Dumont, 6b - Gávea, Rio de Janeiro - RJ, 22470-060",False,https://instagram.com/boutiquedomargavea?igshid=YmMyMTA2M2Y=,4.8,
Sebastian Gastrobar,,https://api.whatsapp.com/send?phone=5521966224885,,,restaurante,"Gávea - Rio de Janeiro, RJ",Gávea,"R. dos Oitis, 6 - Loja - A - Gávea, Rio de Janeiro - RJ, 22451-050",False,,4.4,
Le Bon Café Gávea,21) 3449-5681,,,,restaurante,"Gávea - Rio de Janeiro, RJ",Gávea,"SHOPPING DA GAVEA - R. Marquês de São Vicente, 52 - LOJA 154 - Gávea, Rio de Janeiro - RJ, 22451-901",False,,4.7,
Bar Gavea,21) 2259-4647,,,,restaurante,"Gávea - Rio de Janeiro, RJ",Gávea,"R. Marquês de São Vicente, N°154 - Gávea, Rio de Janeiro - RJ, 22451-040",False,,4.5,
Botânica Bistrô - (Shopping da Gávea),21) 3151-0428,,https://www.instagram.com/botanicabistro,,restaurante,"Gávea - Rio de Janeiro, RJ",Gávea,"R. Marquês de São Vicente, 52 - Loja: 112 - 1° Piso - Gávea, Rio de Janeiro - RJ, 22451-040",False,https://www.instagram.com/botanicabistro/,4.3,
Couve Flor,21) 3923-5315,,,,restaurante,"Gávea - Rio de Janeiro, RJ",Gávea,"PUC - R. Marquês de São Vicente, 293 - Gávea, Rio de Janeiro - RJ, 22451-041",False,,4.4,
L'Entrecote de Paris,21) 3114-5380,552131145380,https://www.instagram.com/lentrecotedeparisgavearj,,restaurante,"Gávea - Rio de Janeiro, RJ",Gávea,"R. Marquês de São Vicente, 52 - Loja n 11 - Gávea, Rio de Janeiro - RJ, 22451-040",False,https://www.instagram.com/lentrecotedeparisgavearj,4.3,
Gabriel Marques | Advogado em Belford Roxo,21) 3776-0217,552137760217,,,advogado,"Gávea - Rio de Janeiro, RJ",Parque Sao Jose,"Estr. Aníbal da Mota, 94 - Sala - Parque Sao Jose, Belford Roxo - RJ, 26190-060",False,,4.6,
GALENUS CONSULTORIA,21) 99705-0264,21) 99705-0264,,,advogado,"Gávea - Rio de Janeiro, RJ",Parque Sao Jose,"Estr. Rio de Janeiro, 71 - Parque Sao Jose, Belford Roxo - RJ, 26193-333",False,,5.0,
Souza Ribeiro Advocacia,21) 99434-6445,21) 99434-6445,,,advogado,"Gávea - Rio de Janeiro, RJ",São Conrado,"Estr. da Gávea, 827 - São Conrado, Rio de Janeiro - RJ, 22610-001",False,,5.0,
BIS ADVOGADOS,,,,,advogado,"Gávea - Rio de Janeiro, RJ",Parque Fluminense,"Av. Fernando Ferrari - Parque Fluminense, Duque de Caxias - RJ, 25041-308",False,,5.0,
steffanymendes,21) 98015-2224,21) 98015-2224,,,advogado,"Gávea - Rio de Janeiro, RJ",Gávea,"Estr. da Gávea - Gávea, Rio de Janeiro - RJ, 22451-262",False,,,
Escritório de Advocacia e Consultoria Jurídica,21) 97060-2322,21) 97060-2322,,,advogado,"Gávea - Rio de Janeiro, RJ",Rocinha,"Estr. da Gávea, 511 - 2º andar - Rocinha, Rio de Janeiro - RJ, 22610-001",False,,5.0,
Bel Castro,21) 2540-5171,,,,arquiteto,"Gávea - Rio de Janeiro, RJ",Gávea,"R. Duque Estrada, 57 / 403 - Gávea, Rio de Janeiro - RJ, 22451-090",False,,5.0,
arq.fernandopaiva,21) 99272-5104,21) 99272-5104,,,arquiteto,"Gávea - Rio de Janeiro, RJ",Gávea,"Est. Santa Marinha - Gávea, Rio de Janeiro - RJ, 22451-240",False,,,
Sacada Engenharia e Arquitetura,21) 3322-4314,"https://api.whatsapp.com/send?phone=5511988255555&text=Ol%C3%A1%20Rafael,%20vim%20atrav%C3%A9s%20do%20google%20e%20gostaria%20de%20solicitar%20um%20or%C3%A7amento!",https://www.instagram.com/nafarquitetura?igsh=MWF3eno0c240djlzNw==,,arquiteto,"Gávea - Rio de Janeiro, RJ",São Conrado,"Estrada da Gávea, 847 - Lojas 101 e 102 - São Conrado, Rio de Janeiro - RJ, 22610-001",False,,5.0,
Dia Especial Fotografias,,,https://instagram.com/igorhelal,,fotógrafo,"Gávea - Rio de Janeiro, RJ",Gávea,"Estr. da Gávea, 10 - Gávea, Rio de Janeiro - RJ, 22451-263",False,,5.0,
Estúdio Momento,21) 2239-8001,,https://instagram.com/igorhelal,,fotógrafo,"Gávea - Rio de Janeiro, RJ",Gávea,"R. Marquês de São Vicente, 67 - Gávea, Rio de Janeiro - RJ, 22451-041",False,,4.8,
Igor Helal - Fotógrafo / Filmmaker / Ensaios fotográficos e produções audiovisuais / Rio de Janeiro,21) 99983-8749,21) 99983-8749,https://instagram.com/igorhelal,,fotógrafo,"Gávea - Rio de Janeiro, RJ",Ipanema,"Av. Francisco Bhering - Ipanema, Rio de Janeiro - RJ, 22080-050",False,https://instagram.com/igorhelal,5.0,
FOTO GAVEA | Envios DHL Express,,,https://instagram.com/igorhelal,,fotógrafo,"Gávea - Rio de Janeiro, RJ",Gávea,"R. Artur Araripe, 110 - Gávea, Rio de Janeiro - RJ, 22451-020",False,,4.1,
Escola Municipal Desembargador Oscar Tenório,21) 2274-6446,,https://www.instagram.com/em.manoel.cicero,,escola,"Gávea - Rio de Janeiro, RJ",Gávea,"R. Prof. Manuel Ferreira, 141 - Gávea, Rio de Janeiro - RJ, 22451-030",False,,,
Escola Municipal Luiz Delfino,21) 2274-5656,,https://www.instagram.com/em.manoel.cicero,,escola,"Gávea - Rio de Janeiro, RJ",Gávea,"R. Marquês de São Vicente, 238 - Gávea, Rio de Janeiro - RJ, 22451-090",False,,,
Escola Municipal Christiano Hamann,21) 2274-6899,,https://www.instagram.com/em.manoel.cicero,,escola,"Gávea - Rio de Janeiro, RJ",Gávea,"R. Duque Estrada, 20 - Gávea, Rio de Janeiro - RJ, 22451-090",False,,,
Escola Municipal Júlio Castilho,21) 2274-5496,,https://www.instagram.com/em.manoel.cicero,,escola,"Gávea - Rio de Janeiro, RJ",Gávea,"Praça Santos Dumont, 96 - Gávea, Rio de Janeiro - RJ, 22470-060",False,,,
Creche Municipal Doutor Pedro Bloch,21) 3875-7804,,https://www.instagram.com/em.manoel.cicero,,escola,"Gávea - Rio de Janeiro, RJ",Gávea,"Est. Santa Marinha, 25 - Gávea, Rio de Janeiro - RJ, 22451-240",False,,4.5,
Escola Municipal Artur Ramos,21) 2274-5698,,https://www.instagram.com/em.manoel.cicero,,escola,"Gávea - Rio de Janeiro, RJ",Gávea,"R. Marquês de São Vicente, 147 - Gávea, Rio de Janeiro - RJ, 22451-041",False,,,
Escola Municipal Manoel Cícero,21) 97678-4657,21) 97678-4657,https://www.instagram.com/em.manoel.cicero,,escola,"Gávea - Rio de Janeiro, RJ",Gávea,"Praça Santos Dumont, 86 - Gávea, Rio de Janeiro - RJ, 22470-060",False,https://www.instagram.com/em.manoel.cicero/,,
Colégio Estadual André Maurois,21) 2334-6774,,https://www.instagram.com/em.manoel.cicero,,escola,"Gávea - Rio de Janeiro, RJ",Leblon,"Av. Visc. de Albuquerque, 1325 - Leblon, Rio de Janeiro - RJ, 22450-001",False,,,
Curso Livre de Música,21) 98327-6144,21) 98327-6144,https://www.instagram.com/cursoritmar,,curso livre,"Gávea - Rio de Janeiro, RJ",Pavuna,"R. Srg. Benevides Monte - Pavuna, Rio de Janeiro - RJ, 21520-440",False,,,
Curso Livre de Música Ritmar,21) 98841-9749,21) 98841-9749,https://www.instagram.com/cursoritmar,,curso livre,"Gávea - Rio de Janeiro, RJ",Centro,"R. Ten. José Dias, 513 - sala 401 e 403 - Centro, Duque de Caxias - RJ, 25010-305",False,https://www.instagram.com/cursoritmar/,5.0,
Gávea Medical Center,21) 3206-0431,,,,clínica médica,"Gávea - Rio de Janeiro, RJ",Gávea,"Av. Padre Leonel Franca, 110 - Gávea, Rio de Janeiro - RJ, 22451-000",False,,4.1,
Clínica Gávea Duo,21) 2205-4142,,,,clínica médica,"Gávea - Rio de Janeiro, RJ",Gávea,"R. Marquês de São Vicente, 124 - loja 234 - Gávea, Rio de Janeiro - RJ, 22451-040",False,,5.0,
Clínica Médica Dr Carlos Kassab,21) 2274-5397,,,,clínica médica,"Gávea - Rio de Janeiro, RJ",Gávea,"Praça Santos Dumont, 62 - Gávea, Rio de Janeiro - RJ, 22470-060",False,,4.0,
Centro Ortopédico da Gávea,21) 2274-0098,,,,clínica médica,"Gávea - Rio de Janeiro, RJ",Gávea,"Av. Padre Leonel Franca, 110 - Gávea, Rio de Janeiro - RJ, 22451-000",False,,3.8,
Espaço Facial Jardim Botânico - Harmonização Facial,21) 98281-8948,21) 98281-8948,https://www.instagram.com/drafrancinevieira,,harmonização facial,"Gávea - Rio de Janeiro, RJ",Jardim Botânico,"R. Jardim Botânico, 568 - loja G - Jardim Botânico, Rio de Janeiro - RJ, 22261-070",False,,4.9,
Studio Pelle,21) 98800-2525,21) 98800-2525,https://www.instagram.com/drafrancinevieira,,harmonização facial,"Gávea - Rio de Janeiro, RJ",Gávea,"R. Marquês de São Vicente, 52 - Loja 262 - Gávea, Rio de Janeiro - RJ, 22451-040",False,,4.8,
Dra. Francine Vieira | Harmonização facial no Leblon,21) 99543-1993,21) 99543-1993,https://www.instagram.com/drafrancinevieira,,harmonização facial,"Gávea - Rio de Janeiro, RJ",Leblon,"Av. Ataulfo de Paiva, 391 - Leblon, Rio de Janeiro - RJ, 22440-032",False,https://www.instagram.com/drafrancinevieira/,5.0,
Canofi Odontologia & Estética,21) 99775-0686,21) 99775-0686,https://www.instagram.com/drafrancinevieira,,harmonização facial,"Gávea - Rio de Janeiro, RJ",Gávea,"Estr. da Gávea, 25 - Gávea, Rio de Janeiro - RJ, 22451-262",False,https://www.instagram.com/canofi_estetica?igsh=c3MzcThxNnQyejNx,5.0,
Ellen Biondi Estética Avançada,21) 99933-6641,21) 99933-6641,https://www.instagram.com/drafrancinevieira,,harmonização facial,"Gávea - Rio de Janeiro, RJ",Gávea,"Praça Santos Dumont, 140 - loja B - Gávea, Rio de Janeiro - RJ, 22470-060",False,,4.8,
"Vanessa Veiga | Botox, Bioestimulador e Harmonização Facial em Ipanema",21) 99757-1303,21) 99757-1303,https://www.instagram.com/drafrancinevieira,,harmonização facial,"Gávea - Rio de Janeiro, RJ",Ipanema,"R. Maria Quitéria, 59 - 2 andar - sala 205 - Ipanema, Rio de Janeiro - RJ, 22410-040",False,https://www.instagram.com/dravanessaveiga?igsh=MXh1MW0ycXQ4N28wdg==,5.0,
Face 2 Face,21) 98946-3969,21) 98946-3969,https://www.instagram.com/drafrancinevieira,,harmonização facial,"Gávea - Rio de Janeiro, RJ",Ipanema,"R. Visc. de Pirajá, 547 - loja 111 - Ipanema, Rio de Janeiro - RJ, 22410-900",False,,5.0,
"Patricia Ribeiro - Design de Sobrancelhas, Depilação e Estética Facial",21) 98561-8611,21) 98561-8611,,,micropigmentação,"Gávea - Rio de Janeiro, RJ",Gávea,"Gávea Trade Center - R. Marquês de São Vicente, 124 - Loja 106 - Gávea, Rio de Janeiro - RJ, 22451-040",False,,4.7,
Studio Pelle,21) 98800-2525,21) 98800-2525,,,micropigmentação,"Gávea - Rio de Janeiro, RJ",Gávea,"R. Marquês de São Vicente, 52 - Loja 262 - Gávea, Rio de Janeiro - RJ, 22451-040",False,,4.8,
Micropigmentação de sobrancelhas LARISSI OLIVEIRA,21) 96587-2287,21) 96587-2287,,,micropigmentação,"Gávea - Rio de Janeiro, RJ",Rocinha,"Travessa Silva, 04 - sala 104 - Rocinha, Rio de Janeiro - RJ, 22451-630",False,,5.0,
Luiza Campos Studio - Extensão de cílios - Sobrancelhas - Micropigmentação,21) 99535-0399,21) 99535-0399,https://www.instagram.com/luizacampos.studio?igsh=MXU5dDN4YmU4aTU3ag==&utm_source=qr,,micropigmentação,"Gávea - Rio de Janeiro, RJ",Estácio,"R. São Cláudio, 06 - Estácio, Rio de Janeiro - RJ, 20250-060",False,https://www.instagram.com/luizacampos.studio?igsh=MXU5dDN4YmU4aTU3ag==&utm_source=qr,5.0,
"Marcelle Aguiar - Sobrancelhas, Micropigmentação, Remoção a Laser, Camuflagem de Estrias e Reconstrução de Auréolas.",21) 97662-5575,21) 97662-5575,https://www.instagram.com/marcelleaguiar.beauty?igsh=djF3ZDQ0a3Y4eTFw&utm_source=qr,,micropigmentação,"Gávea - Rio de Janeiro, RJ",Barra da Tijuca,"Av. Embaixador Abelardo Bueno, 1111 - Barra da Tijuca, Rio de Janeiro - RJ, 22775-039",False,https://www.instagram.com/marcelleaguiar.beauty?igsh=djF3ZDQ0a3Y4eTFw&utm_source=qr,5.0,
Face Design -Sobrancelhas / Micropigmentação - Taty Moura,21) 98824-9501,21) 98824-9501,,,micropigmentação,"Gávea - Rio de Janeiro, RJ",Leblon,"R. Visc. de Pirajá, 156 - Leblon, Rio de Janeiro - RJ, 22410-000",False,,4.9,
️Micropigmentação em Jacarépagua,21) 98474-2217,21) 98474-2217,,,micropigmentação,"Gávea - Rio de Janeiro, RJ",Taquara,"Estr. do Tindiba, 3250 - Sala 308 - Taquara, Rio de Janeiro - RJ, 22725-422",False,,5.0,
Ingrid Pires Design e Micropigmentação,,,,,micropigmentação,"Gávea - Rio de Janeiro, RJ",Itanhangá,"Estr. do Itanhangá, 1103 - Itanhangá, Rio de Janeiro - RJ, 22753-005",False,,5.0,
"DUE Beauté | Brow Lamination, Remoção a Laser e Micropigmentação – Barra da Tijuca",21) 98093-3978,21) 98093-3978,https://www.instagram.com/duebeaute,,micropigmentação,"Gávea - Rio de Janeiro, RJ",Barra Olímpica,"Centro Metropolitano - R. Luiz Antônio Campos Mello, 2 - Barra Olímpica, Rio de Janeiro - RJ, 22775-024",False,https://www.instagram.com/duebeaute/,5.0,
Fabiana Veloso - Micropigmentação & Design,21) 99834-2550,https://api.whatsapp.com/send?phone=5521998342550&text=Ol%C3%A1+recebi+seu+contato+da+:,https://instagram.com/fabiveloso_beauty?igshid=ZGUzMzM3NWJiOQ==,,micropigmentação,"Gávea - Rio de Janeiro, RJ",Taquara,"R. São Longino, Sn - Lote 1 Quadra C - Taquara, Rio de Janeiro - RJ, 22775-310",False,https://instagram.com/fabiveloso_beauty?igshid=ZGUzMzM3NWJiOQ==,5.0,
Erick Figueira de Mello,21) 2511-2656,,https://www.instagram.com/elis_design_interior,,designer de interiores,"Gávea - Rio de Janeiro, RJ",Gávea,"Praça Santos Dumont - Gávea, Rio de Janeiro - RJ, 22470-060",False,,5.0,
design_elis_interior,21) 97102-3066,5521971023066,https://www.instagram.com/studiolmais,,designer de interiores,"Gávea - Rio de Janeiro, RJ",Tijuca,"Rua Conde de Bonfim, 177 - Tijuca, Rio de Janeiro - RJ, 20520-050",False,https://www.instagram.com/elis_design_interior/,5.0,
Jorge Delmas Interiores,21) 3813-2309,,https://www.instagram.com/studiolmais,,designer de interiores,"Gávea - Rio de Janeiro, RJ",Ipanema,"Av. Rainha Elisabeth da Bélgica, 729 - 104 - Ipanema, Rio de Janeiro - RJ, 22081-041",False,,5.0,
🏋️‍♀️ Olivia Guerra | Personal Trainer Rio de Janeiro,21) 98148-7889,"https://api.whatsapp.com/send?phone=5521981487889&text=Ol%C3%A1,%20vim%20atrav%C3%A9s%20do%20Google%20e%20quero%20saber%20mais%20como%20funciona%20sua%20consultoria",https://www.instagram.com/oliviaguerrapersonal,,personal trainer,"Gávea - Rio de Janeiro, RJ",Gávea,"Estr. da Gávea, 147 - Gávea, Rio de Janeiro - RJ, 22451-262",False,https://www.instagram.com/oliviaguerrapersonal/,5.0,
Leandro Huguenin Personal Trainer,21) 99542-6637,21) 99542-6637,https://www.instagram.com/oliviaguerrapersonal,,personal trainer,"Gávea - Rio de Janeiro, RJ",Leblon,"Praia Estacao de exercicios na calçada da praia - Av. Delfim Moreira, 12 - Leblon, Rio de Janeiro - RJ, 22441-000",False,,5.0,
LeGym,21) 3518-7202,,https://www.instagram.com/oliviaguerrapersonal,,personal trainer,"Gávea - Rio de Janeiro, RJ",Gávea,"Praça Santos Dumont, 62 - Gávea, Rio de Janeiro - RJ, 22470-060",False,,4.6,
Personal Trainer Domiciliar Leblon - Paula Cavati,21) 98167-1616,21) 98167-1616,https://www.instagram.com/oliviaguerrapersonal,,personal trainer,"Gávea - Rio de Janeiro, RJ",Ipanema,"R. Nascimento Silva, 81 - Ipanema, Rio de Janeiro - RJ, 22421-025",False,,5.0,
Palermo Trainer - ACADEMIA,21) 99672-5253,21) 99672-5253,https://www.instagram.com/oliviaguerrapersonal,,personal trainer,"Gávea - Rio de Janeiro, RJ",São Conrado,"Estr. da Gávea, 611 - São Conrado, Rio de Janeiro - RJ, 22610-001",False,https://www.instagram.com/palermoflavio/,,
Balance Class,21) 98289-6512,21) 98289-6512,https://www.instagram.com/oliviaguerrapersonal,,personal trainer,"Gávea - Rio de Janeiro, RJ",Gávea,"R. Marquês de São Vicente, 351 - Gávea, Rio de Janeiro - RJ, 22451-047",False,,5.0,
Simone Personal Trainer RJ,22) 99266-7007,22) 99266-7007,https://www.instagram.com/oliviaguerrapersonal,,personal trainer,"Gávea - Rio de Janeiro, RJ",Leblon,"Av. Ataulfo de Paiva, 658 - sl 203 - Leblon, Rio de Janeiro - RJ, 22440-033",False,https://www.instagram.com/simonecalvano/,5.0,
Espaço Vigor,21) 99913-6097,21) 99913-6097,,,consultório,"Gávea - Rio de Janeiro, RJ",Ipanema,"R. Visc. de Pirajá, 142 - 806 - Ipanema, Rio de Janeiro - RJ, 22410-000",False,,,
Gávea Medical Center,21) 3206-0431,,,,consultório,"Gávea - Rio de Janeiro, RJ",Gávea,"Av. Padre Leonel Franca, 110 - Gávea, Rio de Janeiro - RJ, 22451-000",False,,4.1,
Clínica Gávea Duo,21) 2205-4142,,,,consultório,"Gávea - Rio de Janeiro, RJ",Gávea,"R. Marquês de São Vicente, 124 - loja 234 - Gávea, Rio de Janeiro - RJ, 22451-040",False,,5.0,
Clínica Médica Dr Carlos Kassab,21) 2274-5397,,,,consultório,"Gávea - Rio de Janeiro, RJ",Gávea,"Praça Santos Dumont, 62 - Gávea, Rio de Janeiro - RJ, 22470-060",False,,4.0,
Centro Ortopédico da Gávea,21) 2274-0098,,,,consultório,"Gávea - Rio de Janeiro, RJ",Gávea,"Av. Padre Leonel Franca, 110 - Gávea, Rio de Janeiro - RJ, 22451-000",False,,3.8,
Mara Gaúcha Podóloga,21) 98239-8111,21) 98239-8111,https://www.instagram.com/vetclinic_gavea,,consultório,"Gávea - Rio de Janeiro, RJ",Gávea,"E - Av. Rodrigo Otávio, 226/313 - Gávea, Rio de Janeiro - RJ, 22450-060",False,,5.0,
Estética Facial e Corporal - Carlota Bem Estar,21) 99552-8686,21) 99552-8686,https://www.instagram.com/carlotabemestar,,clínica de estética,"Laranjeiras - Rio de Janeiro, RJ",Laranjeiras,"Galeria Hollywood Center - R. das Laranjeiras, 21 - loja 26 - Laranjeiras, Rio de Janeiro - RJ, 22240-000",False,https://www.instagram.com/carlotabemestar,4.9,
Clinica Sant'anna,21) 2553-5545,,https://www.instagram.com/carlotabemestar,,clínica de estética,"Laranjeiras - Rio de Janeiro, RJ",Laranjeiras,"R. Soares Cabral, 38 - Laranjeiras, Rio de Janeiro - RJ, 22240-070",False,,4.4,
CristianeHoracioSpa,21) 98356-2883,21) 98356-2883,https://www.instagram.com/carlotabemestar,,clínica de estética,"Laranjeiras - Rio de Janeiro, RJ",Laranjeiras,"R. das Laranjeiras, 336 - loja 24 - Laranjeiras, Rio de Janeiro - RJ, 22240-000",False,,4.5,
Clínica Essence Corpo & Mente Laranjeiras,,,https://www.instagram.com/carlotabemestar,,clínica de estética,"Laranjeiras - Rio de Janeiro, RJ",Laranjeiras,"R. das Laranjeiras, 430 - loja i - Laranjeiras, Rio de Janeiro - RJ, 22240-006",False,,,
Rio Massoterapia | Laranjeiras,,,https://www.instagram.com/carlotabemestar,,clínica de estética,"Laranjeiras - Rio de Janeiro, RJ",Laranjeiras,"R. Pereira da Silva, 492 - Laranjeiras, Rio de Janeiro - RJ, 22221-140",False,https://www.instagram.com/rio.massoterapia?igsh=MTR3cW9iNmxzZGt1Zg==,5.0,
Carmem Aguiar Beauty Studio,21) 2137-8166,,https://www.instagram.com/carlotabemestar,,clínica de estética,"Laranjeiras - Rio de Janeiro, RJ",Laranjeiras,"R. das Laranjeiras, 462 - loja, 8 - Laranjeiras, Rio de Janeiro - RJ, 22240-006",False,https://instagram.com/carmemaguiarbeautystudio?igshid=1grmm1ccnwvug,4.9,
Dra. Claire Machado - Clinica Estética Zona Sul Rj,21) 98482-4731,21) 98482-4731,https://www.instagram.com/carlotabemestar,,clínica de estética,"Laranjeiras - Rio de Janeiro, RJ",Flamengo,"R. Dois de Dezembro, 38 - sala 202 - Flamengo, Rio de Janeiro - RJ, 22220-040",False,https://www.instagram.com/draclairemachado/,5.0,
TC Estética Saúde e Bem-Estar,21) 96754-0036,21) 96754-0036,https://www.instagram.com/carlotabemestar,,clínica de estética,"Laranjeiras - Rio de Janeiro, RJ",Laranjeiras,"R. Alice, 160 - Laranjeiras, Rio de Janeiro - RJ, 22241-020",False,,5.0,
Luz & Cor salão de beleza,21) 3148-2962,,,,salão premium,"Laranjeiras - Rio de Janeiro, RJ",Laranjeiras,"R. das Laranjeiras, 478 - b - Laranjeiras, Rio de Janeiro - RJ, 22240-006",False,,4.6,
Espaço Beleza,21) 2557-8359,,,,salão premium,"Laranjeiras - Rio de Janeiro, RJ",Laranjeiras,"R. das Laranjeiras, 462 - Loja 3 - Laranjeiras, Rio de Janeiro - RJ, 22240-006",False,,4.4,
Werner Coiffeur,21) 2556-0102,5521984859262,,,salão premium,"Laranjeiras - Rio de Janeiro, RJ",Laranjeiras,"R. das Laranjeiras, 22 - Laranjeiras, Rio de Janeiro - RJ, 22240-000",False,,4.4,
Barbearia Premium,,,https://www.instagram.com/jldocorte,,barbearia premium,"Laranjeiras - Rio de Janeiro, RJ",Taquara,"R. do Caule, 12 - Taquara, Rio de Janeiro - RJ, 22713-582",False,https://www.instagram.com/jldocorte/,4.9,
DG BARBER PREMIUM,21) 98686-4144,21) 98686-4144,,,barbearia premium,"Laranjeiras - Rio de Janeiro, RJ",Jardim Palmares,"R. das Mangueiras, 123 - Jardim Palmares, Nova Iguaçu - RJ, 26277-610",False,,5.0,
Orlion barbearia premium,21) 97541-5868,21) 97541-5868,,,barbearia premium,"Laranjeiras - Rio de Janeiro, RJ",Penha,"R. Afonso Ribeiro, 394 - Loja c - Penha, Rio de Janeiro - RJ, 21021-000",False,,5.0,
Phill Barber Shop,21) 2135-2780,,,,barbearia premium,"Laranjeiras - Rio de Janeiro, RJ",Laranjeiras,"R. das Laranjeiras, 29 - Loja 217 - Laranjeiras, Rio de Janeiro - RJ, 22240-000",False,,5.0,
NAVALHA PREMIUM BARBEARIA,,,,,barbearia premium,"Laranjeiras - Rio de Janeiro, RJ",Manguinhos,"R. Uranos, 1206 - Manguinhos, Rio de Janeiro - RJ, 21060-070",False,,5.0,
Barber Club Premium,21) 97396-3604,21) 97396-3604,,,barbearia premium,"Laranjeiras - Rio de Janeiro, RJ",Vila Santa Alice,"R. Wilson de Araújo, 286 - Vila Santa Alice, Duque de Caxias - RJ, 25245-710",False,,5.0,
Legacy barber premium,21) 98197-6518,21) 98197-6518,,,barbearia premium,"Laranjeiras - Rio de Janeiro, RJ",Baldeador,"Estr. Bento Pestana, 963 - loja 2 - Baldeador, Niterói - RJ, 24140-150",False,,5.0,
Barbearia Del Prete,21) 2557-0168,,,,barbearia premium,"Laranjeiras - Rio de Janeiro, RJ",Laranjeiras,"R. das Laranjeiras, 143 - Lj U - Laranjeiras, Rio de Janeiro - RJ, 22240-000",False,,4.7,
Erre's Barbearia unidade 2,21) 95903-7966,21) 95903-7966,https://www.instagram.com/reel/DYAb_0MScCm/?igsh=MWE0ejBtYW15bG1qdw==,,barbearia premium,"Laranjeiras - Rio de Janeiro, RJ",Vila São Luis,"R. Santo Antônio, 200 - Vila São Luis, Duque de Caxias - RJ, 25086-050",False,https://www.instagram.com/reel/DYAb_0MScCm/?igsh=MWE0ejBtYW15bG1qdw==,5.0,
Kadmon barbearia,21) 96971-5461,21) 96971-5461,,,barbearia premium,"Laranjeiras - Rio de Janeiro, RJ",Laranjeiras,"R. das Laranjeiras, 21 - Loja 15 - Laranjeiras, Rio de Janeiro - RJ, 22240-000",False,,5.0,
Br Barbearia Copacabana,,,https://instagram.com/brbarbeariacopacabana,,barbearia premium,"Laranjeiras - Rio de Janeiro, RJ",Copacabana,"Av. Nossa Sra. de Copacabana, 195 - loja G - Copacabana, Rio de Janeiro - RJ, 22020-002",False,https://instagram.com/brbarbeariacopacabana,4.8,
Bello Dente Odontologia,21) 2225-2431,,https://www.instagram.com/bello_dente,,dentista,"Laranjeiras - Rio de Janeiro, RJ",Laranjeiras,"R. das Laranjeiras, 43 - Loja 6 - Laranjeiras, Rio de Janeiro - RJ, 22240-000",False,https://www.instagram.com/bello_dente/,4.8,
Odonto Wave,21) 99764-0484,21) 99764-0484,https://www.instagram.com/bello_dente,,dentista,"Laranjeiras - Rio de Janeiro, RJ",Laranjeiras,"R. Ipiranga, 97 - Laranjeiras, Rio de Janeiro - RJ, 22231-120",False,https://www.instagram.com/odontowaverj?igsh=cnhieGJ4MGtkZ3F4&utm_source=qr,5.0,
Consultório Odontológico,,,https://www.instagram.com/bello_dente,,dentista,"Laranjeiras - Rio de Janeiro, RJ",Laranjeiras,"R. das Laranjeiras, 21 - Loja 27 - Laranjeiras, Rio de Janeiro - RJ, 22240-005",False,,,
Dr. Marcos Campos Gonçalves Dentista,21) 2557-6630,,https://www.instagram.com/bello_dente,,dentista,"Laranjeiras - Rio de Janeiro, RJ",Laranjeiras,"R. das Laranjeiras, 143 - Laranjeiras, Rio de Janeiro - RJ, 22240-000",False,,4.4,
Adriana Maciel de Amorim,21) 3826-1619,,https://www.instagram.com/bello_dente,,dentista,"Laranjeiras - Rio de Janeiro, RJ",Laranjeiras,"R. das Laranjeiras, 21 - Laranjeiras, Rio de Janeiro - RJ, 22240-000",False,,5.0,
Monte Mor Odontologia,21) 99918-5301,21) 99918-5301,https://www.instagram.com/bello_dente,,dentista,"Laranjeiras - Rio de Janeiro, RJ",Flamengo,"R. Alm. Tamandaré - Flamengo, Rio de Janeiro - RJ, 22210-060",False,,4.8,
Psicóloga Elaine Rayol,21) 99568-5040,5521991737588,https://www.instagram.com/psicologaelainerayol,,psicólogo,"Laranjeiras - Rio de Janeiro, RJ",Laranjeiras,"R. das Laranjeiras, 374 - Laranjeiras, Rio de Janeiro - RJ, 22240-006",False,https://www.instagram.com/psicologaelainerayol,5.0,
Psicólogo Clínico | Mathews Ribeiro,21) 97369-5394,5521991737588,https://www.instagram.com/psicologaelainerayol,,psicólogo,"Laranjeiras - Rio de Janeiro, RJ",Laranjeiras,"R. das Laranjeiras - Laranjeiras, Rio de Janeiro - RJ, 22240-001",False,https://instagram.com/mathewslribeiro,5.0,
Tieê S. Ortlieb,21) 98866-0473,5521991737588,https://www.instagram.com/psicologaelainerayol,,psicólogo,"Laranjeiras - Rio de Janeiro, RJ",Laranjeiras,"R. Stefan Zweig, 200 - Laranjeiras, Rio de Janeiro - RJ, 22245-080",False,,5.0,
"Aline Sirodio Psicóloga Clínica - Zona Sul, RJ",21) 97472-4385,5521991737588,https://www.instagram.com/psicologaelainerayol,,psicólogo,"Laranjeiras - Rio de Janeiro, RJ",Catete,"Largo do Machado, 21 - Catete, Rio de Janeiro - RJ, 22221-020",False,https://instagram.com/alinesirodio.psi,5.0,
Psicóloga Clinica Nina Frant,21) 99687-3837,5521991737588,https://www.instagram.com/psicologaelainerayol,,psicólogo,"Laranjeiras - Rio de Janeiro, RJ",Laranjeiras,"Largo do Machado, 21 - Laranjeiras, Rio de Janeiro - RJ, 22221-080",False,,5.0,
"Avaliação Neuropsicológica, Priscila Veiga - Psicóloga / Neuropsicóloga / Arteterapeuta",21) 99216-1502,5521991737588,https://www.instagram.com/psicologaelainerayol,,psicólogo,"Laranjeiras - Rio de Janeiro, RJ",Catete,"Largo do Machado, 29 - sala 1216 - Catete, Rio de Janeiro - RJ, 22221-020",False,,5.0,
Nutricionista Caio Loureiro,21) 97615-0653,21) 97615-0653,https://www.instagram.com/nutrigisellepereira,,nutricionista,"Laranjeiras - Rio de Janeiro, RJ",Laranjeiras,"R. das Laranjeiras, 430 - Loja I - Laranjeiras, Rio de Janeiro - RJ, 22240-006",False,,5.0,
Nutri Edu Goulart,21) 96719-1711,21) 96719-1711,https://www.instagram.com/eliananmilagres,,nutricionista,"Laranjeiras - Rio de Janeiro, RJ",Flamengo,"R. Paissandu - Flamengo, Rio de Janeiro - RJ, 22210-085",False,,,
Dra Imanuely Borchardt - Nutricionista Oncológica RJ,,,https://www.instagram.com/eliananmilagres,,nutricionista,"Laranjeiras - Rio de Janeiro, RJ",Botafogo,"Praia de Botafogo, 300 - 4 andar - Botafogo, Rio de Janeiro - RJ, 22250-040",False,,5.0,
"Eliana Milagres - Nutricionista para Idosos, 40+, 50+ , longevidade e Doenças Neurológicas",21) 99211-0871,21) 99211-0871,https://www.instagram.com/eliananmilagres,,nutricionista,"Laranjeiras - Rio de Janeiro, RJ",Catete,"próximo ao metrô - Largo do Machado, 29 - Sala 1204 - Catete, Rio de Janeiro - RJ, 22221-020",False,https://www.instagram.com/eliananmilagres,5.0,
Maíra Schwertz Nutricionista,21) 96461-9787,21) 96461-9787,https://www.instagram.com/eliananmilagres,,nutricionista,"Laranjeiras - Rio de Janeiro, RJ",Botafogo,"R. Visc. de Ouro Preto, 5 - Botafogo, Rio de Janeiro - RJ, 22250-180",False,,5.0,
Manoela Santa Roza Nutricionista Esportiva,21) 96768-3667,21) 96768-3667,https://www.instagram.com/eliananmilagres,,nutricionista,"Laranjeiras - Rio de Janeiro, RJ",Botafogo,"R. Visc. de Ouro Preto, 05 - Quinto Andar - Botafogo, Rio de Janeiro - RJ, 22250-180",False,,5.0,
Espaco Dias - studio de pilates e fisioterapia,21) 2557-4455,,,,fisioterapeuta,"Laranjeiras - Rio de Janeiro, RJ",Laranjeiras,"Clube Hebraica - R. das Laranjeiras, 346 - Laranjeiras, Rio de Janeiro - RJ, 22240-006",False,,5.0,
Espaço Laranjeiras,21) 96531-6363,21) 96531-6363,http://www.instagram.com.br/espacolaranjeiras,,fisioterapeuta,"Laranjeiras - Rio de Janeiro, RJ",Laranjeiras,"R. das Laranjeiras, 371 - loja 10 - Laranjeiras, Rio de Janeiro - RJ, 22240-004",False,http://www.instagram.com.br/espacolaranjeiras,5.0,
FISIOTERAPIA - PILATES - ATENDIMENTO DOMICILIAR - SANTA TERESA/LARANJEIRAS - ZONA SUL - RJ.,21) 96908-2423,21) 96908-2423,https://www.instagram.com/met_pilates_online?igsh=cm1zZXp2aGlpanRl,,fisioterapeuta,"Laranjeiras - Rio de Janeiro, RJ",Santa Teresa,"R. Dr. Júlio Otoni - Santa Teresa, Rio de Janeiro - RJ, 20241-400",False,https://www.instagram.com/met_pilates_online?igsh=cm1zZXp2aGlpanRl,5.0,
Dr. Edson Mesquita - Fisioterapia - Terapia Manual e Pilates - Tratamento da Coluna Vertebral,21) 99769-5168,21) 99769-5168,,,fisioterapeuta,"Laranjeiras - Rio de Janeiro, RJ",Laranjeiras,"R. Gen. Glicério, 407 - 108A - Laranjeiras, Rio de Janeiro - RJ, 22245-120",False,,5.0,
"Dra Bárbara Wasserman Lydia - Fisioterapia, Acupuntura e Yoga",21) 99466-0479,21) 99466-0479,,,fisioterapeuta,"Laranjeiras - Rio de Janeiro, RJ",Laranjeiras,"R. Alice, 142 - Laranjeiras, Rio de Janeiro - RJ, 22241-020",False,,5.0,
Clínica Claúdio de Bonis,21) 2558-3890,,,,fisioterapeuta,"Laranjeiras - Rio de Janeiro, RJ",Laranjeiras,"R. Gen. Cristóvão Barcelos, 24 - Loja C e D - Laranjeiras, Rio de Janeiro - RJ, 22245-110",False,,,
Fisioratyl,21) 99831-6154,21) 99831-6154,https://www.instagram.com/fisioratyl/?next=,,fisioterapeuta,"Laranjeiras - Rio de Janeiro, RJ",Laranjeiras,"R. das Laranjeiras, 143 - LOja M - Laranjeiras, Rio de Janeiro - RJ, 22240-000",False,https://www.instagram.com/fisioratyl/?next=/,5.0,
Foccus Training,21) 99220-6047,21) 99220-6047,,,fisioterapeuta,"Laranjeiras - Rio de Janeiro, RJ",Laranjeiras,"R. das Laranjeiras, 265 - Laranjeiras, Rio de Janeiro - RJ, 22240-004",False,,4.8,
Espaço Laranjeiras,21) 96531-6363,21) 96531-6363,http://www.instagram.com.br/espacolaranjeiras,,pilates,"Laranjeiras - Rio de Janeiro, RJ",Laranjeiras,"R. das Laranjeiras, 371 - loja 10 - Laranjeiras, Rio de Janeiro - RJ, 22240-004",False,http://www.instagram.com.br/espacolaranjeiras,5.0,
Pilates Zona Norte,21) 96018-6909,21) 96018-6909,,,pilates,"Laranjeiras - Rio de Janeiro, RJ",Penha,"R. Nicarágua, 630 - sala 410 - Penha, Rio de Janeiro - RJ, 21020-050",False,,4.7,
Studio Conecta Saúde - Fisioterapia e Pilates Penha RJ,21) 99754-5299,21) 99754-5299,,,pilates,"Laranjeiras - Rio de Janeiro, RJ",Penha,"Av. Brás de Pina, 24 - Sala 402 - Penha, Rio de Janeiro - RJ, 21070-090",False,,5.0,
Sidney Rosa Studio de Pilates,21) 97302-8497,21) 97302-8497,,,pilates,"Laranjeiras - Rio de Janeiro, RJ",Vista Alegre,"Av. Brás de Pina, 1760 - sl 502 - Vista Alegre, Rio de Janeiro - RJ, 21235-603",False,,1.0,
Foccus Training,21) 99220-6047,21) 99220-6047,,,pilates,"Laranjeiras - Rio de Janeiro, RJ",Laranjeiras,"R. das Laranjeiras, 265 - Laranjeiras, Rio de Janeiro - RJ, 22240-004",False,,4.8,
Studio Surya Pilates e Fisioterapia,21) 2558-5682,,https://instagram.com/studio.surya?utm_medium=copy_link,,pilates,"Laranjeiras - Rio de Janeiro, RJ",Catete,"R. do Catete, 228 - salas 315/316 - Catete, Rio de Janeiro - RJ, 22220-001",False,https://instagram.com/studio.surya?utm_medium=copy_link,5.0,
Pilates e Fisioterapia Nathália Santos - Pilates em Olaria,21) 98349-3395,21) 98349-3395,https://www.instagram.com/fisioterapeuta.nathaliasantos,,pilates,"Laranjeiras - Rio de Janeiro, RJ",Olaria,"R. Antônio de Lemos, 66 - Olaria, Rio de Janeiro - RJ, 21021-500",False,https://www.instagram.com/fisioterapeuta.nathaliasantos/,5.0,
Morena Maia Pilates,21) 98211-6716,21) 98211-6716,https://www.instagram.com/morenamaiapilates,,pilates,"Laranjeiras - Rio de Janeiro, RJ",Catete,"Largo do Machado, 54/1001 - Catete, Rio de Janeiro - RJ, 22221-020",False,https://www.instagram.com/morenamaiapilates/,5.0,
Curare Estúdio de Pilates e Musculação,21) 96538-3876,21) 96538-3876,,,pilates,"Laranjeiras - Rio de Janeiro, RJ",Catete,"R. Pedro Américo, 110 - Loja C - Catete, Rio de Janeiro - RJ, 22211-200",False,,4.9,
Espaço Flamengo,21) 98887-2205,21) 98887-2205,,,pilates,"Laranjeiras - Rio de Janeiro, RJ",Flamengo,"R. Marquês de Abrantes, 170 - sala 1005 - Flamengo, Rio de Janeiro - RJ, 22230-061",False,,5.0,
Foccus Training,21) 99220-6047,21) 99220-6047,,,academia boutique,"Laranjeiras - Rio de Janeiro, RJ",Laranjeiras,"R. das Laranjeiras, 265 - Laranjeiras, Rio de Janeiro - RJ, 22240-004",False,,4.8,
Tgym Moda Fitness,21) 99006-8822,21) 99006-8822,,,academia boutique,"Laranjeiras - Rio de Janeiro, RJ",Copacabana,"R. Sá Ferreira - Copacabana, Rio de Janeiro - RJ, 22071-101",False,,5.0,
Gracie Barra Laranjeiras,21) 97275-2224,21) 97275-2224,https://www.instagram.com/graciebarra_laranjeiras,,academia boutique,"Laranjeiras - Rio de Janeiro, RJ",Laranjeiras,"R. Gen. Glicério, 224 - Loja A - Laranjeiras, Rio de Janeiro - RJ, 22245-120",False,https://www.instagram.com/graciebarra_laranjeiras/,,
Wink Sobrancelhas - Laranjeiras,21) 97229-3112,21) 97229-3112,,,studio de sobrancelha,"Laranjeiras - Rio de Janeiro, RJ",Laranjeiras,"R. das Laranjeiras, n° 29 - loja 202 - Laranjeiras, Rio de Janeiro - RJ, 22240-000",False,,4.1,
Studio Lu Rech - Leblon,21) 3502-9699,21997894877,https://www.instagram.com/paulamartinsmicro2?igsh=MWQ4N2FlZmNldzRmag%3D%3D&utm_source=qr,,studio de sobrancelha,"Laranjeiras - Rio de Janeiro, RJ",Leblon,"Galeria do Teatro Leblon - Rua Conde de Bernadotte, 26 - Loja 110 - Leblon, Rio de Janeiro - RJ, 22430-200",False,http://instagram.com/studiolurech,4.9,
Olívia Laranjeiras - Estúdio de Beleza,21) 99085-2115,21) 99085-2115,,,studio de sobrancelha,"Laranjeiras - Rio de Janeiro, RJ",Laranjeiras,"R. das Laranjeiras, 143 - Loja L - Laranjeiras, Rio de Janeiro - RJ, 22240-001",False,,5.0,
Braba Beauty Studio Rocinha,21) 99117-4177,21997894877,https://www.instagram.com/paulamartinsmicro2?igsh=MWQ4N2FlZmNldzRmag%3D%3D&utm_source=qr,,studio de sobrancelha,"Laranjeiras - Rio de Janeiro, RJ",São Conrado,"Estr. da Gávea, 558 - São Conrado, Rio de Janeiro - RJ, 22451-271",False,https://www.instagram.com/brababeauty.cilios?igsh=MW5uYW9vNDJlb2J5bA%3D%3D&utm_source=qr,5.0,
Ks Beauty Academy (Studio de Beleza),21) 99520-4039,21997894877,https://www.instagram.com/paulamartinsmicro2?igsh=MWQ4N2FlZmNldzRmag%3D%3D&utm_source=qr,,studio de sobrancelha,"Laranjeiras - Rio de Janeiro, RJ",São Conrado,"Estr. da Gávea, 640 - Sala 403 - São Conrado, Rio de Janeiro - RJ, 22610-001",False,https://instagram.com/ks_beautyacademy?igshid=MzRlODBiNWFlZA==,5.0,
Studio Gabriela Moraes,21) 98877-0469,21997894877,https://www.instagram.com/paulamartinsmicro2?igsh=MWQ4N2FlZmNldzRmag%3D%3D&utm_source=qr,,studio de sobrancelha,"Laranjeiras - Rio de Janeiro, RJ",Flamengo,"Rua Conde de Baependi, 54 - Flamengo, Rio de Janeiro - RJ, 22231-140",False,https://www.instagram.com/p/CmCBxv4O4Jk/?igshid=NTdlMDg3MTY=,5.0,
Sílvia Gutman Especialista em Sobrancelhas e Beleza,21) 99557-9834,21997894877,https://www.instagram.com/paulamartinsmicro2?igsh=MWQ4N2FlZmNldzRmag%3D%3D&utm_source=qr,,studio de sobrancelha,"Laranjeiras - Rio de Janeiro, RJ",Ipanema,"R. Visc. de Pirajá, 595 - Ipanema, Rio de Janeiro - RJ, 22410-001",False,,5.0,
Lash design Jessy Barbio Beauty,21) 97931-1808,21997894877,https://www.instagram.com/paulamartinsmicro2?igsh=MWQ4N2FlZmNldzRmag%3D%3D&utm_source=qr,,studio de sobrancelha,"Laranjeiras - Rio de Janeiro, RJ",Laranjeiras,"Largo do Machado, 21 - Sala 603 - Laranjeiras, Rio de Janeiro - RJ, 22221-020",False,https://www.instagram.com/jessybarbiobeauty?igsh=MTd4M3pzeHF1c2NrMg==,5.0,
Cílios & Sobrancelhas | Gabi Maricato- Recreio dos Bandeirantes,21) 97233-8340,21) 97233-8340,https://www.instagram.com/ciliosdegabii?igsh=cmV1N2czcGxpcmh2,,studio de cílios,"Laranjeiras - Rio de Janeiro, RJ",Recreio dos Bandeirantes,"Shopping Vértice Mall - Av. Miguel Antônio Fernandes, 1333 - Bloco A - Sala 518 - Recreio dos Bandeirantes, Rio de Janeiro - RJ, 22790-682",False,https://www.instagram.com/ciliosdegabii?igsh=cmV1N2czcGxpcmh2,5.0,
Cílios & Sobrancelhas -Ipanema/Laranjeiras,21) 97542-5659,21) 97542-5659,https://www.instagram.com/paulamartinsmicro2?igsh=MWQ4N2FlZmNldzRmag%3D%3D&utm_source=qr,,studio de cílios,"Laranjeiras - Rio de Janeiro, RJ",Laranjeiras,"sobreloja 204 - Laranjeiras, Rio de Janeiro - RJ, 22400-000",False,https://www.instagram.com/paulamartinsmicro2?igsh=MWQ4N2FlZmNldzRmag%3D%3D&utm_source=qr,4.8,
Lash design Jessy Barbio Beauty,21) 97931-1808,21) 97931-1808,https://www.instagram.com/jessybarbiobeauty?igsh=MTd4M3pzeHF1c2NrMg==,,studio de cílios,"Laranjeiras - Rio de Janeiro, RJ",Laranjeiras,"Largo do Machado, 21 - Sala 603 - Laranjeiras, Rio de Janeiro - RJ, 22221-020",False,https://www.instagram.com/jessybarbiobeauty?igsh=MTd4M3pzeHF1c2NrMg==,5.0,
Studio Gabriela Moraes,21) 98877-0469,21) 98877-0469,https://www.instagram.com/p/CmCBxv4O4Jk/?igshid=NTdlMDg3MTY=,,studio de cílios,"Laranjeiras - Rio de Janeiro, RJ",Flamengo,"Rua Conde de Baependi, 54 - Flamengo, Rio de Janeiro - RJ, 22231-140",False,https://www.instagram.com/p/CmCBxv4O4Jk/?igshid=NTdlMDg3MTY=,5.0,
Cílios & Sobrancelhas | Gabi Maricato- Recreio dos Bandeirantes,21) 97233-8340,21) 97233-8340,https://www.instagram.com/ciliosdegabii?igsh=cmV1N2czcGxpcmh2,,lash designer,"Laranjeiras - Rio de Janeiro, RJ",Recreio dos Bandeirantes,"Shopping Vértice Mall - Av. Miguel Antônio Fernandes, 1333 - Bloco A - Sala 518 - Recreio dos Bandeirantes, Rio de Janeiro - RJ, 22790-682",False,https://www.instagram.com/ciliosdegabii?igsh=cmV1N2czcGxpcmh2,5.0,
Studio Patricia Santos Beauty,21) 97697-9238,21) 97697-9238,https://instagram.com/patriciasts_beauty?igshid=YmMyMTA2M2Y=,,lash designer,"Laranjeiras - Rio de Janeiro, RJ",Pantanal,"Rua Leopoldo Fróis, 3 - quadra 70 - Pantanal, Duque de Caxias - RJ, 25040-325",False,https://instagram.com/patriciasts_beauty?igshid=YmMyMTA2M2Y=,5.0,
Studio Ingridi Klimaschenski-Lash Designer,,,,,lash designer,"Laranjeiras - Rio de Janeiro, RJ",Jardim Limeira,"Estr. Aníbal da Mota, 2 - quadra 3 - Jardim Limeira, Belford Roxo - RJ, 26190-083",False,,5.0,
LORENA LIMA | LASH DESIGN,21) 96502-5349,21) 96502-5349,https://www.instagram.com/lorenalima.lash_?igsh=MTZiYWhzOXNpdGxjMA==,,lash designer,"Laranjeiras - Rio de Janeiro, RJ",Campos Eliseos,"R. Clara Nunes - Campos Eliseos, Duque de Caxias - RJ, 25040-673",False,https://www.instagram.com/lorenalima.lash_?igsh=MTZiYWhzOXNpdGxjMA==,5.0,
Lash design Jessy Barbio Beauty,21) 97931-1808,21) 97931-1808,https://www.instagram.com/jessybarbiobeauty?igsh=MTd4M3pzeHF1c2NrMg==,,lash designer,"Laranjeiras - Rio de Janeiro, RJ",Laranjeiras,"Largo do Machado, 21 - Sala 603 - Laranjeiras, Rio de Janeiro - RJ, 22221-020",False,https://www.instagram.com/jessybarbiobeauty?igsh=MTd4M3pzeHF1c2NrMg==,5.0,
Andressa lash Designer,21) 98269-4368,21) 98269-4368,,,lash designer,"Laranjeiras - Rio de Janeiro, RJ",Gramacho,"R. Japurá, 160 - Gramacho, Duque de Caxias - RJ, 25050-320",False,,,
Nanda Lash Designer,21) 97017-5469,21) 97017-5469,https://www.instagram.com/by.nandalashes?igsh=MXI0Z21taGRlYm5hdA%3D%3D&utm_source=qr,,lash designer,"Laranjeiras - Rio de Janeiro, RJ",Parque Fluminense,"R. São Miguel - Parque Fluminense, Duque de Caxias - RJ, 25046-510",False,https://www.instagram.com/by.nandalashes?igsh=MXI0Z21taGRlYm5hdA==&utm_source=qr,,
Thaty Azevedo Company (Cílios e Cursos de extensão de cílios),21) 96580-2581,21) 96580-2581,,,lash designer,"Laranjeiras - Rio de Janeiro, RJ",Parque Fluminense,"Rua Nossa Senhora das Graças, Praça do Galo, 0 - Parque Fluminense, Duque de Caxias - RJ, 25045-570",False,,5.0,
Studio Ester Lima,21) 97375-0195,21) 97375-0195,https://www.instagram.com/lashesterlimaa,,lash designer,"Laranjeiras - Rio de Janeiro, RJ",Parque Sao Jose,"Estrada do - Estr. Aníbal da Mota, 1825 - Parque Sao Jose, Belford Roxo - RJ, 26190-083",False,https://www.instagram.com/lashesterlimaa/,5.0,
Espaço Juliane Days ️,,https://api.whatsapp.com/send?phone=5521969241465&text=Quero+marcar+um+hor%C3%A1rio+no+Espa%C3%A7o+Juliane+Days,https://www.instagram.com/julianedays,,lash designer,"Laranjeiras - Rio de Janeiro, RJ",Vila Rosário,"R. Urbano Duarte, 21 - qd 4 - Vila Rosário, Duque de Caxias - RJ, 25042-300",False,https://www.instagram.com/julianedays/,5.0,
Léa Style Hair,21) 96660-3813,21) 96660-3813,https://www.instagram.com/leastylehair,,lash designer,"Laranjeiras - Rio de Janeiro, RJ",Pantanal,"Av. Gomes Freire, 161 - Pantanal, Duque de Caxias - RJ, 25040-004",False,https://www.instagram.com/leastylehair/,,
"Gabrielle | Lash designer | Designer de sobrancelhas | Duque de caxias, Sarapuí",21) 98235-7561,21) 98235-7561,https://www.instagram.com/bystudiogabrielle?igsh=MWMwZjFubWg3c3lwcQ==,,lash designer,"Laranjeiras - Rio de Janeiro, RJ",Vila Sarapui,"R. Alfredo Backer, 321 - Vila Sarapui, Duque de Caxias - RJ, 25050-290",False,https://www.instagram.com/bystudiogabrielle?igsh=MWMwZjFubWg3c3lwcQ==,5.0,
Yana Braz Studio,,,,,lash designer,"Laranjeiras - Rio de Janeiro, RJ",Vila Leopoldina,"R. Rio Preto, 1626 - Vila Leopoldina, Duque de Caxias - RJ, 25035-390",False,,5.0,
KS STUDIO DE BELEZA,21) 99393-7904,21) 99393-7904,,,lash designer,"Laranjeiras - Rio de Janeiro, RJ",Nossa Sra. do Carmo,"Estr. do sarapuí - Nossa Sra. do Carmo, Duque de Caxias - RJ, 25040-460",False,,,
Cílios & Sobrancelhas -Ipanema/Laranjeiras,21) 97542-5659,21) 97542-5659,https://www.instagram.com/paulamartinsmicro2?igsh=MWQ4N2FlZmNldzRmag%3D%3D&utm_source=qr,,lash designer,"Laranjeiras - Rio de Janeiro, RJ",Laranjeiras,"sobreloja 204 - Laranjeiras, Rio de Janeiro - RJ, 22400-000",False,https://www.instagram.com/paulamartinsmicro2?igsh=MWQ4N2FlZmNldzRmag%3D%3D&utm_source=qr,4.8,
Della's Beauty,21) 98301-0056,21) 98301-0056,,,lash designer,"Laranjeiras - Rio de Janeiro, RJ",Parque Fluminense,"Centro Empresarial do - R. Apodi - Parque Fluminense, Duque de Caxias - RJ, 25046-420",False,,5.0,
Beatriz Lash Designer,21) 96685-0969,21) 96685-0969,https://instagram.com/beatrizgomeslash?igshid=YmMyMTA2M2Y=,,lash designer,"Laranjeiras - Rio de Janeiro, RJ",Catete,"R. do Catete, 183 - sala 202 - Catete, Rio de Janeiro - RJ, 22220-000",False,https://instagram.com/beatrizgomeslash?igshid=YmMyMTA2M2Y=,4.9,
Studio Beauty,21) 97576-0884,21) 97576-0884,,,lash designer,"Laranjeiras - Rio de Janeiro, RJ",Vila Leopoldina,"Av. Rio Branco - Vila Leopoldina, Duque de Caxias - RJ, 25035-245",False,,5.0,
Jessica Lash e design,,,,,lash designer,"Laranjeiras - Rio de Janeiro, RJ",Acari,"R. Piracambú, 31 - Acari, Rio de Janeiro - RJ, 21531-050",False,,,
"Bossa Spa | Seu único SPA by Granado do Rio | Vale-presente, massagem relaxante, massagem desportiva",21) 96427-0782,21) 96427-0782,https://www.instagram.com/rio.massoterapia?igsh=MTR3cW9iNmxzZGt1Zg==,,spa,"Laranjeiras - Rio de Janeiro, RJ",Botafogo,"Praia de Botafogo, 242 - Botafogo, Rio de Janeiro - RJ, 22250-145",False,,4.9,
Sense Spa Express - Largo do Machado,21) 96675-6867,21) 96675-6867,https://www.instagram.com/rio.massoterapia?igsh=MTR3cW9iNmxzZGt1Zg==,,spa,"Laranjeiras - Rio de Janeiro, RJ",Flamengo,"R. Arno Konder, Loja U - Flamengo, Rio de Janeiro - RJ, 22250-020",False,,4.9,
CristianeHoracioSpa,21) 98356-2883,21) 98356-2883,https://www.instagram.com/rio.massoterapia?igsh=MTR3cW9iNmxzZGt1Zg==,,spa,"Laranjeiras - Rio de Janeiro, RJ",Laranjeiras,"R. das Laranjeiras, 336 - loja 24 - Laranjeiras, Rio de Janeiro - RJ, 22240-000",False,,4.5,
Rio Massoterapia | Laranjeiras,,,https://www.instagram.com/rio.massoterapia?igsh=MTR3cW9iNmxzZGt1Zg==,,spa,"Laranjeiras - Rio de Janeiro, RJ",Laranjeiras,"R. Pereira da Silva, 492 - Laranjeiras, Rio de Janeiro - RJ, 22221-140",False,https://www.instagram.com/rio.massoterapia?igsh=MTR3cW9iNmxzZGt1Zg==,5.0,
SPA Ariô,21) 99504-4695,21) 99504-4695,https://www.instagram.com/rio.massoterapia?igsh=MTR3cW9iNmxzZGt1Zg==,,spa,"Laranjeiras - Rio de Janeiro, RJ",Flamengo,"R. Corrêa Dutra, 34 - Flamengo, Rio de Janeiro - RJ, 22210-050",False,https://www.instagram.com/spaario3?igsh=bW9oNHIxdTVxeGZy,4.6,
Massagem Acupuntura Fitoterapia Dietoterapia Especialista Spa Massage,21) 96410-8703,21) 96410-8703,https://www.instagram.com/rio.massoterapia?igsh=MTR3cW9iNmxzZGt1Zg==,,spa,"Laranjeiras - Rio de Janeiro, RJ",Glória,"R. Cândido Mendes, 129 - Glória, Rio de Janeiro - RJ, 20241-220",False,https://www.instagram.com/juliodasmassagens?igsh=MTc1c3RxeDlhZHU2eQ==,5.0,
Kimani Spa,21) 97028-4503,5521970284503,https://www.instagram.com/rio.massoterapia?igsh=MTR3cW9iNmxzZGt1Zg==,,spa,"Laranjeiras - Rio de Janeiro, RJ",Tijuca,"Rua Conde de Bonfim, 344 - bloco 2, sala 703 - Tijuca, Rio de Janeiro - RJ, 20520-053",False,,5.0,
Lumière Spa,21) 97437-5145,21) 97437-5145,https://www.instagram.com/rio.massoterapia?igsh=MTR3cW9iNmxzZGt1Zg==,,spa,"Laranjeiras - Rio de Janeiro, RJ",Centro,"R. Sete de Setembro, 98 - Centro, Rio de Janeiro - RJ, 20050-002",False,,5.0,
Luigi's,21) 2205-7343,,,,restaurante,"Laranjeiras - Rio de Janeiro, RJ",Laranjeiras,"R. Sen. Corrêa, 10 - Laranjeiras, Rio de Janeiro - RJ, 22231-180",False,,4.4,
Bistrô Laranjeiras,21) 3559-1334,,,,restaurante,"Laranjeiras - Rio de Janeiro, RJ",Laranjeiras,"R. Gen. Glicério, 440 - Laranjeiras, Rio de Janeiro - RJ, 22245-120",False,,4.7,
Esperança.Eco,21) 97134-7945,21) 97134-7945,,,restaurante,"Laranjeiras - Rio de Janeiro, RJ",Laranjeiras,"R. Gen. Glicério, 224B - Laranjeiras, Rio de Janeiro - RJ, 22245-120",False,,4.7,
Armazém Cardosão,21) 96491-7924,21) 96491-7924,https://instagram.com/armazemcardosao,,restaurante,"Laranjeiras - Rio de Janeiro, RJ",Laranjeiras,"R. Cardoso Júnior, 312 - Laranjeiras, Rio de Janeiro - RJ, 22245-000",False,https://instagram.com/armazemcardosao,4.5,
Trégua Cozinha,21) 3149-2633,,http://www.instagram.com/tregua.cozinha,,restaurante,"Laranjeiras - Rio de Janeiro, RJ",Laranjeiras,"R. das Laranjeiras, 371 - C - Laranjeiras, Rio de Janeiro - RJ, 22240-004",False,http://www.instagram.com/tregua.cozinha,4.6,
Boteco Laranjeiras,21) 3547-8387,,,,restaurante,"Laranjeiras - Rio de Janeiro, RJ",Laranjeiras,"Zap 21 98395-7927 - R. das Laranjeiras, 143 - 7330 - Laranjeiras, Rio de Janeiro - RJ, 22240-000",False,,4.2,
Cardamomo Saúde!,21) 3258-6141,,https://www.instagram.com/cardamomo.saude,,restaurante,"Laranjeiras - Rio de Janeiro, RJ",Laranjeiras,"R. Gen. Glicério, 445 - loja b - Laranjeiras, Rio de Janeiro - RJ, 22245-120",False,https://www.instagram.com/cardamomo.saude/,4.6,
Hotel Serrano,21) 2205-1048,,,,pousada,"Laranjeiras - Rio de Janeiro, RJ",Laranjeiras,"R. Gago Coutinho, 22 - Laranjeiras, Rio de Janeiro - RJ, 22221-070",False,,3.9,
Hotel Bras laranjeiras.,21) 2285-1336,,,,pousada,"Laranjeiras - Rio de Janeiro, RJ",Laranjeiras,"R. Marquesa de Santos, 11 - Laranjeiras, Rio de Janeiro - RJ, 22221-080",False,,3.5,
Mirante Hostel Laranjeiras,21) 97046-0506,21) 97046-0506,,,pousada,"Laranjeiras - Rio de Janeiro, RJ",Laranjeiras,"Rua Oswaldo Seabra, casa 42 - Laranjeiras, Rio de Janeiro - RJ, 22245-010",False,,5.0,
Villa Christa,,,,,pousada,"Laranjeiras - Rio de Janeiro, RJ",Laranjeiras,"R. Stefan Zweig, 270 - Laranjeiras, Rio de Janeiro - RJ, 22245-080",False,,5.0,
Urban Boutique,21) 98799-3165,21) 98799-3165,,,hotel boutique,"Laranjeiras - Rio de Janeiro, RJ",Centro,"R. do Rezende, 110 - Centro, Rio de Janeiro - RJ, 20230-014",False,,5.0,
Hotel Serrano,21) 2205-1048,,,,hotel boutique,"Laranjeiras - Rio de Janeiro, RJ",Laranjeiras,"R. Gago Coutinho, 22 - Laranjeiras, Rio de Janeiro - RJ, 22221-070",False,,3.9,
Hostel Cadê Teresa,21) 99108-8919,21) 99108-8919,,,hotel boutique,"Laranjeiras - Rio de Janeiro, RJ",Santa Teresa,"R. Alm. Alexandrino, 501 - Santa Teresa, Rio de Janeiro - RJ, 20241-260",False,,4.4,
Inn House Santa Teresa,21) 2042-4441,,,,hotel boutique,"Laranjeiras - Rio de Janeiro, RJ",Santa Teresa,"R. Aprazível, 143 - Santa Teresa, Rio de Janeiro - RJ, 20241-270",False,,4.0,
JT ADVOCACIA,,,,,advogado,"Laranjeiras - Rio de Janeiro, RJ",Laranjeiras,"R. das Laranjeiras - Laranjeiras, Rio de Janeiro - RJ, 22240-000",False,,,
Rodrigo Fernandes Advogado,21) 3359-1262,5521977222309,,,advogado,"Laranjeiras - Rio de Janeiro, RJ",Cascadura,"R. Carolina Machado, 560 - Cascadura, Rio de Janeiro - RJ, 21351-021",False,,3.9,
"Advogado previdenciário (Pensão, Aposentadoria, BPC LOAS), Consumidor e Família - Dra. Renata Nabuco",,5521977222309,,,advogado,"Laranjeiras - Rio de Janeiro, RJ",Madureira,"R. Dagmar da Fonseca, 17 - sala 404 - Madureira, Rio de Janeiro - RJ, 21351-040",False,,5.0,
arquitetura com sustentabilidade,,,,,arquiteto,"Laranjeiras - Rio de Janeiro, RJ",Laranjeiras,"R. das Laranjeiras - Laranjeiras, Rio de Janeiro - RJ, 22240-003",False,,5.0,
Jasmim Arquitetura,21) 2511-0293,,,,arquiteto,"Laranjeiras - Rio de Janeiro, RJ",Laranjeiras,"R. Prof. Luiz Cantanhede - Laranjeiras, Rio de Janeiro - RJ, 22245-040",False,,5.0,
Atmosfera Arquitetura,21) 2245-6778,,,,arquiteto,"Laranjeiras - Rio de Janeiro, RJ",Laranjeiras,"R. Stefan Zweig, 83 - Laranjeiras, Rio de Janeiro - RJ, 22245-080",False,,,
Cité Arquitetura,21) 2556-1813,,,,arquiteto,"Laranjeiras - Rio de Janeiro, RJ",Flamengo,"R. Barão do Flamengo, 32 - Sala 101 - Flamengo, Rio de Janeiro - RJ, 22220-080",False,,4.6,
Construir Arquitetura e Serviços Ltda,21) 3867-2772,,,,arquiteto,"Laranjeiras - Rio de Janeiro, RJ",Ramos,"R. Tambaú, 121 - Ramos, Rio de Janeiro - RJ, 21031-130",False,,3.5,
Rio Arquitetura,21) 3208-8724,,,,arquiteto,"Laranjeiras - Rio de Janeiro, RJ",RJ,"R. Miranda Valverde, 64 - Botafogo, Rio de Janeiro - RJ, 22281-000, Rio de Janeiro - RJ, 22050-001",False,,5.0,
Studio MX-Fotografia e Filmagem/Max HCarvalho/VHS p/MP4-Pendrive,21) 99793-1322,5521987300333,,,fotógrafo,"Laranjeiras - Rio de Janeiro, RJ",Laranjeiras,"Próximo ao Metrô, Galeria Hollywood Center - R. das Laranjeiras, 21 - loja 19 - Laranjeiras, Rio de Janeiro - RJ, 22240-000",False,,5.0,
Mapa Fotografia,21) 99218-5247,5521987300333,,,fotógrafo,"Laranjeiras - Rio de Janeiro, RJ",Laranjeiras,"R. Gen. Glicério, 486 - APT 403 - Laranjeiras, Rio de Janeiro - RJ, 22245-120",False,,,
"Ensaio Corporativo, Sensual e de Gestante por Patrícia Frochlich",21) 99608-4417,5521987300333,,,fotógrafo,"Laranjeiras - Rio de Janeiro, RJ",Glória,"Rua Conde de Lages, 44 - Glória, Rio de Janeiro - RJ, 20241-080",False,,5.0,
Câmera e Ação,21) 98508-5306,5521987300333,https://www.instagram.com/nandopessoafoto?igsh=cjhwNzV4dDR5cnBv&utm_source=qr,,fotógrafo,"Laranjeiras - Rio de Janeiro, RJ",Flamengo,"R. Paissandu, 406 - Flamengo, Rio de Janeiro - RJ, 22210-080",False,,5.0,
Fonte São Sebastião,21) 98061-2189,5521987300333,,,fotógrafo,"Laranjeiras - Rio de Janeiro, RJ",Laranjeiras,"R. Alice, 1476 - Laranjeiras, Rio de Janeiro - RJ, 22241-020",False,,5.0,
Espaço Sobrado - Estúdio musical,21) 3598-0561,5521987300333,https://www.instagram.com/espacosobrado,,fotógrafo,"Laranjeiras - Rio de Janeiro, RJ",Sobrado,"Praça São Salvador, 1 - Sobrado, Rio de Janeiro - RJ, 22231-130",False,https://www.instagram.com/espacosobrado/,5.0,
Escola Municipal José de Alencar,21) 2265-8836,,https://instagram.com/portaldossonslaranjeiras?igshid=YmMyMTA2M2Y=,,escola,"Laranjeiras - Rio de Janeiro, RJ",Laranjeiras,"R. das Laranjeiras, 397 - Laranjeiras, Rio de Janeiro - RJ, 22240-005",False,,,
Escola da Travessa,21) 99964-4700,21) 99964-4700,https://instagram.com/portaldossonslaranjeiras?igshid=YmMyMTA2M2Y=,,escola,"Laranjeiras - Rio de Janeiro, RJ",Laranjeiras,"Tv. Eurícles de Matos, 32 - Laranjeiras, Rio de Janeiro - RJ, 22240-010",False,,4.9,
Florescendo Escola de Educação Infantil,21) 2554-6055,,https://instagram.com/portaldossonslaranjeiras?igshid=YmMyMTA2M2Y=,,escola,"Laranjeiras - Rio de Janeiro, RJ",Laranjeiras,"R. Marquês de Pinedo, 66 - Laranjeiras, Rio de Janeiro - RJ, 22231-080",False,,4.9,
Espaço de Desenvolvimento Infantil Professora Sarita Konder,21) 2552-7898,,https://instagram.com/portaldossonslaranjeiras?igshid=YmMyMTA2M2Y=,,escola,"Laranjeiras - Rio de Janeiro, RJ",Laranjeiras,"R. Alice, 1890 - Laranjeiras, Rio de Janeiro - RJ, 22241-020",False,,4.3,
Escola Municipal Educandário Romão de Mattos Duarte,2205-8298,,https://instagram.com/portaldossonslaranjeiras?igshid=YmMyMTA2M2Y=,,escola,"Laranjeiras - Rio de Janeiro, RJ",Laranjeiras,"R. das Laranjeiras, 397 - Fundos - Laranjeiras, Rio de Janeiro - RJ, 22240-005",False,,5.0,
Escola Municipal Albert Schweitzer,21) 2225-1692,,https://instagram.com/portaldossonslaranjeiras?igshid=YmMyMTA2M2Y=,,escola,"Laranjeiras - Rio de Janeiro, RJ",Laranjeiras,"R. Gen. Glicério, 186 - Laranjeiras, Rio de Janeiro - RJ, 22245-120",False,,,
Portal dos Sons - Unidade Laranjeiras,21) 97067-7537,21) 97067-7537,https://instagram.com/portaldossonslaranjeiras?igshid=YmMyMTA2M2Y=,,escola,"Laranjeiras - Rio de Janeiro, RJ",Laranjeiras,"R. das Laranjeiras, 122 - loja 1 - Laranjeiras, Rio de Janeiro - RJ, 22240-000",False,https://instagram.com/portaldossonslaranjeiras?igshid=YmMyMTA2M2Y=,5.0,
Escola Municipal Senador Corrêa,21) 2245-5560,,https://instagram.com/portaldossonslaranjeiras?igshid=YmMyMTA2M2Y=,,escola,"Laranjeiras - Rio de Janeiro, RJ",Laranjeiras,"R. Esteves Júnior, 42 - Laranjeiras, Rio de Janeiro - RJ, 22231-160",False,,,
Escola Beit Menachem,,,https://instagram.com/portaldossonslaranjeiras?igshid=YmMyMTA2M2Y=,,escola,"Laranjeiras - Rio de Janeiro, RJ",Laranjeiras,"R. das Laranjeiras, 342 - Laranjeiras, Rio de Janeiro - RJ, 22240-003",False,,5.0,
Colégio Divertivendo,21) 2553-8007,,https://instagram.com/portaldossonslaranjeiras?igshid=YmMyMTA2M2Y=,,escola,"Laranjeiras - Rio de Janeiro, RJ",Laranjeiras,"R. Coelho Neto, 74 - Laranjeiras, Rio de Janeiro - RJ, 22231-110",False,,,
Curso Livre de Música Ritmar,21) 98841-9749,21) 98841-9749,https://www.instagram.com/cursoritmar,,curso livre,"Laranjeiras - Rio de Janeiro, RJ",Centro,"R. Ten. José Dias, 513 - sala 401 e 403 - Centro, Duque de Caxias - RJ, 25010-305",False,https://www.instagram.com/cursoritmar/,5.0,
Andréia Avelar Terapias Naturais e Curso Livre,21) 97266-7530,21) 97266-7530,https://www.instagram.com/espacosaudegramacho,,curso livre,"Laranjeiras - Rio de Janeiro, RJ",São Bento,"R. Alcione, 18 - quadra c - São Bento, Duque de Caxias - RJ, 25045-360",False,,,
Centro de Referência em Cinema e Audiovisual,21) 2476-2991,,https://www.instagram.com/espacosaudegramacho,,curso livre,"Laranjeiras - Rio de Janeiro, RJ",Laranjeiras,"R. Ipiranga, 75 - Laranjeiras, Rio de Janeiro - RJ, 22231-120",False,,4.6,
Escola de Música Dominante Music Curso Livre,21) 99717-1702,21) 99717-1702,https://www.instagram.com/espacosaudegramacho,,curso livre,"Laranjeiras - Rio de Janeiro, RJ",,,False,,5.0,
Escola Superior de Desenho Industrial da UERJ,21) 2332-6910,,,,curso livre,"Laranjeiras - Rio de Janeiro, RJ",Centro,"R. do Passeio, 80 - Centro, Rio de Janeiro - RJ, 20031-040",False,,4.7,
MT Cursos em Saúde,21) 99509-5924,552121995095924,https://www.instagram.com/nicsaude,,curso livre,"Laranjeiras - Rio de Janeiro, RJ",Centro,"R. S. José, n°90 - sala 2201 - Centro, Rio de Janeiro - RJ, 20050-006",False,,5.0,
Clínica Médica Do Pantanal,21) 2080-5650,,,,clínica médica,"Laranjeiras - Rio de Janeiro, RJ",Pantanal,"R. Mal. Dantas Barreto - Pantanal, Duque de Caxias - RJ, 25040-560",False,,4.3,
Clínica da Família - Pantanal,,,,,clínica médica,"Laranjeiras - Rio de Janeiro, RJ",Pantanal,"R. Mal. Dantas Barreto, 1330 - Pantanal, Duque de Caxias - RJ, 25040-560",False,,,
Clinica Sant'anna,21) 2553-5545,,,,clínica médica,"Laranjeiras - Rio de Janeiro, RJ",Laranjeiras,"R. Soares Cabral, 38 - Laranjeiras, Rio de Janeiro - RJ, 22240-070",False,,4.4,
Centro Médico Paysandu,21) 2553-5553,,,,clínica médica,"Laranjeiras - Rio de Janeiro, RJ",Laranjeiras,"Rua Presidente Carlos de Campos, 45 - Laranjeiras, Rio de Janeiro - RJ, 22231-080",False,,4.0,
Centro Clínico Laranjeiras,27) 3298-7300,,,,clínica médica,"Laranjeiras - Rio de Janeiro, RJ",Parque Res. Laranjeiras,"Av. Central, 621 - Parque Res. Laranjeiras, Serra - ES, 29165-130",False,,2.8,
Estética Facial e Corporal - Carlota Bem Estar,21) 99552-8686,21) 99552-8686,https://www.instagram.com/carlotabemestar,,harmonização facial,"Laranjeiras - Rio de Janeiro, RJ",Laranjeiras,"Galeria Hollywood Center - R. das Laranjeiras, 21 - loja 26 - Laranjeiras, Rio de Janeiro - RJ, 22240-000",False,https://www.instagram.com/carlotabemestar,4.9,
Espaço Facial Jardim Botânico - Harmonização Facial,21) 98281-8948,21) 98281-8948,,,harmonização facial,"Laranjeiras - Rio de Janeiro, RJ",Jardim Botânico,"R. Jardim Botânico, 568 - loja G - Jardim Botânico, Rio de Janeiro - RJ, 22261-070",False,,4.9,
Dra. Janyne Calmon - Harmonização Facial,21) 3580-1126,,https://www.instagram.com/drafrancinevieira,,harmonização facial,"Laranjeiras - Rio de Janeiro, RJ",Ipanema,"R. Visc. de Pirajá, 351 - Sl. 1009 - Ipanema, Rio de Janeiro - RJ, 22410-906",False,,4.8,
"Dr. Lucas Carttman | Harmonização Facial, Corporal e Íntima",21) 99740-2871,21) 99740-2871,https://www.instagram.com/drafrancinevieira,,harmonização facial,"Laranjeiras - Rio de Janeiro, RJ",Ipanema,"R. Visc. de Pirajá, 414 - Sala 718 - Ipanema, Rio de Janeiro - RJ, 22410-002",False,,,
"Dra. Caroline Fendeler | Botox, Harmonização Facial - Ipanema/Zona Sul/Rio de Janeiro/RJ",21) 99936-0949,21) 99936-0949,https://www.instagram.com/drafrancinevieira,,harmonização facial,"Laranjeiras - Rio de Janeiro, RJ",Ipanema,"R. Visc. de Pirajá, 82 - Ipanema, Rio de Janeiro - RJ, 22410-904",False,https://www.instagram.com/carolinefendeler,5.0,
"Vanessa Veiga | Botox, Bioestimulador e Harmonização Facial em Ipanema",21) 99757-1303,21) 99757-1303,https://www.instagram.com/drafrancinevieira,,harmonização facial,"Laranjeiras - Rio de Janeiro, RJ",Ipanema,"R. Maria Quitéria, 59 - 2 andar - sala 205 - Ipanema, Rio de Janeiro - RJ, 22410-040",False,https://www.instagram.com/dravanessaveiga?igsh=MXh1MW0ycXQ4N28wdg==,5.0,
Dra. Mônica Casimiro Ortodontia Alinhadores Harmonização Facial,21) 97065-4808,21) 97065-4808,https://www.instagram.com/drafrancinevieira,,harmonização facial,"Laranjeiras - Rio de Janeiro, RJ",Laranjeiras,"R. Gago Coutinho, 59 - Laranjeiras, Rio de Janeiro - RJ, 22221-070",False,,5.0,
Face 2 Face,21) 98946-3969,21) 98946-3969,https://www.instagram.com/drafrancinevieira,,harmonização facial,"Laranjeiras - Rio de Janeiro, RJ",Ipanema,"R. Visc. de Pirajá, 547 - loja 111 - Ipanema, Rio de Janeiro - RJ, 22410-900",False,,5.0,
Cílios & Sobrancelhas -Ipanema/Laranjeiras,21) 97542-5659,21) 97542-5659,https://www.instagram.com/paulamartinsmicro2?igsh=MWQ4N2FlZmNldzRmag%3D%3D&utm_source=qr,,micropigmentação,"Laranjeiras - Rio de Janeiro, RJ",Laranjeiras,"sobreloja 204 - Laranjeiras, Rio de Janeiro - RJ, 22400-000",False,https://www.instagram.com/paulamartinsmicro2?igsh=MWQ4N2FlZmNldzRmag%3D%3D&utm_source=qr,4.8,
Mariane Sampaio Design de Sobrancelhas e Micropigmentação,21) 99495-1718,https://api.whatsapp.com/send?phone=5521994951718,https://www.instagram.com/marianesampaiomicropigmentacao?igsh=MTZrN29tcW0yaGp5Mw==,,micropigmentação,"Laranjeiras - Rio de Janeiro, RJ",Parque Fluminense,"Av. Fernando Ferrari, 1020 - Parque Fluminense, Duque de Caxias - RJ, 25040-004",False,https://www.instagram.com/marianesampaiomicropigmentacao?igsh=MTZrN29tcW0yaGp5Mw==,4.8,
EYSHILA SOBRANCELHAS,21) 96588-7623,https://api.whatsapp.com/send/?phone=5521965887623&text&app_absent=0,https://instagram.com/eyshila_sobrancelhas?igshid=t7uyajvc57l5,,micropigmentação,"Laranjeiras - Rio de Janeiro, RJ",Pantanal,"Av. Gomes Freire, 420 - Pantanal, Duque de Caxias - RJ, 25040-160",False,https://instagram.com/eyshila_sobrancelhas?igshid=t7uyajvc57l5,5.0,
PL Studio de Micropigmentação e extensão de cílios,21) 98988-0494,21) 98988-0494,,,micropigmentação,"Laranjeiras - Rio de Janeiro, RJ",Vila Leopoldina,"Av. Gen. Rondon, lote 45 - quadra 4 - Vila Leopoldina, Duque de Caxias - RJ, 25060-236",False,,5.0,
Fernanda Soares - Remoção a Laser - Duque De Caxias - Recreio dos bandeirantes - Niterói,21) 98906-9523,21) 98906-9523,,,micropigmentação,"Laranjeiras - Rio de Janeiro, RJ",Vila Leopoldina,"R. Catumbi, 29 - Vila Leopoldina, Duque de Caxias - RJ, 25060-380",False,,5.0,
STUDIO LIMA & OLIVER,21) 96883-2648,21) 96883-2648,https://www.instagram.com/studiolimaeoliver,,micropigmentação,"Laranjeiras - Rio de Janeiro, RJ",Wona,"Av. Joaquim da Costa Lima, 10101 - Wona, Belford Roxo - RJ, 26187-380",False,https://www.instagram.com/studiolimaeoliver/,4.9,
Studio Gabriela Moraes,21) 98877-0469,21) 98877-0469,https://www.instagram.com/p/CmCBxv4O4Jk/?igshid=NTdlMDg3MTY=,,micropigmentação,"Laranjeiras - Rio de Janeiro, RJ",Flamengo,"Rua Conde de Baependi, 54 - Flamengo, Rio de Janeiro - RJ, 22231-140",False,https://www.instagram.com/p/CmCBxv4O4Jk/?igshid=NTdlMDg3MTY=,5.0,
Wink Sobrancelhas - Laranjeiras,21) 97229-3112,21) 97229-3112,,,micropigmentação,"Laranjeiras - Rio de Janeiro, RJ",Laranjeiras,"R. das Laranjeiras, n° 29 - loja 202 - Laranjeiras, Rio de Janeiro - RJ, 22240-000",False,,4.1,
Lu! Cabebeleireira e micropigmentação a domicílio,53) 99713-9678,53) 99713-9678,https://www.instagram.com/lucianamoroacademy/profilecard/?igsh=MW51ZGpnbHc4azJubQ==,,micropigmentação,"Laranjeiras - Rio de Janeiro, RJ",Flamengo,"Av. Rui Barbosa, 636 - Flamengo, Rio de Janeiro - RJ, 22250-020",False,https://www.instagram.com/lucianamoroacademy/profilecard/?igsh=MW51ZGpnbHc4azJubQ==,5.0,
Luiza Campos Studio - Extensão de cílios - Sobrancelhas - Micropigmentação,21) 99535-0399,21) 99535-0399,https://www.instagram.com/luizacampos.studio?igsh=MXU5dDN4YmU4aTU3ag==&utm_source=qr,,micropigmentação,"Laranjeiras - Rio de Janeiro, RJ",Estácio,"R. São Cláudio, 06 - Estácio, Rio de Janeiro - RJ, 20250-060",False,https://www.instagram.com/luizacampos.studio?igsh=MXU5dDN4YmU4aTU3ag==&utm_source=qr,5.0,
Daniele Sobrancelhas - Cílios - Micropigmentação - Depilação Centro 1 RJ.,,5521971361424,https://instagram.com/danielesobrancelhas_centrorj?utm_medium=copy_link,,micropigmentação,"Laranjeiras - Rio de Janeiro, RJ",Centro,"R. Riachuelo, 73 - Centro, Rio de Janeiro - RJ, 20230-010",False,https://instagram.com/danielesobrancelhas_centrorj?utm_medium=copy_link,4.8,
Fernanda Soares - Remoção a Laser - Despigmentação - Duque de Caxias - Xerém - Nilópolis - Recreio dos bandeirantes - Niterói,21) 96617-7727,21) 96617-7727,https://instagram.com/fernandasoares.pmu?igshid=MzRlODBiNWFlZA==,,micropigmentação,"Laranjeiras - Rio de Janeiro, RJ",Vila Leopoldina,"R. Catumbi, 29 - Vila Leopoldina, Duque de Caxias - RJ, 25060-380",False,https://instagram.com/fernandasoares.pmu?igshid=MzRlODBiNWFlZA==,5.0,
Amanda Lucca Micropigmentação e estética,21) 97114-1997,21) 97114-1997,,,micropigmentação,"Laranjeiras - Rio de Janeiro, RJ",Vista Alegre,"Av. Brás de Pina, 1720 - Vista Alegre, Rio de Janeiro - RJ, 21235-603",False,,5.0,
Larissa Augusto Beauty - Micropigmentação & Cílios,21) 97968-0780,21) 97968-0780,https://www.instagram.com/invites/contact/?i=dj9ao0ztr8wx&utm_content=4otc1uy,,micropigmentação,"Laranjeiras - Rio de Janeiro, RJ",Madureira,"Estr. do Portela - Madureira, Rio de Janeiro - RJ, 21351-051",False,https://www.instagram.com/invites/contact/?i=dj9ao0ztr8wx&utm_content=4otc1uy,4.7,
JHESSICA MONTEIRO MICROPIGMENTAÇÃO,21) 96467-3895,21) 96467-3895,,,micropigmentação,"Laranjeiras - Rio de Janeiro, RJ",Del Castilho,"Av. Pastor Martin Luther King Jr., 126 - Del Castilho, Rio de Janeiro - RJ, 20765-000",False,,5.0,
Studio Laranjeiras,21) 2558-2952,,,,micropigmentação,"Laranjeiras - Rio de Janeiro, RJ",Laranjeiras,"R. das Laranjeiras, 103 - loja J e K - Laranjeiras, Rio de Janeiro - RJ, 22321-180",False,,5.0,
Thayná Bernardo - Beauty & Academy | CÍLIOS | SOBRANCELHAS | MICROPIGMENTAÇÃO,21) 96484-9845,21) 96484-9845,https://www.instagram.com/thayybernardoo?igsh=MW5pdzduYXhxbG9uaA==&utm_source=qr,,micropigmentação,"Laranjeiras - Rio de Janeiro, RJ",Anchieta,"R. Ten. Lassance, 101 - Anchieta, Rio de Janeiro - RJ, 21635-220",False,https://www.instagram.com/thayybernardoo?igsh=MW5pdzduYXhxbG9uaA==&utm_source=qr,5.0,
Broto Laranjeiras Decoração,21) 99884-7276,21) 99884-7276,http://www.instagram.com/broto.laranejeiras,,designer de interiores,"Laranjeiras - Rio de Janeiro, RJ",Laranjeiras,"Praça São Salvador, 5 - Laranjeiras, Rio de Janeiro - RJ, 22231-170",False,http://www.instagram.com/broto.laranejeiras,4.6,
Dream Design Arquitetura e Interiores,21) 99473-6966,21) 99473-6966,http://www.instagram.com/broto.laranejeiras,,designer de interiores,"Laranjeiras - Rio de Janeiro, RJ",Pitangueiras,"R. Flávio José da Costa - Pitangueiras, Rio de Janeiro - RJ, 21930-290",False,https://www.instagram.com/dreamdesignarq/,5.0,
arquitetura com sustentabilidade,,,http://www.instagram.com/broto.laranejeiras,,designer de interiores,"Laranjeiras - Rio de Janeiro, RJ",Laranjeiras,"R. das Laranjeiras - Laranjeiras, Rio de Janeiro - RJ, 22240-003",False,,5.0,
Studio LM+,21) 99994-4683,21) 99994-4683,http://www.instagram.com/broto.laranejeiras,,designer de interiores,"Laranjeiras - Rio de Janeiro, RJ",Barra da Tijuca,"ED, Dimension Office Park - AV. ABELARDO BUENO, 1, Av. Ayrton Senna, 2 - Barra da Tijuca, Rio de Janeiro - RJ, 22775-040",False,https://www.instagram.com/studiolmais/,5.0,
Alessandra Carvalho Design,21) 99772-2656,21) 99772-2656,http://www.instagram.com/broto.laranejeiras,,designer de interiores,"Laranjeiras - Rio de Janeiro, RJ",Laranjeiras,"R. das Laranjeiras, 218 - Laranjeiras, Rio de Janeiro - RJ, 22240-003",False,https://www.instagram.com/alessandracarvalhodesign,5.0,
Vip Design Interiores,21) 2556-5056,,http://www.instagram.com/broto.laranejeiras,,designer de interiores,"Laranjeiras - Rio de Janeiro, RJ",Flamengo,"R. Dois de Dezembro, 81 A - Flamengo, Rio de Janeiro - RJ, 22220-040",False,,4.6,
Foccus Training,21) 99220-6047,21) 99220-6047,https://instagram.com/anderalvesfit?igshid=14slxneyp2mkf,,personal trainer,"Laranjeiras - Rio de Janeiro, RJ",Laranjeiras,"R. das Laranjeiras, 265 - Laranjeiras, Rio de Janeiro - RJ, 22240-004",False,,4.8,
Carol Menezes Personal Trainer - Emagrecimento gentil para mulheres reais.,21) 97612-6113,21) 97612-6113,https://instagram.com/flecha_cf?igshid=1jtbtz8cn3lna,,personal trainer,"Laranjeiras - Rio de Janeiro, RJ",RJ,"Flamengo, Rio de Janeiro - RJ, 26187-180",False,,5.0,
Flecha CFP,21) 98171-0993,21) 98171-0993,https://instagram.com/flecha_cf?igshid=1jtbtz8cn3lna,,personal trainer,"Laranjeiras - Rio de Janeiro, RJ",Laranjeiras,"R. Ipiranga, 67 - Laranjeiras, Rio de Janeiro - RJ, 22231-120",False,https://instagram.com/flecha_cf?igshid=1jtbtz8cn3lna,4.8,
Personal Helder Mathias,21) 96515-6933,21) 96515-6933,https://instagram.com/flecha_cf?igshid=1jtbtz8cn3lna,,personal trainer,"Laranjeiras - Rio de Janeiro, RJ",Catete,"Largo do Machado, 29 - Catete, Rio de Janeiro - RJ, 22221-020",False,,5.0,
Faby Personal,21) 99146-6147,21) 99146-6147,https://instagram.com/flecha_cf?igshid=1jtbtz8cn3lna,,personal trainer,"Laranjeiras - Rio de Janeiro, RJ",Tijuca,"R. Dona Zulmira, 63 - Tijuca, Rio de Janeiro - RJ, 20550-160",False,,5.0,
Anderson Alves - Personal Trainer e Nutricionista,21) 96501-4523,21) 96501-4523,https://instagram.com/flecha_cf?igshid=1jtbtz8cn3lna,,personal trainer,"Laranjeiras - Rio de Janeiro, RJ",Flamengo,"R. Sen. Vergueiro, 93 - Flamengo, Rio de Janeiro - RJ, 22230-000",False,https://instagram.com/anderalvesfit?igshid=14slxneyp2mkf,5.0,
Nando Costa Personal Trainer,21) 99203-8102,21) 99203-8102,https://instagram.com/flecha_cf?igshid=1jtbtz8cn3lna,,personal trainer,"Laranjeiras - Rio de Janeiro, RJ",Cosme Velho,"R. das Laranjeiras, 536 - Cosme Velho, Rio de Janeiro - RJ, 22240-005",False,,,
Estúdio Salemi,21) 96434-4597,21) 96434-4597,https://www.instagram.com/jaquelineoliveirapersonal,,personal trainer,"Laranjeiras - Rio de Janeiro, RJ",Tijuca,"Rua Conde de Bonfim, 112/801 - Tijuca, Rio de Janeiro - RJ, 20520-050",False,,5.0,
espaço praxis,21) 99533-1601,21) 99533-1601,https://www.instagram.com/jaquelineoliveirapersonal,,personal trainer,"Laranjeiras - Rio de Janeiro, RJ",Tijuca,"Rua Conde de Bonfim, 232 - sala 311 - Tijuca, Rio de Janeiro - RJ, 20520-054",False,,5.0,
Luiza Coelho Personal Trainer,21) 98532-9171,21) 98532-9171,https://www.instagram.com/jaquelineoliveirapersonal,,personal trainer,"Laranjeiras - Rio de Janeiro, RJ",Tijuca,"Rua Conde de Bonfim, 159 - Tijuca, Rio de Janeiro - RJ, 20520-050",False,https://www.instagram.com/luizacoelhopersonal?igsh=cnN3M3liYm5xYWg2,5.0,
Clínica Essence Corpo & Mente Laranjeiras,,,https://www.instagram.com/?deoia=1,,consultório,"Laranjeiras - Rio de Janeiro, RJ",Laranjeiras,"R. das Laranjeiras, 430 - loja i - Laranjeiras, Rio de Janeiro - RJ, 22240-006",False,,,
CONSULTAS DE JOGO DE BÚZIOS,21) 96665-7249,21) 96665-7249,https://www.instagram.com/?deoia=1,,consultório,"Laranjeiras - Rio de Janeiro, RJ",Laranjeiras,"R. Alice - Laranjeiras, Rio de Janeiro - RJ, 22241-020",False,https://www.instagram.com/?deoia=1,5.0,
Nutricionista Caio Loureiro,21) 97615-0653,21) 97615-0653,https://www.instagram.com/?deoia=1,,consultório,"Laranjeiras - Rio de Janeiro, RJ",Laranjeiras,"R. das Laranjeiras, 430 - Loja I - Laranjeiras, Rio de Janeiro - RJ, 22240-006",False,,5.0,
De pé pra pé,21) 99816-4124,21) 99816-4124,https://www.instagram.com/?deoia=1,,consultório,"Laranjeiras - Rio de Janeiro, RJ",Laranjeiras,"R. das Laranjeiras, 363 - Loja K - Laranjeiras, Rio de Janeiro - RJ, 22240-005",False,,5.0,
Tarot e baralho cigano lya bayma,21) 99603-2577,21) 99603-2577,https://www.instagram.com/?deoia=1,,consultório,"Laranjeiras - Rio de Janeiro, RJ",Laranjeiras,"R. das Laranjeiras, 457 - Laranjeiras, Rio de Janeiro - RJ, 22240-005",False,,5.0,
Consultório de psiquiatra de crianças e adolescentes,21) 2225-6645,,https://www.instagram.com/?deoia=1,,consultório,"Laranjeiras - Rio de Janeiro, RJ",Laranjeiras,"R. Prof. Estelita Lins, 90 - Laranjeiras, Rio de Janeiro - RJ, 22245-150",False,,4.7,
clinica santa maria,,,https://www.instagram.com/?deoia=1,,consultório,"Laranjeiras - Rio de Janeiro, RJ",Cosme Velho,"R. Cosme Velho, 318 - Cosme Velho, Rio de Janeiro - RJ, 22241-090",False,,5.0,
Psicólogo Clínico | Mathews Ribeiro,21) 97369-5394,21) 97369-5394,https://www.instagram.com/?deoia=1,,consultório,"Laranjeiras - Rio de Janeiro, RJ",Laranjeiras,"R. das Laranjeiras - Laranjeiras, Rio de Janeiro - RJ, 22240-001",False,https://instagram.com/mathewslribeiro,5.0,
Ana Lúcia Studio,21) 97201-6407,21) 97201-6407,https://www.instagram.com/analuciaastudio,,clínica de estética,"Humaitá - Rio de Janeiro, RJ",Humaitá,"R. Voluntários da Pátria, 452 - Loja O - Humaitá, Rio de Janeiro - RJ, 22270-018",False,https://www.instagram.com/analuciaastudio/,5.0,
Centro Médico Humaitá,21) 2246-0253,,https://www.instagram.com/analuciaastudio,,clínica de estética,"Humaitá - Rio de Janeiro, RJ",Humaitá,"R. Macedo Sobrinho, 8 - sala 201 - Humaitá, Rio de Janeiro - RJ, 22271-080",False,,5.0,
Clinica Inova Estética,21) 2527-9145,,https://www.instagram.com/analuciaastudio,,clínica de estética,"Humaitá - Rio de Janeiro, RJ",Botafogo,"R. Paulino Fernandes, 5 - Botafogo, Rio de Janeiro - RJ, 22270-050",False,,4.7,
Clínica Multidisciplinar Saúde Mental Rio - Mental Rio,21) 3854-0010,,https://www.instagram.com/analuciaastudio,,clínica de estética,"Humaitá - Rio de Janeiro, RJ",Humaitá,"R. Mario de Andrade, 10 - Humaitá, Rio de Janeiro - RJ, 22260-220",False,https://www.instagram.com/mentalrio/,4.3,
Instituto Miranda,21) 98088-1427,21) 98088-1427,https://www.instagram.com/analuciaastudio,,clínica de estética,"Humaitá - Rio de Janeiro, RJ",Humaitá,"Largo dos Leões, 81 - Humaitá, Rio de Janeiro - RJ, 22260-210",False,https://www.instagram.com/institutomiranda/?igshid=YmMyMTA2M2Y=,4.8,
Clínica de Estética,,,https://www.instagram.com/analuciaastudio,,clínica de estética,"Humaitá - Rio de Janeiro, RJ",Copacabana,"Rua Siqueira Campos - Copacabana, Rio de Janeiro - RJ, 22031-070",False,,,
Consultório Médico Botafogo Emagrecimento Nutrologia e Obesidade | Dra. Monique Bastos | Clínico Geral Clínica Médica Rj,21) 97096-8188,5521970968188,https://www.instagram.com/analuciaastudio,,clínica de estética,"Humaitá - Rio de Janeiro, RJ",Botafogo,"R. Voluntários da Pátria, 190 - Sala 925 - Botafogo, Rio de Janeiro - RJ, 22270-012",False,,4.9,
Bia Penteado | Terapeuta Bioenergética | Humaitá,21) 98223-2718,5521982232718,https://www.instagram.com/analuciaastudio,,clínica de estética,"Humaitá - Rio de Janeiro, RJ",Humaitá,"R. Miguel Pereira, 38 - Humaitá, Rio de Janeiro - RJ, 22261-030",False,,5.0,
Espaço Prime Salão de Festas,21) 97016-0984,21) 97016-0984,https://www.instagram.com/villapremiumrj,,salão premium,"Humaitá - Rio de Janeiro, RJ",Brás de Pina,"Av. Antenor Navarro, 368 - Brás de Pina, Rio de Janeiro - RJ, 21012-250",False,https://www.instagram.com/espaco_prime_oficial/,4.6,
Prime House,21) 98064-6718,21) 98064-6718,https://www.instagram.com/villapremiumrj,,salão premium,"Humaitá - Rio de Janeiro, RJ",Bento Ribeiro,"R. Ludgéro Pinho, 366 - Bento Ribeiro, Rio de Janeiro - RJ, 21550-300",False,,4.1,
Salão de festa prime,,,https://www.instagram.com/villapremiumrj,,salão premium,"Humaitá - Rio de Janeiro, RJ",Bangu,"Caminho da Figueira - Bangu, Rio de Janeiro - RJ, 21854-154",False,,,
Salão Prime Festas,21) 97545-6699,21) 97545-6699,https://www.instagram.com/villapremiumrj,,salão premium,"Humaitá - Rio de Janeiro, RJ",Bangu,"R. do Irerê, 147 - Bangu, Rio de Janeiro - RJ, 21875-230",False,,5.0,
Salão de festas Espaço West Prime,21) 99742-2867,21) 99742-2867,https://www.instagram.com/villapremiumrj,,salão premium,"Humaitá - Rio de Janeiro, RJ",Bangu,"R. Pedro Pomar, 130 - Bangu, Rio de Janeiro - RJ, 21852-620",False,,5.0,
Espaço Premium Beleza e Estética,21) 3039-6228,,https://www.instagram.com/villapremiumrj,,salão premium,"Humaitá - Rio de Janeiro, RJ",Centro,"Rua Professor Alfredo Gonçalves Filgue 369iras, R. Prof. Alfredo Gonçalves Figueira, 369 - LOJA 02 - Centro, Nilópolis - RJ, 26525-060",False,,4.7,
BELLÍSSIMA Studio Prime,21) 98966-5319,21) 98966-5319,https://www.instagram.com/mysticsalao?igsh=MTFmanlveXJhaGk4bg==,,salão premium,"Humaitá - Rio de Janeiro, RJ",Barra Olímpica,"Loja SPA dentro da Ironzone Premium - Estr. Cel. Pedro Corrêa, 261 - Barra Olímpica, Rio de Janeiro - RJ, 22775-090",False,https://www.instagram.com/bellissima_studio_prime/,5.0,
Barbearia Don Peres Humaita,21) 98164-3886,21) 98164-3886,https://www.instagram.com/jldocorte,,barbearia premium,"Humaitá - Rio de Janeiro, RJ",Humaitá,"R. Humaitá, 149 - Loja B - Humaitá, Rio de Janeiro - RJ, 22261-003",False,,4.9,
Barbearia Premium,,,https://www.instagram.com/jldocorte,,barbearia premium,"Humaitá - Rio de Janeiro, RJ",Taquara,"R. do Caule, 12 - Taquara, Rio de Janeiro - RJ, 22713-582",False,https://www.instagram.com/jldocorte/,4.9,
Orlion barbearia premium,21) 97541-5868,21) 97541-5868,,,barbearia premium,"Humaitá - Rio de Janeiro, RJ",Penha,"R. Afonso Ribeiro, 394 - Loja c - Penha, Rio de Janeiro - RJ, 21021-000",False,,5.0,
NAVALHA PREMIUM BARBEARIA,,,,,barbearia premium,"Humaitá - Rio de Janeiro, RJ",Manguinhos,"R. Uranos, 1206 - Manguinhos, Rio de Janeiro - RJ, 21060-070",False,,5.0,
Legacy barber premium,21) 98197-6518,21) 98197-6518,,,barbearia premium,"Humaitá - Rio de Janeiro, RJ",Baldeador,"Estr. Bento Pestana, 963 - loja 2 - Baldeador, Niterói - RJ, 24140-150",False,,5.0,
DG BARBER PREMIUM,21) 98686-4144,21) 98686-4144,,,barbearia premium,"Humaitá - Rio de Janeiro, RJ",Jardim Palmares,"R. das Mangueiras, 123 - Jardim Palmares, Nova Iguaçu - RJ, 26277-610",False,,5.0,
Premium barber shop,21) 97650-6220,21) 97650-6220,https://www.instagram.com/barbeariapremi1?igsh=d3RsZTMzZ25jdXZ6,,barbearia premium,"Humaitá - Rio de Janeiro, RJ",Icaraí,"R. Pres. João Pessoa, 392 - loja 102 - Icaraí, Niterói - RJ, 24220-331",False,https://www.instagram.com/barbeariapremi1?igsh=d3RsZTMzZ25jdXZ6,5.0,
Barbearia Donati,21) 3486-3629,,,,barbearia premium,"Humaitá - Rio de Janeiro, RJ",Humaitá,"R. Humaitá, 68 - loja C - Humaitá, Rio de Janeiro - RJ, 22261-001",False,,4.9,
Bonaparte Barbearia - Botafogo Praia Shopping,21) 3489-2767,,https://instagram.com/bonapartebarbearia,,barbearia premium,"Humaitá - Rio de Janeiro, RJ",Botafogo,"Praia de Botafogo, 400 - Loja 203/204, 2º piso - Botafogo, Rio de Janeiro - RJ, 22250-040",False,https://instagram.com/bonapartebarbearia,4.9,
Studio Valente - Barbearia Premium,21) 97034-0097,21) 97034-0097,,,barbearia premium,"Humaitá - Rio de Janeiro, RJ",Ingá,"R. Dr. Nilo Peçanha, 99 - sala 301 - Ingá, Niterói - RJ, 24210-480",False,,5.0,
Diogo Barbeiro,21) 96932-6219,5521969326219,https://www.instagram.com/odiogosantos,,barbearia premium,"Humaitá - Rio de Janeiro, RJ",Humaitá,"R. São João Batista - Humaitá, Rio de Janeiro - RJ, 22270-030",False,https://www.instagram.com/odiogosantos,5.0,
Erre's Barbearia unidade 2,21) 95903-7966,21) 95903-7966,https://www.instagram.com/reel/DYAb_0MScCm/?igsh=MWE0ejBtYW15bG1qdw==,,barbearia premium,"Humaitá - Rio de Janeiro, RJ",Vila São Luis,"R. Santo Antônio, 200 - Vila São Luis, Duque de Caxias - RJ, 25086-050",False,https://www.instagram.com/reel/DYAb_0MScCm/?igsh=MWE0ejBtYW15bG1qdw==,5.0,
Centro Médico Humaitá,21) 2246-0253,5521975514475,,,dentista,"Humaitá - Rio de Janeiro, RJ",Humaitá,"R. Macedo Sobrinho, 8 - sala 201 - Humaitá, Rio de Janeiro - RJ, 22271-080",False,,5.0,
HAP Odontologia,21) 3495-7274,5521975514475,,,dentista,"Humaitá - Rio de Janeiro, RJ",Botafogo,"R. Real Grandeza, 108 - Sala 315 - Botafogo, Rio de Janeiro - RJ, 22281-034",False,,5.0,
Dr. Alexandre Luna e Dra. Patricia Miranda,21) 2579-2333,5521975514475,,,dentista,"Humaitá - Rio de Janeiro, RJ",Botafogo,"R. Voluntários da Pátria, 450 - Botafogo, Rio de Janeiro - RJ, 22270-018",False,,5.0,
"Beatriz Lima - Psicóloga, CRP 05/66345 | Psicoterapia on-line e presencial",21) 96777-7071,21) 96777-7071,https://www.instagram.com/mentalrio,,psicólogo,"Humaitá - Rio de Janeiro, RJ",RJ,"Humaitá, Rio de Janeiro - RJ, 22271-040",False,,5.0,
Dra. Carolina Duarte Psicóloga Gestalt Terapia,32) 98854-9371,5521969455189,https://www.instagram.com/mentalrio,,psicólogo,"Humaitá - Rio de Janeiro, RJ",Humaitá,"R. Miguel Pereira, 38 - Humaitá, Rio de Janeiro - RJ, 22261-090",False,,5.0,
Clínica Multidisciplinar Saúde Mental Rio - Mental Rio,21) 3854-0010,5521969455189,https://www.instagram.com/mentalrio,,psicólogo,"Humaitá - Rio de Janeiro, RJ",Humaitá,"R. Mario de Andrade, 10 - Humaitá, Rio de Janeiro - RJ, 22260-220",False,https://www.instagram.com/mentalrio/,4.3,
Psicóloga Tatiana Machado,21) 99382-2060,5521969455189,https://www.instagram.com/mentalrio,,psicólogo,"Humaitá - Rio de Janeiro, RJ",Humaitá,"R. Humaitá, 275 - Humaitá, Rio de Janeiro - RJ, 22261-005",False,https://www.instagram.com/psi_tattianamachado?igsh=bXYwa3MyMzYyMHIy,5.0,
Psicóloga Nina Stamato Ruschel,21) 99177-5253,5521969455189,https://www.instagram.com/mentalrio,,psicólogo,"Humaitá - Rio de Janeiro, RJ",Humaitá,"R. Cap. Salomão, 63 - Humaitá, Rio de Janeiro - RJ, 22271-040",False,https://instagram.com/escuta.nina?igshid=MzRlODBiNWFlZA==,5.0,
Isabela Machado Psicóloga - Saúde Mental e Psicanálise,21) 99100-3805,5521969455189,https://www.instagram.com/mentalrio,,psicólogo,"Humaitá - Rio de Janeiro, RJ",Botafogo,"Tv. Visc. de Morais, 139 - Botafogo, Rio de Janeiro - RJ, 22260-080",False,https://www.instagram.com/isabelacmachado.psi?igsh=MWlnMXh2bHZvMGE1bA==,5.0,
Renatha Marques | Psicóloga clínica,21) 99498-0980,https://api.whatsapp.com/send?phone=5521994922202,https://www.instagram.com/mentalrio,,psicólogo,"Humaitá - Rio de Janeiro, RJ",Humaitá,"Rua Marques, 7 - Humaitá, Rio de Janeiro - RJ, 22260-240",False,,,
Psicóloga Letícia Guedes - Psicologia,24) 99911-0044,5521969455189,https://www.instagram.com/mentalrio,,psicólogo,"Humaitá - Rio de Janeiro, RJ",Botafogo,"R. da Matriz, 26 - Botafogo, Rio de Janeiro - RJ, 22260-100",False,https://instagram.com/leguedespsi?igshid=MzMyNGUyNmU2YQ==&utm_source=qr,5.0,
Katia Mendonça Terapeuta,21) 99655-9235,5521969455189,https://www.instagram.com/mentalrio,,psicólogo,"Humaitá - Rio de Janeiro, RJ",Humaitá,"R. Humaitá, 66 - Humaitá, Rio de Janeiro - RJ, 22261-001",False,,5.0,
Psicóloga Tami Gabeira - Psicologia clínica e Orientação parental,21) 98732-6506,5521969455189,https://www.instagram.com/mentalrio,,psicólogo,"Humaitá - Rio de Janeiro, RJ",Humaitá,"R. Miguel Pereira, 38 - Humaitá, Rio de Janeiro - RJ, 22261-090",False,,,
Lucas Borda | Nutricionista Esportivo,21) 98144-8483,https://api.whatsapp.com/send?phone=5521965077350&text=Gostaria%20de%20saber%20mais%20sobre%20seus%20atendimentos,https://www.instagram.com/_nutridaphnypacheco?igsh=ZnV2YnlhNTE5Mmhj&utm_source=qr,,nutricionista,"Humaitá - Rio de Janeiro, RJ",Botafogo,"R. Voluntários da Pátria, 190 - Sala 925 - Botafogo, Rio de Janeiro - RJ, 22270-012",False,,5.0,
Nutricionista Daphny Pacheco,,https://api.whatsapp.com/send?phone=5521965077350&text=Gostaria%20de%20saber%20mais%20sobre%20seus%20atendimentos,https://www.instagram.com/_nutridaphnypacheco?igsh=ZnV2YnlhNTE5Mmhj&utm_source=qr,,nutricionista,"Humaitá - Rio de Janeiro, RJ",Botafogo,"R. Voluntários da Pátria, 45 - Botafogo, Rio de Janeiro - RJ, 22270-018",False,https://www.instagram.com/_nutridaphnypacheco?igsh=ZnV2YnlhNTE5Mmhj&utm_source=qr,5.0,
Nutricionista Ana Beatriz Tadini,21) 97456-1619,https://api.whatsapp.com/send?phone=5521965077350&text=Gostaria%20de%20saber%20mais%20sobre%20seus%20atendimentos,https://www.instagram.com/_nutridaphnypacheco?igsh=ZnV2YnlhNTE5Mmhj&utm_source=qr,,nutricionista,"Humaitá - Rio de Janeiro, RJ",Botafogo,"Rua General Góis Monteiro, 155 - Botafogo, Rio de Janeiro - RJ, 22290-080",False,,5.0,
Nutricionista Bárbara Araújo em Botafogo | Emagrecimento e Nutrição Esportiva,21) 97467-8853,https://api.whatsapp.com/send?phone=5521965077350&text=Gostaria%20de%20saber%20mais%20sobre%20seus%20atendimentos,https://www.instagram.com/_nutridaphnypacheco?igsh=ZnV2YnlhNTE5Mmhj&utm_source=qr,,nutricionista,"Humaitá - Rio de Janeiro, RJ",Botafogo,"R. Voluntários da Pátria, 45 - 7 andar - Botafogo, Rio de Janeiro - RJ, 22270-000",False,,5.0,
Dra Imanuely Borchardt - Nutricionista Oncológica RJ,,https://api.whatsapp.com/send?phone=5521965077350&text=Gostaria%20de%20saber%20mais%20sobre%20seus%20atendimentos,https://www.instagram.com/_nutridaphnypacheco?igsh=ZnV2YnlhNTE5Mmhj&utm_source=qr,,nutricionista,"Humaitá - Rio de Janeiro, RJ",Botafogo,"Praia de Botafogo, 300 - 4 andar - Botafogo, Rio de Janeiro - RJ, 22250-040",False,,5.0,
Nutricionista Esportivo e Clínico - Vitor Faria,21) 98813-0063,https://api.whatsapp.com/send?phone=5521965077350&text=Gostaria%20de%20saber%20mais%20sobre%20seus%20atendimentos,https://www.instagram.com/_nutridaphnypacheco?igsh=ZnV2YnlhNTE5Mmhj&utm_source=qr,,nutricionista,"Humaitá - Rio de Janeiro, RJ",Botafogo,"R. Sorocaba - Botafogo, Rio de Janeiro - RJ, 22271-110",False,,5.0,
Vanessa Lima Fisioterapia,21) 99265-1485,5521990077396,http://instagram.com/fisiolimavanessa,,fisioterapeuta,"Humaitá - Rio de Janeiro, RJ",Humaitá,"R. Voluntários da Pátria, 445 - sala 1008 - Humaitá, Rio de Janeiro - RJ, 22270-005",False,http://instagram.com/fisiolimavanessa,4.8,
Espaço Santé RJ,21) 99694-4400,21) 99694-4400,http://instagram.com/fisiolimavanessa,,fisioterapeuta,"Humaitá - Rio de Janeiro, RJ",Humaitá,"R. Visc. de Caravelas, 109 - Humaitá, Rio de Janeiro - RJ, 22271-042",False,,,
Fisioterapeuta Respiratório - Dr Antônio Rangel,21) 98871-8541,21) 98871-8541,http://instagram.com/fisiolimavanessa,,fisioterapeuta,"Humaitá - Rio de Janeiro, RJ",Botafogo,"R. Voluntários da Pátria, 190 - sala 1012 - Botafogo, Rio de Janeiro - RJ, 22270-012",False,,5.0,
"Fisioterapia:Dra. Maria Martins, fisioterapeuta de idosos, drenagem linfática, fisioterapia ortopédica.",21) 98958-7616,21) 98958-7616,http://instagram.com/fisiolimavanessa,,fisioterapeuta,"Humaitá - Rio de Janeiro, RJ",Botafogo,"R. Sorocaba, 344 - Botafogo, Rio de Janeiro - RJ, 22271-070",False,,5.0,
Guilherme Ferraz,21) 99429-4579,21) 99429-4579,http://instagram.com/fisiolimavanessa,,fisioterapeuta,"Humaitá - Rio de Janeiro, RJ",Humaitá,"R. Cap. Salomão, 34 - Humaitá, Rio de Janeiro - RJ, 22271-040",False,https://www.instagram.com/guilherme.ferraz.fisio?igsh=MTJzZXMwaXlwNzBwNg==,5.0,
Marcus Pereira - Fisioterapia Respiratória e Cardíaca no Rio de Janeiro.,21) 97983-2989,21) 97983-2989,http://instagram.com/fisiolimavanessa,,fisioterapeuta,"Humaitá - Rio de Janeiro, RJ",Botafogo,"R. Voluntários da Pátria, 190 - Sala 925 - Botafogo, Rio de Janeiro - RJ, 22270-012",False,,5.0,
BRISA ESTÚDIO DE PILATES,21) 3197-1090,,,,pilates,"Humaitá - Rio de Janeiro, RJ",Humaitá,"R. Vitório da Costa, 5 - A - Humaitá, Rio de Janeiro - RJ, 22261-060",False,,5.0,
Ateliê do Corpo,21) 2266-0530,,https://instagram.com/ateliedocorpo_humaita?igshid=MzRlODBiNWFlZA==,,pilates,"Humaitá - Rio de Janeiro, RJ",Humaitá,"R. Cap. Salomão, 63 - Humaitá, Rio de Janeiro - RJ, 22271-040",False,https://instagram.com/ateliedocorpo_humaita?igshid=MzRlODBiNWFlZA==,5.0,
Vanessa Lima Fisioterapia,21) 99265-1485,21) 99265-1485,http://instagram.com/fisiolimavanessa,,pilates,"Humaitá - Rio de Janeiro, RJ",Humaitá,"R. Voluntários da Pátria, 445 - sala 1008 - Humaitá, Rio de Janeiro - RJ, 22270-005",False,http://instagram.com/fisiolimavanessa,4.8,
Endorfina Academia,21) 3647-3999,,,,pilates,"Humaitá - Rio de Janeiro, RJ",Humaitá,"R. Humaitá, 12 - Humaitá, Rio de Janeiro - RJ, 22261-001",False,,4.9,
Vida Pilates,21) 99707-6710,21) 99707-6710,,,pilates,"Humaitá - Rio de Janeiro, RJ",Botafogo,"R. Dezenove de Fevereiro, 130 - Botafogo, Rio de Janeiro - RJ, 22280-030",False,,5.0,
SER Pilates Estúdio,21) 96426-0451,21) 96426-0451,https://www.instagram.com/ser.pilates.estudio,,pilates,"Humaitá - Rio de Janeiro, RJ",Botafogo,"R. Voluntários da Pátria, 190/319 - Botafogo, Rio de Janeiro - RJ, 22270-902",False,https://www.instagram.com/ser.pilates.estudio/,5.0,
Estúdio Arvoreser Pilates e Terapias Integrativas,21) 99896-2319,21) 99896-2319,http://www.instagram.com/estudio_arvoreser,,pilates,"Humaitá - Rio de Janeiro, RJ",Humaitá,"R. Miguel Pereira, 38 - sala 3 - Humaitá, Rio de Janeiro - RJ, 22261-000",False,http://www.instagram.com/estudio_arvoreser,5.0,
Espaço Fabiane Gonçalves,21) 97917-2353,21) 97917-2353,,,pilates,"Humaitá - Rio de Janeiro, RJ",Botafogo,"R. Real Grandeza, 108 - 309 - Botafogo, Rio de Janeiro - RJ, 22281-034",False,,5.0,
Bem Viver Pilates - Botafogo,21) 99620-7908,21) 99620-7908,https://www.instagram.com/bemviverpilates,,pilates,"Humaitá - Rio de Janeiro, RJ",Botafogo,"R. Voluntários da Pátria, 190 - Sala 203 - Botafogo, Rio de Janeiro - RJ, 22270-902",False,https://www.instagram.com/bemviverpilates,5.0,
Aulas de Pilates em Botafogo - RJ | Espaço Ser em Movimentos,21) 98685-7675,21) 98685-7675,,,pilates,"Humaitá - Rio de Janeiro, RJ",Botafogo,"R. Voluntários da Pátria, 258 - Botafogo, Rio de Janeiro - RJ, 22270-014",False,,5.0,
Pilates e Fisioterapia em Botafogo,21) 99764-6655,21) 99764-6655,,,pilates,"Humaitá - Rio de Janeiro, RJ",Botafogo,"R. Voluntários da Pátria, 190 - Botafogo, Rio de Janeiro - RJ, 22270-010",False,,4.5,
Academia Actual,21) 7854-8260,,,,academia boutique,"Humaitá - Rio de Janeiro, RJ",Humaitá,"R. Vitório da Costa, 254 - Humaitá, Rio de Janeiro - RJ, 22261-060",False,,4.6,
Endorfina Academia,21) 3647-3999,,,,academia boutique,"Humaitá - Rio de Janeiro, RJ",Humaitá,"R. Humaitá, 12 - Humaitá, Rio de Janeiro - RJ, 22261-001",False,,4.9,
New Life Humaitá,21) 97752-1010,21) 97752-1010,https://www.instagram.com/newlifehumaita,,academia boutique,"Humaitá - Rio de Janeiro, RJ",Humaitá,"R. Humaitá, 161 - Humaitá, Rio de Janeiro - RJ, 22261-003",False,https://www.instagram.com/newlifehumaita/,3.5,
Ateliê do Corpo,21) 2266-0530,,https://instagram.com/ateliedocorpo_humaita?igshid=MzRlODBiNWFlZA==,,academia boutique,"Humaitá - Rio de Janeiro, RJ",Humaitá,"R. Cap. Salomão, 63 - Humaitá, Rio de Janeiro - RJ, 22271-040",False,https://instagram.com/ateliedocorpo_humaita?igshid=MzRlODBiNWFlZA==,5.0,
Ateliê do Corpo - Pole Dance,21) 99148-8021,21) 99148-8021,,,academia boutique,"Humaitá - Rio de Janeiro, RJ",Humaitá,"R. Cap. Salomão, 63 - 4º andar - Humaitá, Rio de Janeiro - RJ, 22271-044",False,,5.0,
Ana Lúcia Studio,21) 97201-6407,21) 97201-6407,https://www.instagram.com/analuciaastudio,,studio de sobrancelha,"Humaitá - Rio de Janeiro, RJ",Humaitá,"R. Voluntários da Pátria, 452 - Loja O - Humaitá, Rio de Janeiro - RJ, 22270-018",False,https://www.instagram.com/analuciaastudio/,5.0,
Sobrancelhas Design Botafogo Praia Shopping,21) 97890-7335,21) 97890-7335,,,studio de sobrancelha,"Humaitá - Rio de Janeiro, RJ",Botafogo,"Botafogo Praia Shopping - Botafogo, Rio de Janeiro - RJ, 22250-040",False,,5.0,
Cíntia Simões Micropigmentação,21) 99907-5988,21) 99907-5988,https://instagram.com/cintiasimoesmicro?igshid=NTdlMDg3MTY=,,studio de sobrancelha,"Humaitá - Rio de Janeiro, RJ",Botafogo,"R. Voluntários da Pátria, 190 - Botafogo, Rio de Janeiro - RJ, 22270-902",False,https://instagram.com/cintiasimoesmicro?igshid=NTdlMDg3MTY=,5.0,
Instituto Miranda,21) 98088-1427,21) 98088-1427,https://www.instagram.com/institutomiranda/?igshid=YmMyMTA2M2Y=,,studio de sobrancelha,"Humaitá - Rio de Janeiro, RJ",Humaitá,"Largo dos Leões, 81 - Humaitá, Rio de Janeiro - RJ, 22260-210",False,https://www.instagram.com/institutomiranda/?igshid=YmMyMTA2M2Y=,4.8,
"Extensão de Cílios e Sobrancelhas | Studio Karol Garcia - Botafogo, Rio de janeiro",21) 98277-1238,21) 98277-1238,https://www.instagram.com/studiokarolgarcia?igsh=YmV6ZnlkdGV0NjBh,,studio de sobrancelha,"Humaitá - Rio de Janeiro, RJ",Botafogo,"Praia de Botafogo, 210 - Botafogo, Rio de Janeiro - RJ, 22250-040",False,https://www.instagram.com/studiokarolgarcia?igsh=YmV6ZnlkdGV0NjBh,5.0,
Maquiadora Rio de Janeiro - RJ | Jojo Colares Beauty,38) 99827-6288,38) 99827-6288,https://instagram.com/jojocolaresbeauty,,studio de sobrancelha,"Humaitá - Rio de Janeiro, RJ",Botafogo,"R. Voluntários da Pátria, 190 - sala 722 - Botafogo, Rio de Janeiro - RJ, 22270-012",False,https://instagram.com/jojocolaresbeauty,5.0,
Riu Studio de Beleza,21) 98185-9755,21) 98185-9755,,,studio de sobrancelha,"Humaitá - Rio de Janeiro, RJ",Humaitá,"R. Humaitá, 85 - sala 401 - Humaitá, Rio de Janeiro - RJ, 22261-000",False,,5.0,
MyLash Botafogo | Extensão de Cílios | design de sobrancelhas | Micropigmentação | Hydragloss | Lash Lifting,21) 99150-5089,21) 99150-5089,https://instagram.com/mylash.botafogo.rj,,studio de sobrancelha,"Humaitá - Rio de Janeiro, RJ",Botafogo,"R. Voluntários da Pátria, 45 - loja 108 - Botafogo, Rio de Janeiro - RJ, 22270-900",False,https://instagram.com/mylash.botafogo.rj,4.2,
Studio Thaize Moraes,21) 97003-0479,21) 97003-0479,,,studio de sobrancelha,"Humaitá - Rio de Janeiro, RJ",Botafogo,"Rua da Passagem, N°83 - Botafogo, Rio de Janeiro - RJ, 22290-030",False,,5.0,
Studio Angelita Almeida,21) 97232-1708,21) 97232-1708,,,studio de sobrancelha,"Humaitá - Rio de Janeiro, RJ",Botafogo,"Rua da Passagem, 111 - Botafogo, Rio de Janeiro - RJ, 22290-031",False,,5.0,
Salão de Beleza / Salão Novo + CO,21) 3570-3828,,,,studio de sobrancelha,"Humaitá - Rio de Janeiro, RJ",Humaitá,"R. Visc. de Caravelas, 119 - Humaitá, Rio de Janeiro - RJ, 22271-020",False,,4.9,
Marina Curi Micropigmentação | Harmonização & Estética Facial | Podologia | Botafogo,21) 99602-1017,21) 99602-1017,,,studio de sobrancelha,"Humaitá - Rio de Janeiro, RJ",Botafogo,"R. Dezenove de Fevereiro, 130 - sala 102 - Botafogo, Rio de Janeiro - RJ, 22280-030",False,,5.0,
Studio 19,21) 3152-3243,,http://instagram.com/studio.1957,,studio de sobrancelha,"Humaitá - Rio de Janeiro, RJ",Botafogo,"R. Dezenove de Fevereiro, 57 - Botafogo, Rio de Janeiro - RJ, 22280-030",False,http://instagram.com/studio.1957,4.6,
Ana Lúcia Studio,21) 97201-6407,21) 97201-6407,https://www.instagram.com/analuciaastudio,,studio de cílios,"Humaitá - Rio de Janeiro, RJ",Humaitá,"R. Voluntários da Pátria, 452 - Loja O - Humaitá, Rio de Janeiro - RJ, 22270-018",False,https://www.instagram.com/analuciaastudio/,5.0,
Studio cílios e sobrancelha - Vitória Amorim,21) 98533-6901,21) 98533-6901,https://www.instagram.com/lash_vitoria16?igsh=cDluYTVqeXA1aHh3&utm_source=qr,,studio de cílios,"Humaitá - Rio de Janeiro, RJ",Irajá,"R. Turvo, 125 - Irajá, Rio de Janeiro - RJ, 21371-240",False,https://www.instagram.com/lash_vitoria16?igsh=cDluYTVqeXA1aHh3&utm_source=qr,5.0,
Studio Dominique Neves - Extensão de Cílios,21) 99346-3321,21) 99346-3321,,,studio de cílios,"Humaitá - Rio de Janeiro, RJ",Barros Filho,"Estr. João Paulo, 1420 - sala 203 - Barros Filho, Rio de Janeiro - RJ, 21512-002",False,,5.0,
Studio Eduarda Clume - Cílios Sobrancelha / Irajá,21) 92005-2170,21) 92005-2170,,,studio de cílios,"Humaitá - Rio de Janeiro, RJ",Irajá,"R. Carolina Amado, 1236-1352 - Irajá, Rio de Janeiro - RJ, 21361-320",False,,5.0,
"Rainho Studio - Cílios, sobrancelhas e maquiagem",21) 99794-8235,21) 99794-8235,https://www.instagram.com/rainhostudio.makeup?igsh=c3N0N3o5Z2FveHQx,,studio de cílios,"Humaitá - Rio de Janeiro, RJ",Cascadura,"Av. Dom Hélder Câmara, 9796 - Cascadura, Rio de Janeiro - RJ, 21380-003",False,https://www.instagram.com/rainhostudio.makeup?igsh=c3N0N3o5Z2FveHQx,5.0,
Studio Amanda Nascimento - Cílios e Sobrancelhas,,,,,studio de cílios,"Humaitá - Rio de Janeiro, RJ",Complexo do Alemão,"R. Novo Paraíso, 5 - Complexo do Alemão, Rio de Janeiro - RJ, 21061-300",False,,5.0,
Luiza Campos Studio - Extensão de cílios - Sobrancelhas - Micropigmentação,21) 99535-0399,21) 99535-0399,https://www.instagram.com/luizacampos.studio?igsh=MXU5dDN4YmU4aTU3ag==&utm_source=qr,,studio de cílios,"Humaitá - Rio de Janeiro, RJ",Estácio,"R. São Cláudio, 06 - Estácio, Rio de Janeiro - RJ, 20250-060",False,https://www.instagram.com/luizacampos.studio?igsh=MXU5dDN4YmU4aTU3ag==&utm_source=qr,5.0,
"Lari Beauty - Cílios, Designer de Sobrancelhas e Micropigmentação- Dom Office",21) 99406-4009,https://api.whatsapp.com/send/?phone=%2B5521994064009&text=Ola%2521%252520Gostaria%252520de%252520agendar%252520um%252520hor%2525C3%2525A1rio%2521%252520&type=phone_number&app_absent=0,https://www.instagram.com/laribeautyofc,,studio de cílios,"Humaitá - Rio de Janeiro, RJ",Todos os Santos,"Dom Office, R. José Bonifácio, 1050 - Todos os Santos, Rio de Janeiro - RJ, 20770-240",False,https://www.instagram.com/laribeautyofc/,5.0,
Mayy Studio Beauty - cílios rj,21) 97190-8611,21) 97190-8611,,,studio de cílios,"Humaitá - Rio de Janeiro, RJ",Benfica,"R. Leopoldo Bulhões, 700 - Benfica, Rio de Janeiro - RJ, 20911-300",False,,5.0,
JuLash - Studio de Cílios Ilha do Governador,21) 98038-7292,21) 98038-7292,https://instagram.com/julashdesign?utm_medium=copy_link,,studio de cílios,"Humaitá - Rio de Janeiro, RJ",Portuguesa,"Estrada do Galeão, 2500 - bloco B sala 206 - Portuguesa, Rio de Janeiro - RJ, 21921-275",False,https://instagram.com/julashdesign?utm_medium=copy_link,5.0,
Studio Pri Bianca | Vista Alegre | Extenção de Cílios,21) 99269-3674,21) 99269-3674,,,studio de cílios,"Humaitá - Rio de Janeiro, RJ",Vista Alegre,"R. Estremadura, 66 - Vista Alegre, Rio de Janeiro - RJ, 21230-354",False,,5.0,
Je Cílios Studio,21) 98024-2905,21) 98024-2905,https://instagram.com/je_cilios?utm_medium=copy_link,,studio de cílios,"Humaitá - Rio de Janeiro, RJ",Vila Norma,"Rua João Pascoal de Farias, 23 - Vila Norma, São João de Meriti - RJ, 25535-380",False,https://instagram.com/je_cilios?utm_medium=copy_link,4.9,
Studio Jaqueline Mendes | Extensão de cílios Academy,21) 99606-0584,21) 99606-0584,https://instagram.com/jaquemendes_academy?igshid=YmMyMTA2M2Y=,,studio de cílios,"Humaitá - Rio de Janeiro, RJ",Vila Valqueire,"Estrada Intendente Magalhães, 678 - sala 203 - Vila Valqueire, Rio de Janeiro - RJ, 21331-720",False,https://instagram.com/jaquemendes_academy?igshid=YmMyMTA2M2Y=,5.0,
Studio Beauty,21) 97576-0884,21) 97576-0884,,,studio de cílios,"Humaitá - Rio de Janeiro, RJ",Vila Leopoldina,"Av. Rio Branco - Vila Leopoldina, Duque de Caxias - RJ, 25035-245",False,,5.0,
Studio Dani & Cílios,21) 97414-2809,21) 97414-2809,https://www.instagram.com/daniecilios?igsh=MTh5em43MTI1bGcwMg==&utm_source=qr,,studio de cílios,"Humaitá - Rio de Janeiro, RJ",Gramacho,"R. Piraí, 726 - Gramacho, Duque de Caxias - RJ, 25035-150",False,https://www.instagram.com/daniecilios?igsh=MTh5em43MTI1bGcwMg==&utm_source=qr,5.0,
Studio Dani Alves,21) 96407-2973,https://api.whatsapp.com/send?phone=5521964072973&text=Studio%20Dani%20Alves,,,studio de cílios,"Humaitá - Rio de Janeiro, RJ",Parque Fluminense,"R. Apodi, 7 - quadra 1 Sala 101 - Parque Fluminense, Duque de Caxias - RJ, 25046-420",False,,4.8,
Leticia Pacheco Studio,21) 97668-0407,21) 97668-0407,,,studio de cílios,"Humaitá - Rio de Janeiro, RJ",Gramacho,"Av. Rio Branco, 1647B - Gramacho, Duque de Caxias - RJ, 25035-245",False,,5.0,
Studio Raelma Sanfe / CÍLIOS & SOBRANCELHA.,21) 98074-3692,21) 98074-3692,https://www.instagram.com/raesanfe_lashdesigner?igsh=OGs3cHV1dzV6NnJ0,,studio de cílios,"Humaitá - Rio de Janeiro, RJ",Vila Leopoldina,"Av General Rondon, R. São Borja, 52 - Vila Leopoldina, Duque de Caxias - RJ, 25060-236",False,https://www.instagram.com/raesanfe_lashdesigner?igsh=OGs3cHV1dzV6NnJ0,,
Ana Lúcia Studio,21) 97201-6407,21) 97201-6407,https://www.instagram.com/analuciaastudio,,lash designer,"Humaitá - Rio de Janeiro, RJ",Humaitá,"R. Voluntários da Pátria, 452 - Loja O - Humaitá, Rio de Janeiro - RJ, 22270-018",False,https://www.instagram.com/analuciaastudio/,5.0,
Cílios & Sobrancelhas | Gabi Maricato- Recreio dos Bandeirantes,21) 97233-8340,21) 97233-8340,https://www.instagram.com/ciliosdegabii?igsh=cmV1N2czcGxpcmh2,,lash designer,"Humaitá - Rio de Janeiro, RJ",Recreio dos Bandeirantes,"Shopping Vértice Mall - Av. Miguel Antônio Fernandes, 1333 - Bloco A - Sala 518 - Recreio dos Bandeirantes, Rio de Janeiro - RJ, 22790-682",False,https://www.instagram.com/ciliosdegabii?igsh=cmV1N2czcGxpcmh2,5.0,
Studio Patricia Santos Beauty,21) 97697-9238,21) 97697-9238,https://instagram.com/patriciasts_beauty?igshid=YmMyMTA2M2Y=,,lash designer,"Humaitá - Rio de Janeiro, RJ",Pantanal,"Rua Leopoldo Fróis, 3 - quadra 70 - Pantanal, Duque de Caxias - RJ, 25040-325",False,https://instagram.com/patriciasts_beauty?igshid=YmMyMTA2M2Y=,5.0,
Studio Ingridi Klimaschenski-Lash Designer,,,,,lash designer,"Humaitá - Rio de Janeiro, RJ",Jardim Limeira,"Estr. Aníbal da Mota, 2 - quadra 3 - Jardim Limeira, Belford Roxo - RJ, 26190-083",False,,5.0,
Andressa lash Designer,21) 98269-4368,21) 98269-4368,,,lash designer,"Humaitá - Rio de Janeiro, RJ",Gramacho,"R. Japurá, 160 - Gramacho, Duque de Caxias - RJ, 25050-320",False,,,
Léa Style Hair,21) 96660-3813,21) 96660-3813,https://www.instagram.com/leastylehair,,lash designer,"Humaitá - Rio de Janeiro, RJ",Pantanal,"Av. Gomes Freire, 161 - Pantanal, Duque de Caxias - RJ, 25040-004",False,https://www.instagram.com/leastylehair/,,
Studio Ester Lima,21) 97375-0195,21) 97375-0195,https://www.instagram.com/lashesterlimaa,,lash designer,"Humaitá - Rio de Janeiro, RJ",Parque Sao Jose,"Estrada do - Estr. Aníbal da Mota, 1825 - Parque Sao Jose, Belford Roxo - RJ, 26190-083",False,https://www.instagram.com/lashesterlimaa/,5.0,
LORENA LIMA | LASH DESIGN,21) 96502-5349,21) 96502-5349,https://www.instagram.com/lorenalima.lash_?igsh=MTZiYWhzOXNpdGxjMA==,,lash designer,"Humaitá - Rio de Janeiro, RJ",Campos Eliseos,"R. Clara Nunes - Campos Eliseos, Duque de Caxias - RJ, 25040-673",False,https://www.instagram.com/lorenalima.lash_?igsh=MTZiYWhzOXNpdGxjMA==,5.0,
Lash lifting | Brow lamination | Remoção a laser de micropigmentação e tattoo Rio de Janeiro RJ - Renata Machado Beauty,21) 96640-7312,21) 96640-7312,https://www.instagram.com/renatamachadobeauty?igsh=cTQzdDg3NGp5NXl4,,lash designer,"Humaitá - Rio de Janeiro, RJ",Botafogo,"R. Voluntários da Pátria, 190 - sala 722 - Botafogo, Rio de Janeiro - RJ, 22270-902",False,https://www.instagram.com/renatamachadobeauty?igsh=cTQzdDg3NGp5NXl4,5.0,
"Gabrielle | Lash designer | Designer de sobrancelhas | Duque de caxias, Sarapuí",21) 98235-7561,21) 98235-7561,https://www.instagram.com/bystudiogabrielle?igsh=MWMwZjFubWg3c3lwcQ==,,lash designer,"Humaitá - Rio de Janeiro, RJ",Vila Sarapui,"R. Alfredo Backer, 321 - Vila Sarapui, Duque de Caxias - RJ, 25050-290",False,https://www.instagram.com/bystudiogabrielle?igsh=MWMwZjFubWg3c3lwcQ==,5.0,
Nanda Lash Designer,21) 97017-5469,21) 97017-5469,https://www.instagram.com/by.nandalashes?igsh=MXI0Z21taGRlYm5hdA%3D%3D&utm_source=qr,,lash designer,"Humaitá - Rio de Janeiro, RJ",Parque Fluminense,"R. São Miguel - Parque Fluminense, Duque de Caxias - RJ, 25046-510",False,https://www.instagram.com/by.nandalashes?igsh=MXI0Z21taGRlYm5hdA==&utm_source=qr,,
Espaço Juliane Days ️,,https://api.whatsapp.com/send?phone=5521969241465&text=Quero+marcar+um+hor%C3%A1rio+no+Espa%C3%A7o+Juliane+Days,https://www.instagram.com/julianedays,,lash designer,"Humaitá - Rio de Janeiro, RJ",Vila Rosário,"R. Urbano Duarte, 21 - qd 4 - Vila Rosário, Duque de Caxias - RJ, 25042-300",False,https://www.instagram.com/julianedays/,5.0,
Yana Braz Studio,,,,,lash designer,"Humaitá - Rio de Janeiro, RJ",Vila Leopoldina,"R. Rio Preto, 1626 - Vila Leopoldina, Duque de Caxias - RJ, 25035-390",False,,5.0,
MyLash Botafogo | Extensão de Cílios | design de sobrancelhas | Micropigmentação | Hydragloss | Lash Lifting,21) 99150-5089,21) 99150-5089,https://instagram.com/mylash.botafogo.rj,,lash designer,"Humaitá - Rio de Janeiro, RJ",Botafogo,"R. Voluntários da Pátria, 45 - loja 108 - Botafogo, Rio de Janeiro - RJ, 22270-900",False,https://instagram.com/mylash.botafogo.rj,4.2,
Lash Designer,21) 97565-8711,21) 97565-8711,,,lash designer,"Humaitá - Rio de Janeiro, RJ",Anil,"Estr. de Jacarepaguá - Anil, Rio de Janeiro - RJ, 22723-730",False,,4.0,
"Lmadame: Nail designer, extensão de cílios e sobrancelhas.",21) 97472-9390,21) 97472-9390,https://www.instagram.com/lmadamerj/profilecard/?igsh=MWdyZGdhM3J1ZjJ5eA==,,lash designer,"Humaitá - Rio de Janeiro, RJ",Copacabana,"Av. Nossa Sra. de Copacabana, 1059 - Sala 1203 - Copacabana, Rio de Janeiro - RJ, 22041-011",False,https://www.instagram.com/lmadamerj/profilecard/?igsh=MWdyZGdhM3J1ZjJ5eA==,5.0,
Instituto Miranda,21) 98088-1427,21) 98088-1427,https://www.instagram.com/institutomiranda/?igshid=YmMyMTA2M2Y=,,lash designer,"Humaitá - Rio de Janeiro, RJ",Humaitá,"Largo dos Leões, 81 - Humaitá, Rio de Janeiro - RJ, 22260-210",False,https://www.instagram.com/institutomiranda/?igshid=YmMyMTA2M2Y=,4.8,
"Bossa Spa | Seu único SPA by Granado do Rio | Vale-presente, massagem relaxante, massagem desportiva",21) 96427-0782,21) 96427-0782,,,spa,"Humaitá - Rio de Janeiro, RJ",Botafogo,"Praia de Botafogo, 242 - Botafogo, Rio de Janeiro - RJ, 22250-145",False,,4.9,
Giulia Massoterapia & SPA,21) 97522-1552,21) 97522-1552,https://www.instagram.com/giuliamassoterapia_,,spa,"Humaitá - Rio de Janeiro, RJ",Humaitá,"R. Voluntários da Pátria, 452 - Humaitá, Rio de Janeiro - RJ, 22270-018",False,https://www.instagram.com/giuliamassoterapia_/,,
Oliva Spa - Head Spa,21) 98833-0981,21) 98833-0981,,,spa,"Humaitá - Rio de Janeiro, RJ",Ipanema,"R. Visc. de Pirajá, 86 - loja 10 - Ipanema, Rio de Janeiro - RJ, 22410-903",False,,4.9,
Balm Spa | spa rio de janeiro | massagem | spa copacabana | day spa rio de janeiro,21) 98522-4865,21) 98522-4865,http://www.instagram.com/balmspa,,spa,"Humaitá - Rio de Janeiro, RJ",Copacabana,"R. Miguel Lemos, 41 - sala 306 - Copacabana, Rio de Janeiro - RJ, 22071-000",False,http://www.instagram.com/balmspa,5.0,
Ana Lúcia Studio,21) 97201-6407,21) 97201-6407,https://www.instagram.com/analuciaastudio,,spa,"Humaitá - Rio de Janeiro, RJ",Humaitá,"R. Voluntários da Pátria, 452 - Loja O - Humaitá, Rio de Janeiro - RJ, 22270-018",False,https://www.instagram.com/analuciaastudio/,5.0,
Joaquina Bar & Restaurante,21) 2535-2774,,http://instagram.com/joaquinabar,,restaurante,"Humaitá - Rio de Janeiro, RJ",Botafogo,"R. Voluntários da Pátria, 448 - Botafogo, Rio de Janeiro - RJ, 22270-010",False,http://instagram.com/joaquinabar,4.6,
Restaurante Aurora,21) 2266-4342,,,,restaurante,"Humaitá - Rio de Janeiro, RJ",Humaitá,"R. Cap. Salomão, 43 - Humaitá, Rio de Janeiro - RJ, 22270-040",False,,4.2,
Bar Palhinha,21) 98386-7469,21) 98386-7469,,,restaurante,"Humaitá - Rio de Janeiro, RJ",Humaitá,"R. Humaitá, 12 - Loja C - Humaitá, Rio de Janeiro - RJ, 22261-001",False,,4.4,
Pianense,21) 2538-0364,,http://instagram.com/pianense,,restaurante,"Humaitá - Rio de Janeiro, RJ",Humaitá,"Rua Marques, 11 - Humaitá, Rio de Janeiro - RJ, 22260-240",False,http://instagram.com/pianense,4.4,
Cobal do Humaitá,,,,,restaurante,"Humaitá - Rio de Janeiro, RJ",Botafogo,"R. Voluntários da Pátria, 446 - Loja externa 2 - Botafogo, Rio de Janeiro - RJ, 22270-018",False,,4.3,
Bar e Lanchonete Humaita,21) 2538-0202,,,,restaurante,"Humaitá - Rio de Janeiro, RJ",Humaitá,"R. Humaitá, 156 - Humaitá, Rio de Janeiro - RJ, 22261-001",False,,4.5,
Kata Sushi,,,https://www.instagram.com/katasushi.br,,restaurante,"Humaitá - Rio de Janeiro, RJ",Humaitá,"Largo dos Leões, 111 - Humaitá, Rio de Janeiro - RJ, 22260-210",False,https://www.instagram.com/katasushi.br,4.5,
Restaurante Garagem 60 - Humaitá,21) 2535-0464,https://api.whatsapp.com/send?phone=5521981395763&text=Gostaria%20de%20receber%20o%20card%C3%A1pio!,,,restaurante,"Humaitá - Rio de Janeiro, RJ",Humaitá,"R. Cap. Salomão, 60 - Humaitá, Rio de Janeiro - RJ, 22271-040",False,,4.8,
Raro Bar & Grill,21) 2537-8108,,,,restaurante,"Humaitá - Rio de Janeiro, RJ",Botafogo,"R. Voluntários da Pátria, 448 - lj A - Botafogo, Rio de Janeiro - RJ, 22270-010",False,,4.4,
Spaghetteria da Cobal,21) 2537-2602,,,,restaurante,"Humaitá - Rio de Janeiro, RJ",Botafogo,"R. Voluntários da Pátria, 446 - Loja 37 - Botafogo, Rio de Janeiro - RJ, 22270-000",False,,4.3,
O Plebeu,21) 97346-1926,21) 97346-1926,https://www.instagram.com/oplebeu,,restaurante,"Humaitá - Rio de Janeiro, RJ",Humaitá,"R. Cap. Salomão, 50 - Humaitá, Rio de Janeiro - RJ, 22271-040",False,https://www.instagram.com/oplebeu/,4.0,
Lima Cocina Peruana,21) 3647-3411,,https://www.instagram.com/limacozinhaperuana.br,,restaurante,"Humaitá - Rio de Janeiro, RJ",Botafogo,"R. Visc. de Caravelas, 113 - Botafogo, Rio de Janeiro - RJ, 22271-041",False,https://www.instagram.com/limacozinhaperuana.br/,4.6,
Canastra Bistrô,21) 99222-3858,21) 99222-3858,https://www.instagram.com/petits_bistro,,restaurante,"Humaitá - Rio de Janeiro, RJ",Botafogo,"Rua Conde de Irajá, 288 - Botafogo, Rio de Janeiro - RJ, 22271-020",False,https://www.instagram.com/petits_bistro/,4.4,
Ferro & Brasa,21) 97475-5452,21) 97475-5452,https://www.instagram.com/ferro.e.brasa,,restaurante,"Humaitá - Rio de Janeiro, RJ",Humaitá,"R. Humaitá - Humaitá, Rio de Janeiro - RJ, 28613-410",False,https://www.instagram.com/ferro.e.brasa/,5.0,
Humaitega,,,,,pousada,"Humaitá - Rio de Janeiro, RJ",Humaitá,"R. Humaitá, 109 - Humaitá, Rio de Janeiro - RJ, 22261-000",False,,,
Aurora Rio Hostel,21) 98253-6035,21) 98253-6035,https://www.instagram.com/aurorariohostel,,pousada,"Humaitá - Rio de Janeiro, RJ",Botafogo,"R. Camuirano, 109 - Botafogo, Rio de Janeiro - RJ, 22270-020",False,https://www.instagram.com/aurorariohostel,4.1,
Casa Amarela Guest House,21) 99606-8474,21) 99606-8474,,,pousada,"Humaitá - Rio de Janeiro, RJ",Humaitá,"R. Miguel Pereira, 95 - Humaitá, Rio de Janeiro - RJ, 22261-090",False,,4.9,
Freitas e Mendonça Advocacia,21) 2136-2398,,https://www.instagram.com/mariaduarte.advogada,,advogado,"Humaitá - Rio de Janeiro, RJ",Humaitá,"Rua Humaitá, 275 - 7º andar - Humaitá, Rio de Janeiro - RJ, 22261-005",False,,5.0,
Glenda Souza Advogada,21) 97478-6565,21) 97478-6565,https://www.instagram.com/mariaduarte.advogada,,advogado,"Humaitá - Rio de Janeiro, RJ",Humaitá,"Largo dos Leões, 100 - Humaitá, Rio de Janeiro - RJ, 22260-210",False,https://www.instagram.com/familia.rizar/,,
T4Design - Arquitetura e Construções,21) 97182-5320,21) 97182-5320,,,arquiteto,"Humaitá - Rio de Janeiro, RJ",Humaitá,"Rua Humaitá, 282 - Humaitá, Rio de Janeiro - RJ, 22261-001",False,,5.0,
Arquiteto do Corte (barbearia),,,,,arquiteto,"Humaitá - Rio de Janeiro, RJ",Vila São José,"R. Marieta Batista, 7 - Vila São José, Duque de Caxias - RJ, 25040-470",False,,5.0,
viviane costa arquitetura,21) 2245-7730,,,,arquiteto,"Humaitá - Rio de Janeiro, RJ",Humaitá,"R. Viúva Lacerda, 31 - Humaitá, Rio de Janeiro - RJ, 22261-050",False,,,
Escritório de Arquitetura Heitor Derbli de Carvalho,21) 2539-0075,,,,arquiteto,"Humaitá - Rio de Janeiro, RJ",Botafogo,"R. Real Grandeza, 182 - Botafogo, Rio de Janeiro - RJ, 22281-036",False,,4.4,
Fotógrafo Emídio Gonzaga -VIC FOTO,21) 99176-6004,21) 99176-6004,https://www.instagram.com/taitheodorofoto?igsh=d3hyNzFmcGcxbXhu,,fotógrafo,"Humaitá - Rio de Janeiro, RJ",Botafogo,"R. Voluntários da Pátria, 450 - Botafogo, Rio de Janeiro - RJ, 22270-018",False,,5.0,
ENSAIO NEWBORN RJ,21) 97464-6370,21) 97464-6370,https://www.instagram.com/taitheodorofoto?igsh=d3hyNzFmcGcxbXhu,,fotógrafo,"Humaitá - Rio de Janeiro, RJ",Irajá,"Av. Brasil, 19 / 102 - 19 - Irajá, Rio de Janeiro - RJ, 21230-043",False,,4.9,
Fotógrafa Tai Theodoro - Eventos e Ensaios,21) 99706-6677,21) 99706-6677,https://www.instagram.com/taitheodorofoto?igsh=d3hyNzFmcGcxbXhu,,fotógrafo,"Humaitá - Rio de Janeiro, RJ",Botafogo,"R. Voluntários da Pátria, 329 - Botafogo, Rio de Janeiro - RJ, 22270-003",False,https://www.instagram.com/taitheodorofoto?igsh=d3hyNzFmcGcxbXhu,5.0,
Vila Analog,21) 99159-1979,21) 99159-1979,https://www.instagram.com/taitheodorofoto?igsh=d3hyNzFmcGcxbXhu,,fotógrafo,"Humaitá - Rio de Janeiro, RJ",Humaitá,"Rua Marques, 7 - Casa 5 Apto 301 - Humaitá, Rio de Janeiro - RJ, 22461-000",False,,5.0,
Moonlight Arts fotografia,,,https://www.instagram.com/taitheodorofoto?igsh=d3hyNzFmcGcxbXhu,,fotógrafo,"Humaitá - Rio de Janeiro, RJ",Parada de Lucas,"R. Cordovil, 1300 - Parada de Lucas, Rio de Janeiro - RJ, 21250-450",False,,,
Ygor Rangel Fotos,21) 97226-3560,21) 97226-3560,https://www.instagram.com/taitheodorofoto?igsh=d3hyNzFmcGcxbXhu,,fotógrafo,"Humaitá - Rio de Janeiro, RJ",Botafogo,"Rua Humaitá, 270 - Botafogo, Rio de Janeiro - RJ, 22261-004",False,,,
Rodrigo Lopes Fotografia,21) 98812-5885,21) 98812-5885,https://www.instagram.com/taitheodorofoto?igsh=d3hyNzFmcGcxbXhu,,fotógrafo,"Humaitá - Rio de Janeiro, RJ",Jardim Botânico,"R. Pio Correia, 92 - Jardim Botânico, Rio de Janeiro - RJ, 22461-240",False,http://www.instagram.com/rodrigolopes,5.0,
Escola Municipal Joaquim Abílio Borges,21) 2535-7902,,https://www.instagram.com/ciepaneto/?hl=pt,,escola,"Humaitá - Rio de Janeiro, RJ",Humaitá,"R. Humaitá, 19 - Humaitá, Rio de Janeiro - RJ, 22261-001",False,,,
Ciep Presidente Agostinho Neto,21) 2535-7414,,https://www.instagram.com/ciepaneto/?hl=pt,,escola,"Humaitá - Rio de Janeiro, RJ",Humaitá,"R. Visc. de Silva, S/N - Humaitá, Rio de Janeiro - RJ, 22271-090",False,https://www.instagram.com/ciepaneto/?hl=pt,,
Gracie Barra Humaitá,21) 99666-7272,21) 99666-7272,https://www.instagram.com/ciepaneto/?hl=pt,,escola,"Humaitá - Rio de Janeiro, RJ",Humaitá,"R. Humaitá, 100 - Humaitá, Rio de Janeiro - RJ, 22261-002",False,,5.0,
Casa Bora!,21) 97223-0560,21) 97223-0560,https://www.instagram.com/ciepaneto/?hl=pt,,escola,"Humaitá - Rio de Janeiro, RJ",Humaitá,"R. Maria Eugênia, 215 - Sala 301 - Humaitá, Rio de Janeiro - RJ, 22261-080",False,,4.3,
Largo dos Leões,,,https://www.instagram.com/ciepaneto/?hl=pt,,escola,"Humaitá - Rio de Janeiro, RJ",Humaitá,"Largo dos Leões - Humaitá, Rio de Janeiro - RJ, 22261-000",False,,4.4,
Espaço de Desenvolvimento Infantil Marechal Hermes,21) 2535-7864,,https://www.instagram.com/ciepaneto/?hl=pt,,escola,"Humaitá - Rio de Janeiro, RJ",Botafogo,"R. Capistrano de Abreu, 1 - Botafogo, Rio de Janeiro - RJ, 22271-000",False,,4.6,
CP2 HUMAITÁ,,,,,escola,"Humaitá - Rio de Janeiro, RJ",RJ,"Humaitá, Rio de Janeiro - RJ, 22261-040",False,,,
Rio Fighters - Jiu-Jitsu - Muay-thai - MMA,21) 99507-6854,5521995076854,https://www.instagram.com/riofighters,,escola,"Humaitá - Rio de Janeiro, RJ",Humaitá,"Casa de España - R. Maria Eugênia, 300 - Humaitá, Rio de Janeiro - RJ, 22261-060",False,https://www.instagram.com/riofighters/,4.9,
Humaitá,,,,,escola,"Humaitá - Rio de Janeiro, RJ",,,False,,,
Rio Fighters - Jiu-Jitsu - Muay-thai - MMA,21) 99507-6854,5521995076854,https://www.instagram.com/riofighters,,curso livre,"Humaitá - Rio de Janeiro, RJ",Humaitá,"Casa de España - R. Maria Eugênia, 300 - Humaitá, Rio de Janeiro - RJ, 22261-060",False,https://www.instagram.com/riofighters/,4.9,
Centro Médico Humaitá,21) 2246-0253,,https://www.instagram.com/mentalrio,,clínica médica,"Humaitá - Rio de Janeiro, RJ",Humaitá,"R. Macedo Sobrinho, 8 - sala 201 - Humaitá, Rio de Janeiro - RJ, 22271-080",False,,5.0,
Centro Médico Botafogo,21) 2535-0185,,https://www.instagram.com/mentalrio,,clínica médica,"Humaitá - Rio de Janeiro, RJ",Botafogo,"R. Voluntários da Pátria, 445 - Botafogo, Rio de Janeiro - RJ, 22270-005",False,,4.4,
Centro Cardiológico Humaitá,21) 2538-7626,,https://www.instagram.com/mentalrio,,clínica médica,"Humaitá - Rio de Janeiro, RJ",Humaitá,"Condomínio Edif Eridano - R. Macedo Sobrinho, 21 - Humaitá, Rio de Janeiro - RJ, 22271-080",False,,3.0,
Clínica Multidisciplinar Saúde Mental Rio - Mental Rio,21) 3854-0010,,https://www.instagram.com/mentalrio,,clínica médica,"Humaitá - Rio de Janeiro, RJ",Humaitá,"R. Mario de Andrade, 10 - Humaitá, Rio de Janeiro - RJ, 22260-220",False,https://www.instagram.com/mentalrio/,4.3,
Consultório Médico Botafogo Emagrecimento Nutrologia e Obesidade | Dra. Monique Bastos | Clínico Geral Clínica Médica Rj,21) 97096-8188,5521970968188,https://www.instagram.com/mentalrio,,clínica médica,"Humaitá - Rio de Janeiro, RJ",Botafogo,"R. Voluntários da Pátria, 190 - Sala 925 - Botafogo, Rio de Janeiro - RJ, 22270-012",False,,4.9,
IECAC - Aloísio de Castro,21) 2536-3455,,https://www.instagram.com/mentalrio,,clínica médica,"Humaitá - Rio de Janeiro, RJ",Humaitá,"Rua Cesario Alvim, 28 - Humaitá, Rio de Janeiro - RJ, 22261-030",False,,3.2,
CMM-Centro Médico de Mesquita,21) 2796-4198,,https://www.instagram.com/mentalrio,,clínica médica,"Humaitá - Rio de Janeiro, RJ",Centro,"Av. Dr. Manuel Duarte, 609 - Centro, Mesquita - RJ, 26554-160",False,,3.8,
Espaço Facial Botafogo - Harmonização Facial,21) 99222-1152,21) 99222-1152,https://instagram.com/espacofacial_botafogo,,harmonização facial,"Humaitá - Rio de Janeiro, RJ",Botafogo,"Praia de Botafogo, 400 - Piso 2 Loja 223 - Botafogo, Rio de Janeiro - RJ, 22250-040",False,https://instagram.com/espacofacial_botafogo,4.4,
Clínica Dra. Gizele Cabral,21) 96763-0388,21) 96763-0388,https://www.instagram.com/dragizelecabral,,harmonização facial,"Humaitá - Rio de Janeiro, RJ",Botafogo,"R. Voluntários da Pátria, 45 - sala 1308 - Botafogo, Rio de Janeiro - RJ, 22270-000",False,https://www.instagram.com/dragizelecabral/,5.0,
Marina Curi Micropigmentação | Harmonização & Estética Facial | Podologia | Botafogo,21) 99602-1017,21) 99602-1017,,,harmonização facial,"Humaitá - Rio de Janeiro, RJ",Botafogo,"R. Dezenove de Fevereiro, 130 - sala 102 - Botafogo, Rio de Janeiro - RJ, 22280-030",False,,5.0,
Espaço Facial Jardim Botânico - Harmonização Facial,21) 98281-8948,21) 98281-8948,,,harmonização facial,"Humaitá - Rio de Janeiro, RJ",Jardim Botânico,"R. Jardim Botânico, 568 - loja G - Jardim Botânico, Rio de Janeiro - RJ, 22261-070",False,,4.9,
"Brazoli Beauty | Harmonização Facial e Corporal, Preenchimento de Glúteo e SPA Urbano",21) 99610-7827,21) 99610-7827,,,harmonização facial,"Humaitá - Rio de Janeiro, RJ",Copacabana,"Rua Siqueira Campos, 30 - sala 709 - Copacabana, Rio de Janeiro - RJ, 22031-071",False,,5.0,
Dra Talita félix / Harmonizacão Facial / Botox / Preenchimento labial / Lipo De Papada / Copacabana,21) 98133-5914,21) 98133-5914,https://www.instagram.com/dratalitafelix,,harmonização facial,"Humaitá - Rio de Janeiro, RJ",Copacabana,"Av. Nossa Sra. de Copacabana, 500 - Copacabana, Rio de Janeiro - RJ, 22020-002",False,https://www.instagram.com/dratalitafelix/,5.0,
Espaço Facial Copacabana - Harmonização Facial,21) 97310-5659,21) 97310-5659,,,harmonização facial,"Humaitá - Rio de Janeiro, RJ",Copacabana,"R. Barata Ribeiro, 473 - Copacabana, Rio de Janeiro - RJ, 22040-001",False,,4.5,
Estética Braga,21) 99799-7678,21) 99799-7678,https://www.instagram.com/estetica.braga,,depilação a laser,"Humaitá - Rio de Janeiro, RJ",Botafogo,"R. Real Grandeza, 139 - sala 407 - Botafogo, Rio de Janeiro - RJ, 22281-033",False,https://www.instagram.com/estetica.braga/,5.0,
Bodylaser Shopping Tijuca,21) 99626-5126,21) 99626-5126,https://www.instagram.com/bodylaser.shoppingtijuca,,depilação a laser,"Humaitá - Rio de Janeiro, RJ",Tijuca,"Av. Maracanã, 987 - Tijuca, Rio de Janeiro - RJ, 20511-000",False,https://www.instagram.com/bodylaser.shoppingtijuca/,4.0,
Ana Lúcia Studio,21) 97201-6407,21) 97201-6407,https://www.instagram.com/analuciaastudio,,micropigmentação,"Humaitá - Rio de Janeiro, RJ",Humaitá,"R. Voluntários da Pátria, 452 - Loja O - Humaitá, Rio de Janeiro - RJ, 22270-018",False,https://www.instagram.com/analuciaastudio/,5.0,
Marina Curi Micropigmentação | Harmonização & Estética Facial | Podologia | Botafogo,21) 99602-1017,21) 99602-1017,,,micropigmentação,"Humaitá - Rio de Janeiro, RJ",Botafogo,"R. Dezenove de Fevereiro, 130 - sala 102 - Botafogo, Rio de Janeiro - RJ, 22280-030",False,,5.0,
Cíntia Simões Micropigmentação,21) 99907-5988,21) 99907-5988,https://instagram.com/cintiasimoesmicro?igshid=NTdlMDg3MTY=,,micropigmentação,"Humaitá - Rio de Janeiro, RJ",Botafogo,"R. Voluntários da Pátria, 190 - Botafogo, Rio de Janeiro - RJ, 22270-902",False,https://instagram.com/cintiasimoesmicro?igshid=NTdlMDg3MTY=,5.0,
Instituto Miranda,21) 98088-1427,21) 98088-1427,https://www.instagram.com/institutomiranda/?igshid=YmMyMTA2M2Y=,,micropigmentação,"Humaitá - Rio de Janeiro, RJ",Humaitá,"Largo dos Leões, 81 - Humaitá, Rio de Janeiro - RJ, 22260-210",False,https://www.instagram.com/institutomiranda/?igshid=YmMyMTA2M2Y=,4.8,
Lash lifting | Brow lamination | Remoção a laser de micropigmentação e tattoo Rio de Janeiro RJ - Renata Machado Beauty,21) 96640-7312,21) 96640-7312,https://www.instagram.com/renatamachadobeauty?igsh=cTQzdDg3NGp5NXl4,,micropigmentação,"Humaitá - Rio de Janeiro, RJ",Botafogo,"R. Voluntários da Pátria, 190 - sala 722 - Botafogo, Rio de Janeiro - RJ, 22270-902",False,https://www.instagram.com/renatamachadobeauty?igsh=cTQzdDg3NGp5NXl4,5.0,
Lu! Cabebeleireira e micropigmentação a domicílio,53) 99713-9678,53) 99713-9678,https://www.instagram.com/lucianamoroacademy/profilecard/?igsh=MW51ZGpnbHc4azJubQ==,,micropigmentação,"Humaitá - Rio de Janeiro, RJ",Flamengo,"Av. Rui Barbosa, 636 - Flamengo, Rio de Janeiro - RJ, 22250-020",False,https://www.instagram.com/lucianamoroacademy/profilecard/?igsh=MW51ZGpnbHc4azJubQ==,5.0,
Riu Studio de Beleza,21) 98185-9755,21) 98185-9755,,,micropigmentação,"Humaitá - Rio de Janeiro, RJ",Humaitá,"R. Humaitá, 85 - sala 401 - Humaitá, Rio de Janeiro - RJ, 22261-000",False,,5.0,
Daniele Nery Beauty/Micropigmentação/ designer de sobrancelhas/ brow lamination/ remoção a laser,21) 98221-1631,5521982211631,https://instagram.com/danielenerybeauty?igshid=NTc4MTIwNjQ2YQ==,,micropigmentação,"Humaitá - Rio de Janeiro, RJ",Tijuca,"R. Haddock Lobo, 210 - sala 214 - Tijuca, Rio de Janeiro - RJ, 20260-142",False,https://instagram.com/danielenerybeauty?igshid=NTc4MTIwNjQ2YQ==,5.0,
Giselle Ribeiro - Designer de sobrancelhas & cursos de sobrancelhas | Limpeza de pele no Méier |Micropigmentação | Depilação,21) 96565-4418,21) 96565-4418,,,micropigmentação,"Humaitá - Rio de Janeiro, RJ",Méier,"R. Dias da Cruz, 28 - sala 410 - Méier, Rio de Janeiro - RJ, 20720-012",False,,5.0,
Renata Santos studio beauty,21) 96948-1778,21) 96948-1778,https://www.instagram.com/renatasantosrsbeauty?igsh=MXkwdTg2OTZzc2pxdg==,,micropigmentação,"Humaitá - Rio de Janeiro, RJ",Méier,"R. Silva Rabêlo, 43 - Sala 905 - Méier, Rio de Janeiro - RJ, 20735-080",False,https://www.instagram.com/renatasantosrsbeauty?igsh=MXkwdTg2OTZzc2pxdg==,5.0,
Spa das Sobrancelhas - Shopping Tijuca 1,21) 97235-2277,21) 97235-2277,,,micropigmentação,"Humaitá - Rio de Janeiro, RJ",Tijuca,"Torre - Av. Maracanã, 987 2, SALA 703 - Tijuca, Rio de Janeiro - RJ, 20511-000",False,,4.3,
Espaço Caroline Laranja,21) 96521-8150,21) 96521-8150,,,micropigmentação,"Humaitá - Rio de Janeiro, RJ",Tijuca,"R. Mariz e Barros, 1001 - Sl.502 - Tijuca, Rio de Janeiro - RJ, 20270-004",False,,4.9,
Beatriz Souza - Sobrancelhas,21) 99324-9158,21) 99324-9158,https://instagram.com/beatrizsouzapmu?igshid=lzja4kfmbbf7,,micropigmentação,"Humaitá - Rio de Janeiro, RJ",Imperial de São Cristóvão,"R. Gen. José Cristino, 94 - Imperial de São Cristóvão, Rio de Janeiro - RJ, 20921-400",False,https://instagram.com/beatrizsouzapmu?igshid=lzja4kfmbbf7,5.0,
T4Design - Arquitetura e Construções,21) 97182-5320,21) 97182-5320,https://www.instagram.com/dudamaiainteriores,denise@dlarquitetura.com.br,designer de interiores,"Humaitá - Rio de Janeiro, RJ",Humaitá,"Rua Humaitá, 282 - Humaitá, Rio de Janeiro - RJ, 22261-001",False,,5.0,
Duda Maia Interiores,21) 98370-1395,21) 98370-1395,https://www.instagram.com/dreamdesignarq,denise@dlarquitetura.com.br,designer de interiores,"Humaitá - Rio de Janeiro, RJ",Botafogo,"Rua da Passagem, 67 - Botafogo, Rio de Janeiro - RJ, 22290-030",False,https://www.instagram.com/dudamaiainteriores,5.0,
design_elis_interior,21) 97102-3066,5521971023066,https://www.instagram.com/dreamdesignarq,denise@dlarquitetura.com.br,designer de interiores,"Humaitá - Rio de Janeiro, RJ",Tijuca,"Rua Conde de Bonfim, 177 - Tijuca, Rio de Janeiro - RJ, 20520-050",False,https://www.instagram.com/elis_design_interior/,5.0,
New Life Humaitá,21) 97752-1010,21) 97752-1010,https://www.instagram.com/newlifehumaita,,personal trainer,"Humaitá - Rio de Janeiro, RJ",Humaitá,"R. Humaitá, 161 - Humaitá, Rio de Janeiro - RJ, 22261-003",False,https://www.instagram.com/newlifehumaita/,3.5,
Academia Actual,21) 7854-8260,,https://www.instagram.com/newlifehumaita,,personal trainer,"Humaitá - Rio de Janeiro, RJ",Humaitá,"R. Vitório da Costa, 254 - Humaitá, Rio de Janeiro - RJ, 22261-060",False,,4.6,
Endorfina Academia,21) 3647-3999,,https://www.instagram.com/newlifehumaita,,personal trainer,"Humaitá - Rio de Janeiro, RJ",Humaitá,"R. Humaitá, 12 - Humaitá, Rio de Janeiro - RJ, 22261-001",False,,4.9,
Filipe Oliveira,21) 97473-3430,21) 97473-3430,https://www.instagram.com/newlifehumaita,,personal trainer,"Humaitá - Rio de Janeiro, RJ",Humaitá,"Academia - R. Humaitá, 270 - Humaitá, Rio de Janeiro - RJ, 22261-004",False,https://instagram.com/tonifilipe,,
Personal Trainer Leonardo Franzone,21) 97666-4495,21) 97666-4495,https://www.instagram.com/newlifehumaita,,personal trainer,"Humaitá - Rio de Janeiro, RJ",Botafogo,"R. Voluntários da Pátria, 404 - Botafogo, Rio de Janeiro - RJ, 22270-010",False,,,
Personal Trainer Domiciliar Leblon - Paula Cavati,21) 98167-1616,21) 98167-1616,https://www.instagram.com/newlifehumaita,,personal trainer,"Humaitá - Rio de Janeiro, RJ",Ipanema,"R. Nascimento Silva, 81 - Ipanema, Rio de Janeiro - RJ, 22421-025",False,,5.0,
PERSONAL TRAINER WILLIAM AUGUSTO,21) 97217-2833,21) 97217-2833,https://www.instagram.com/newlifehumaita,,personal trainer,"Humaitá - Rio de Janeiro, RJ",Ipanema,"R. Visc. de Pirajá, 525 - loja C - Ipanema, Rio de Janeiro - RJ, 22410-003",False,https://www.instagram.com/personal.williamaugusto?igsh=MXFnMHNiMTR1Nmh0bg==&utm_source=qr,5.0,
Centro Médico Humaitá,21) 2246-0253,,https://www.instagram.com/mentalrio,,consultório,"Humaitá - Rio de Janeiro, RJ",Humaitá,"R. Macedo Sobrinho, 8 - sala 201 - Humaitá, Rio de Janeiro - RJ, 22271-080",False,,5.0,
Centro Cardiológico Humaitá,21) 2538-7626,,https://www.instagram.com/mentalrio,,consultório,"Humaitá - Rio de Janeiro, RJ",Humaitá,"Condomínio Edif Eridano - R. Macedo Sobrinho, 21 - Humaitá, Rio de Janeiro - RJ, 22271-080",False,,3.0,
Clínica Multidisciplinar Saúde Mental Rio - Mental Rio,21) 3854-0010,,https://www.instagram.com/mentalrio,,consultório,"Humaitá - Rio de Janeiro, RJ",Humaitá,"R. Mario de Andrade, 10 - Humaitá, Rio de Janeiro - RJ, 22260-220",False,https://www.instagram.com/mentalrio/,4.3,
Silvana Lemos Martucci,21) 98831-0526,21) 98831-0526,https://www.instagram.com/mentalrio,,consultório,"Humaitá - Rio de Janeiro, RJ",Humaitá,"R. Humaitá, 231 - Humaitá, Rio de Janeiro - RJ, 22261-000",False,,5.0,
Grupo Boa Nova De Estudos Espíritas,21) 99627-6137,21) 99627-6137,https://www.instagram.com/mentalrio,,consultório,"Humaitá - Rio de Janeiro, RJ",Humaitá,"R. Gen. Dionísio, 41 - Humaitá, Rio de Janeiro - RJ, 22271-050",False,https://www.instagram.com/grupoboanovaee,5.0,
Clinica Saude Mental Eio,,,https://www.instagram.com/mentalrio,,consultório,"Humaitá - Rio de Janeiro, RJ",Humaitá,"R. Mario de Andrade, 10 - Humaitá, Rio de Janeiro - RJ, 22260-220",False,,,
Centro Médico Botafogo,21) 2535-0185,,https://www.instagram.com/mentalrio,,consultório,"Humaitá - Rio de Janeiro, RJ",Botafogo,"R. Voluntários da Pátria, 445 - Botafogo, Rio de Janeiro - RJ, 22270-005",False,,4.4,
Casa de Repouso Sempre Amigos,21) 98365-0008,21) 98365-0008,https://www.instagram.com/mentalrio,,consultório,"Humaitá - Rio de Janeiro, RJ",Humaitá,"R. Gen. Dionísio, 63 - Humaitá, Rio de Janeiro - RJ, 22271-050",False,,4.8,
Hospital do Instituto Cardíaco Aloysio de Castro - IECAC,21) 2653-7818,,https://www.instagram.com/mentalrio,,consultório,"Humaitá - Rio de Janeiro, RJ",Humaitá,"R. Davi Campista, 273 - Humaitá, Rio de Janeiro - RJ, 22261-010",False,,4.4,
Consultório Dr Lauro Gonzaga,,,https://www.instagram.com/mentalrio,,consultório,"Humaitá - Rio de Janeiro, RJ",Humaitá,"R. Voluntários da Pátria, 450 - Humaitá, Rio de Janeiro - RJ, 22270-010",False,,,
Studio Kaísily Vicente,21) 98364-2038,21) 98364-2038,https://instagram.com/kah._designer?igshid=MDM4ZDc5MmU=,,clínica de estética,"São Conrado - Rio de Janeiro, RJ",Rocinha,"Estr. da Gávea, 205 - Rocinha, Rio de Janeiro - RJ, 22451-264",False,https://instagram.com/kah._designer?igshid=MDM4ZDc5MmU=,5.0,
ALÊ ROCHA ESTÉTICA SÃO CONRADO RJ,21) 97903-9559,21) 97903-9559,https://instagram.com/kah._designer?igshid=MDM4ZDc5MmU=,,clínica de estética,"São Conrado - Rio de Janeiro, RJ",São Conrado,"Estr. da Gávea, 640 - São Conrado, Rio de Janeiro - RJ, 22610-002",False,https://instagram.com/alerochaestetica/,5.0,
Estética Elaine Bezerra,21) 98874-3720,21) 98874-3720,https://instagram.com/kah._designer?igshid=MDM4ZDc5MmU=,,clínica de estética,"São Conrado - Rio de Janeiro, RJ",São Conrado,"Estr. da Gávea, 847 - São Conrado, Rio de Janeiro - RJ, 22610-001",False,,3.0,
Vila Parque Studio - Massagem Relaxante,21) 99130-2008,5521991302008,https://instagram.com/kah._designer?igshid=MDM4ZDc5MmU=,,clínica de estética,"São Conrado - Rio de Janeiro, RJ",Gávea,"Est. Santa Marinha, 59 - sala 104 - Gávea, Rio de Janeiro - RJ, 22451-240",False,,5.0,
Angels Studio de Beleza,21) 98380-4567,21) 98380-4567,https://instagram.com/kah._designer?igshid=MDM4ZDc5MmU=,,clínica de estética,"São Conrado - Rio de Janeiro, RJ",Leblon,"R. Timóteo da Costa, 988 - Leblon, Rio de Janeiro - RJ, 22450-130",False,,4.6,
Carol Bentes Terapeuta Holística,21) 99951-0535,21) 99951-0535,https://instagram.com/kah._designer?igshid=MDM4ZDc5MmU=,,clínica de estética,"São Conrado - Rio de Janeiro, RJ",Gávea,"Est. Santa Marinha, 505 - Gávea, Rio de Janeiro - RJ, 22451-240",False,,5.0,
Estética Corporal e Facial - Dra. Eliane Cristina - São Conrado,21) 96909-6543,5521967036443,https://instagram.com/clinica_bellaestetica?utm_medium=copy_link,,clínica de estética,"São Conrado - Rio de Janeiro, RJ",Rocinha,"Estr. da Gávea, 558 - sala 104 - Rocinha, Rio de Janeiro - RJ, 21471-261",False,https://www.instagram.com/draelianecristina/,,
Studio Paula leite,21) 99741-1683,5521967036443,https://instagram.com/clinica_bellaestetica?utm_medium=copy_link,,clínica de estética,"São Conrado - Rio de Janeiro, RJ",Rocinha,"Estr. da Gávea, 407 - n'2 - Rocinha, Rio de Janeiro - RJ, 22451-265",False,https://www.instagram.com/estetica.paulaleite?igsh=MXJhYm5sdDVxZ244ZA==,5.0,
Diana Ítala - Centro de Estética,21) 7216-1221,,https://instagram.com/clinica_bellaestetica?utm_medium=copy_link,,clínica de estética,"São Conrado - Rio de Janeiro, RJ",Rocinha,"Estr. da Gávea, 539 - sala 201 - Rocinha, Rio de Janeiro - RJ, 22451-540",False,,5.0,
São Conrado,,5521967036443,https://instagram.com/clinica_bellaestetica?utm_medium=copy_link,,clínica de estética,"São Conrado - Rio de Janeiro, RJ",RJ,"São Conrado, Rio de Janeiro - RJ, 22450-220",False,,4.6,
Equilibre Studio,21) 97185-6830,5521967036443,https://instagram.com/clinica_bellaestetica?utm_medium=copy_link,,clínica de estética,"São Conrado - Rio de Janeiro, RJ",São Conrado,"Estr. da Gávea, 640/202 - São Conrado, Rio de Janeiro - RJ, 22610-001",False,,5.0,
Studio Butterfly Beauty,21) 99068-0578,5521967036443,https://instagram.com/clinica_bellaestetica?utm_medium=copy_link,,clínica de estética,"São Conrado - Rio de Janeiro, RJ",São Conrado,"Estr. da Gávea - São Conrado, Rio de Janeiro - RJ, 24451-271",False,,,
Conceito 2 Zero 2,21) 99352-1122,21) 99352-1122,https://www.instagram.com/vilaaureaeventos,,salão premium,"São Conrado - Rio de Janeiro, RJ",São Conrado,"Estr. do Joá, 102 - Sala 202 - São Conrado, Rio de Janeiro - RJ, 22610-142",False,,5.0,
Villa Riso (Vila Áurea Eventos),21) 98369-7963,21) 98369-7963,https://www.instagram.com/vilaaureaeventos,,salão premium,"São Conrado - Rio de Janeiro, RJ",São Conrado,"Estr. da Gávea, 728 - São Conrado, Rio de Janeiro - RJ, 22610-001",False,https://www.instagram.com/vilaaureaeventos/,4.7,
Casa Maya,,,https://www.instagram.com/vilaaureaeventos,,salão premium,"São Conrado - Rio de Janeiro, RJ",São Conrado,"Estr. do Joá, 765 - São Conrado, Rio de Janeiro - RJ, 22610",False,,4.5,
Vila Áurea Eventos,21) 99833-0728,21) 99833-0728,https://www.instagram.com/vilaaureaeventos,,salão premium,"São Conrado - Rio de Janeiro, RJ",São Conrado,"Estr. da Gávea, 728 - São Conrado, Rio de Janeiro - RJ, 22610-001",False,,5.0,
Spazio Di Belezza Ltda.,,,https://www.instagram.com/vilaaureaeventos,,salão premium,"São Conrado - Rio de Janeiro, RJ",São Conrado,"Estr. da Gávea, 640 - sala 406 - São Conrado, Rio de Janeiro - RJ, 22610-002",False,,4.0,
BASE BELEZA,21) 2137-6583,,https://www.instagram.com/vilaaureaeventos,,salão premium,"São Conrado - Rio de Janeiro, RJ",São Conrado,"Estr. da Gávea, 899 / Piso - L 1 - São Conrado, Rio de Janeiro - RJ, 22610-001",False,,5.0,
Espaço Beleza Impecável,,,https://www.instagram.com/vilaaureaeventos,,salão premium,"São Conrado - Rio de Janeiro, RJ",Jardim Limeira,"Estr. Aníbal da Mota, 90 - Jardim Limeira, Belford Roxo - RJ, 26190-060",False,https://www.instagram.com/invites/contact/?i=bfb4e1axu8y5&utm_content=5nxsecr,5.0,
Silvana Fagundes beauty,21) 98153-7740,21) 98153-7740,https://www.instagram.com/vilaaureaeventos,,salão premium,"São Conrado - Rio de Janeiro, RJ",São Conrado,"Av. Pref. Mendes de Morais - São Conrado, Rio de Janeiro - RJ, 22610-095",False,,5.0,
Espaço L26,21) 97022-4043,21) 97022-4043,https://www.instagram.com/vilaaureaeventos,,salão premium,"São Conrado - Rio de Janeiro, RJ",Jardim das Oliveiras,"R. Delmiro Gouvêia, 8 - Jardim das Oliveiras, Duque de Caxias - RJ, 25045-120",False,https://www.instagram.com/espacol26/,5.0,
Croisette Coiffeur,21) 3322-4254,,https://www.instagram.com/vilaaureaeventos,,salão premium,"São Conrado - Rio de Janeiro, RJ",São Conrado,"Loca C - R. Gen. Olímpio Mourão Filho, 40 - São Conrado, Rio de Janeiro - RJ, 22610-020",False,,4.9,
Studio A Salão de Beleza – São Conrado,21) 97468-5440,21) 97468-5440,https://www.instagram.com/vilaaureaeventos,,salão premium,"São Conrado - Rio de Janeiro, RJ",São Conrado,"Estr. da Gávea, 696 - loja B - São Conrado, Rio de Janeiro - RJ, 22610-002",False,https://www.instagram.com/studioa.salaodebeleza/,4.8,
Elite Space,,,https://www.instagram.com/vilaaureaeventos,,salão premium,"São Conrado - Rio de Janeiro, RJ",Jardim Leal,"R. Projetada E, 18 - Jardim Leal, Duque de Caxias - RJ, 25035-345",False,,5.0,
Ks Beauty Academy (Studio de Beleza),21) 99520-4039,21) 99520-4039,https://www.instagram.com/vilaaureaeventos,,salão premium,"São Conrado - Rio de Janeiro, RJ",São Conrado,"Estr. da Gávea, 640 - Sala 403 - São Conrado, Rio de Janeiro - RJ, 22610-001",False,https://instagram.com/ks_beautyacademy?igshid=MzRlODBiNWFlZA==,5.0,
Barbearia Corte das Estrelas,21) 97959-1640,21) 97959-1640,,,barbearia premium,"São Conrado - Rio de Janeiro, RJ",Vila São Luis,"R. Santo Antônio, 340 - Vila São Luis, Duque de Caxias - RJ, 25065-051",False,,4.9,
Jura Barber Gold,21) 96650-8588,21) 96650-8588,,,barbearia premium,"São Conrado - Rio de Janeiro, RJ",Gávea,"R. Marquês de São Vicente, 75 - Loja 101 - Gávea, Rio de Janeiro - RJ, 22451-041",False,,5.0,
NAVALHA PREMIUM BARBEARIA,,,,,barbearia premium,"São Conrado - Rio de Janeiro, RJ",Manguinhos,"R. Uranos, 1206 - Manguinhos, Rio de Janeiro - RJ, 21060-070",False,,5.0,
Barbearia top do abençoado,21) 97458-3365,21) 97458-3365,,,barbearia premium,"São Conrado - Rio de Janeiro, RJ",Jardim Leal,"Rua Venâncio Adres, 140 - Jardim Leal, Duque de Caxias - RJ, 25036-170",False,,5.0,
Prime Barber e Beer,21) 3577-3602,,,,barbearia premium,"São Conrado - Rio de Janeiro, RJ",Barra da Tijuca,"Shopping Novo Leblon - Av. das Américas, 7607 - Loja 134 - Barra da Tijuca, Rio de Janeiro - RJ, 22793-081",False,,4.6,
Barbearia Mina do Corte,21) 97537-7109,21) 97537-7109,https://www.instagram.com/p/CObEuTkMBd5/?utm_medium=copy_link,,barbearia premium,"São Conrado - Rio de Janeiro, RJ",São Conrado,"Estr. da Gávea, 589 - São Conrado, Rio de Janeiro - RJ, 22451-265",False,https://www.instagram.com/p/CObEuTkMBd5/?utm_medium=copy_link,5.0,
Barbearia Club Premium,24) 99874-4812,24) 99874-4812,,,barbearia premium,"São Conrado - Rio de Janeiro, RJ",Aterrado,"R. Luiz Alves Pereira, 160 - Aterrado, Volta Redonda - RJ, 27215-570",False,,5.0,
Dra. Renata Pinho - Lagoa Rio Odontologia,21) 98419-0453,21) 98419-0453,http://instagram.com/@sorriarocinha_,,dentista,"São Conrado - Rio de Janeiro, RJ",Jardim Botânico,"Edifício Touch - R. Jardim Botânico, 568 - 202 - Jardim Botânico, Rio de Janeiro - RJ, 22461-000",False,https://www.instagram.com/lagoario_odonto/,5.0,
Dra Evelyn Castro Dentista Zona Sul Rj São Conrado Gávea Reabilitação Oral | Odontologia Estética | Emergências,21) 99885-0300,21) 99885-0300,https://www.instagram.com/csm_integrada,,dentista,"São Conrado - Rio de Janeiro, RJ",São Conrado,"Estr. da Gávea, 712 - sala 310 - São Conrado, Rio de Janeiro - RJ, 22610-002",False,,5.0,
DOPI-X - Diagnóstico Odontológico por Imagem,21) 3796-2671,,https://www.instagram.com/csm_integrada,,dentista,"São Conrado - Rio de Janeiro, RJ",São Conrado,"Estr. da Gávea, 847 - sl 105 - São Conrado, Rio de Janeiro - RJ, 22610-001",False,,4.8,
Dentistas,,,https://www.instagram.com/csm_integrada,,dentista,"São Conrado - Rio de Janeiro, RJ",São Conrado,"R. Gal Olímpio Moura Filho - São Conrado, Rio de Janeiro - RJ, 22610-001",False,,4.0,
Martinelli Odontologia,21) 99186-3932,21) 99186-3932,https://www.instagram.com/csm_integrada,,dentista,"São Conrado - Rio de Janeiro, RJ",São Conrado,"Estr. da Gávea, 555 - 201 - São Conrado, Rio de Janeiro - RJ, 22451-265",False,,4.4,
CSM Integrada | Produtos Odontológicos e Clareamento Dental,21) 97922-6419,"https://api.whatsapp.com/send?phone=5521972311460&text=Ol%C3%A1,%20vim%20do%20Google%20e%20gostaria%20de%20mais%20informa%C3%A7%C3%B5es.",https://www.instagram.com/csm_integrada,,dentista,"São Conrado - Rio de Janeiro, RJ",Gávea,"R. Marquês de São Vicente - Gávea, Rio de Janeiro - RJ, 22451-040",False,https://www.instagram.com/csm_integrada/,5.0,
Radiodonto Pedra da Gávea - São Conrado,21) 3264-3717,"https://api.whatsapp.com/send?phone=5521972311460&text=Ol%C3%A1,%20vim%20do%20Google%20e%20gostaria%20de%20mais%20informa%C3%A7%C3%B5es.",https://www.instagram.com/csm_integrada,,dentista,"São Conrado - Rio de Janeiro, RJ",São Conrado,"Estr. da Gávea, 847 - Loja 105 - São Conrado, Rio de Janeiro - RJ, 22610-001",False,,5.0,
Clinica Veterinária Apaixonados Por Quatro Patas - Unidade São Conrado/Rocinha,21) 99814-3055,"https://api.whatsapp.com/send?phone=5521972311460&text=Ol%C3%A1,%20vim%20do%20Google%20e%20gostaria%20de%20mais%20informa%C3%A7%C3%B5es.",https://instagram.com/apaixonadossaoconrado?igshid=OGQ2MjdiOTE=,,dentista,"São Conrado - Rio de Janeiro, RJ",São Conrado,"Estr. da Gávea, 642 - São Conrado, Rio de Janeiro - RJ, 22610-002",False,https://instagram.com/apaixonadossaoconrado?igshid=OGQ2MjdiOTE=,4.3,
Sorria Rocinha,21) 99554-5515,"https://api.whatsapp.com/send?phone=5521972311460&text=Ol%C3%A1,%20vim%20do%20Google%20e%20gostaria%20de%20mais%20informa%C3%A7%C3%B5es.",https://instagram.com/apaixonadossaoconrado?igshid=OGQ2MjdiOTE=,,dentista,"São Conrado - Rio de Janeiro, RJ",Rocinha,"Estr. da Gávea, 558/201 - Rocinha, Rio de Janeiro - RJ, 22451-272",False,http://instagram.com/@sorriarocinha_,4.9,
Dra Paola Brito harmonização facial,21) 96516-7604,"https://api.whatsapp.com/send?phone=5521972311460&text=Ol%C3%A1,%20vim%20do%20Google%20e%20gostaria%20de%20mais%20informa%C3%A7%C3%B5es.",https://instagram.com/apaixonadossaoconrado?igshid=OGQ2MjdiOTE=,,dentista,"São Conrado - Rio de Janeiro, RJ",São Conrado,"Estr. da Gávea, 712 - São Conrado, Rio de Janeiro - RJ, 22610-002",False,,5.0,
Di Dentistas,21) 3802-3091,"https://api.whatsapp.com/send?phone=5521972311460&text=Ol%C3%A1,%20vim%20do%20Google%20e%20gostaria%20de%20mais%20informa%C3%A7%C3%B5es.",https://instagram.com/apaixonadossaoconrado?igshid=OGQ2MjdiOTE=,,dentista,"São Conrado - Rio de Janeiro, RJ",São Conrado,"R. Gen. Olímpio Mourão Filho, 44 - São Conrado, Rio de Janeiro - RJ, 22610-020",False,,5.0,
Mansão São Conrado,,"https://api.whatsapp.com/send?phone=5521972311460&text=Ol%C3%A1,%20vim%20do%20Google%20e%20gostaria%20de%20mais%20informa%C3%A7%C3%B5es.",https://instagram.com/apaixonadossaoconrado?igshid=OGQ2MjdiOTE=,,dentista,"São Conrado - Rio de Janeiro, RJ",Joá,"Estr. do Joá - Joá, Rio de Janeiro - RJ, 22610-141",False,,4.5,
Psicólogo Parque São José,21) 98843-0729,21) 98843-0729,https://www.instagram.com/amandacamara.psico,,psicólogo,"São Conrado - Rio de Janeiro, RJ",Parque Sao Jose,"236 LT - Estr. Aníbal da Mota, 01 - QD 38 - LJ 01 - Parque Sao Jose, Belford Roxo - RJ, 26190-060",False,,,
Douglas Ramos | Psicólogo em Duque de Caxias e online,21) 99250-0889,21) 99250-0889,https://www.instagram.com/psi_sabrinaataliba?utm_source=ig_web_button_share_sheet&igsh=ZDNlZDc0MzIxNw==,,psicólogo,"São Conrado - Rio de Janeiro, RJ",Jardim Olavo Bilac,"R. Pedro Lessa, 1542 - Jardim Olavo Bilac, Duque de Caxias - RJ, 25035-755",False,,5.0,
Psi Rosana Guedes,21) 98628-4219,21) 98628-4219,https://www.instagram.com/psi_sabrinaataliba?utm_source=ig_web_button_share_sheet&igsh=ZDNlZDc0MzIxNw==,,psicólogo,"São Conrado - Rio de Janeiro, RJ",Parque Fluminense,"R. Francisco Sábino, 1 A - Loja 8 - Parque Fluminense, Duque de Caxias - RJ, 25045-080",False,,5.0,
Carina de Britto Matias,24) 2237-7368,,https://www.instagram.com/psi_sabrinaataliba?utm_source=ig_web_button_share_sheet&igsh=ZDNlZDc0MzIxNw==,,psicólogo,"São Conrado - Rio de Janeiro, RJ",Clinica Villa Esther,"av Presidente Kennedy 633 - Clinica Villa Esther, Duque de Caxias - RJ, 25680-030",False,,,
Psicóloga Thais Alvarenga,21) 99352-6003,21) 99352-6003,https://www.instagram.com/psi_sabrinaataliba?utm_source=ig_web_button_share_sheet&igsh=ZDNlZDc0MzIxNw==,,psicólogo,"São Conrado - Rio de Janeiro, RJ",,,False,,5.0,
Victoria Ferreira | Psicológa Clínica,,,https://www.instagram.com/psi_sabrinaataliba?utm_source=ig_web_button_share_sheet&igsh=ZDNlZDc0MzIxNw==,,psicólogo,"São Conrado - Rio de Janeiro, RJ",Rocinha,"Estr. da Gávea, 422 - Rocinha, Rio de Janeiro - RJ, 22451-264",False,,5.0,
Conect Terapia,21) 98876-0000,21) 98876-0000,https://www.instagram.com/psi_sabrinaataliba?utm_source=ig_web_button_share_sheet&igsh=ZDNlZDc0MzIxNw==,,psicólogo,"São Conrado - Rio de Janeiro, RJ",Parque Martinho,"R. Hermínia, 2 - Parque Martinho, Belford Roxo - RJ, 26183-560",False,,5.0,
Consultório Psicóloga Marisol Paes,21) 98539-0304,21) 98539-0304,https://www.instagram.com/psi_sabrinaataliba?utm_source=ig_web_button_share_sheet&igsh=ZDNlZDc0MzIxNw==,,psicólogo,"São Conrado - Rio de Janeiro, RJ",Lote XV,"Est. Manoel de Sá, 138 - Sala 101 - Lote XV, Belford Roxo - RJ, 26182-000",False,,5.0,
Psicóloga Sabrina Ataliba | CRP: 05/77086,21) 97744-1165,21) 97744-1165,https://www.instagram.com/psi_sabrinaataliba?utm_source=ig_web_button_share_sheet&igsh=ZDNlZDc0MzIxNw==,,psicólogo,"São Conrado - Rio de Janeiro, RJ",Parque Fluminense,"R. Aporuna, 03 - quadra K - Parque Fluminense, Belford Roxo - RJ, 26190-130",False,https://www.instagram.com/psi_sabrinaataliba?utm_source=ig_web_button_share_sheet&igsh=ZDNlZDc0MzIxNw==,,
Psicóloga Taylane Lima,21) 97903-5123,21) 97903-5123,https://www.instagram.com/psi_sabrinaataliba?utm_source=ig_web_button_share_sheet&igsh=ZDNlZDc0MzIxNw==,,psicólogo,"São Conrado - Rio de Janeiro, RJ",RJ,"Parque Martinho, Belford Roxo - RJ, 25010-008",False,,5.0,
Psicopedagoga Giulia Medeiros,21) 99299-3357,21) 99299-3357,https://www.instagram.com/psi_sabrinaataliba?utm_source=ig_web_button_share_sheet&igsh=ZDNlZDc0MzIxNw==,,psicólogo,"São Conrado - Rio de Janeiro, RJ",Jardim das Oliveiras,"R. Laerte Pereira da Costa, 285 - nº 2 - Jardim das Oliveiras, Duque de Caxias - RJ, 25045-090",False,,5.0,
Consultório de Psicologia,21) 3585-7135,,https://www.instagram.com/psi_sabrinaataliba?utm_source=ig_web_button_share_sheet&igsh=ZDNlZDc0MzIxNw==,,psicólogo,"São Conrado - Rio de Janeiro, RJ",Gramacho,"1101 Sala 205/ 2º Andar, R. Rio Bonito - Gramacho, Duque de Caxias - RJ, 25035-230",False,,,
Psicomente - Psicoterapia & Bem-estar,21) 99229-9171,21) 99229-9171,https://www.instagram.com/psi_sabrinaataliba?utm_source=ig_web_button_share_sheet&igsh=ZDNlZDc0MzIxNw==,,psicólogo,"São Conrado - Rio de Janeiro, RJ",Lote XV,"Est. Manoel de Sá, 316 - Loja A - Lote XV, Belford Roxo - RJ, 26182-000",False,,5.0,
Clínica Novitari,21) 3204-7154,,https://instagram.com/espacosauderocinha?igshid=YmMyMTA2M2Y=,,fisioterapeuta,"São Conrado - Rio de Janeiro, RJ",São Conrado,"Estr. da Gávea, 847 - Loja 112 - São Conrado, Rio de Janeiro - RJ, 22610-001",False,,5.0,
Fernanda Supertino SPA,21) 98986-5635,"https://api.whatsapp.com/send?phone=555521983978600&text=Ol%C3%A1!+Fisio+Force+Fisioterapia+&+Pilates+agradece+seu+contato.J%C3%A1+iremos+atender+voc%C3%AA.+Enquanto+isso,+me+diga:+em+que+podemos+ajud%C3%A1-lo?",https://www.instagram.com/cpr.saude?igsh=NHBnNzdqZGxqc3hh,,fisioterapeuta,"São Conrado - Rio de Janeiro, RJ",Jardim Metropole,"R. Faisão, 493 - Jardim Metropole, São João de Meriti - RJ, 25575-030",False,,5.0,
Anielly de Jesus | Fisioterapia e Dança,21) 96591-4417,"https://api.whatsapp.com/send?phone=555521983978600&text=Ol%C3%A1!+Fisio+Force+Fisioterapia+&+Pilates+agradece+seu+contato.J%C3%A1+iremos+atender+voc%C3%AA.+Enquanto+isso,+me+diga:+em+que+podemos+ajud%C3%A1-lo?",https://www.instagram.com/cpr.saude?igsh=NHBnNzdqZGxqc3hh,,fisioterapeuta,"São Conrado - Rio de Janeiro, RJ",Vilar dos Teles,"R. Iguaçu - Vilar dos Teles, São João de Meriti - RJ, 25570-031",False,,5.0,
WBS Fisioterapia - Hidroterapia,21) 99492-1090,"https://api.whatsapp.com/send?phone=555521983978600&text=Ol%C3%A1!+Fisio+Force+Fisioterapia+&+Pilates+agradece+seu+contato.J%C3%A1+iremos+atender+voc%C3%AA.+Enquanto+isso,+me+diga:+em+que+podemos+ajud%C3%A1-lo?",https://www.instagram.com/cpr.saude?igsh=NHBnNzdqZGxqc3hh,,fisioterapeuta,"São Conrado - Rio de Janeiro, RJ",Jardim Metropole,"Av. Dep. Ulisses Guimarães, 117 - 2 - Jardim Metropole, São João de Meriti - RJ, 25571-250",False,,5.0,
Islania Rocha,,"https://api.whatsapp.com/send?phone=555521983978600&text=Ol%C3%A1!+Fisio+Force+Fisioterapia+&+Pilates+agradece+seu+contato.J%C3%A1+iremos+atender+voc%C3%AA.+Enquanto+isso,+me+diga:+em+que+podemos+ajud%C3%A1-lo?",https://www.instagram.com/cpr.saude?igsh=NHBnNzdqZGxqc3hh,,fisioterapeuta,"São Conrado - Rio de Janeiro, RJ",Jardim Metropole,"Av. Metrópole - Jardim Metropole, São João de Meriti - RJ, 25571-150",False,,,
CPR SAÚDE - Centro de performance e reabilitação física,21) 96497-4943,"https://api.whatsapp.com/send?phone=555521983978600&text=Ol%C3%A1!+Fisio+Force+Fisioterapia+&+Pilates+agradece+seu+contato.J%C3%A1+iremos+atender+voc%C3%AA.+Enquanto+isso,+me+diga:+em+que+podemos+ajud%C3%A1-lo?",https://www.instagram.com/cpr.saude?igsh=NHBnNzdqZGxqc3hh,,fisioterapeuta,"São Conrado - Rio de Janeiro, RJ",Dr. Laureano,"Antigo endereço da igreja nova vida Leopoldina - Av. Gen. Rondon, 1370 - Dr. Laureano, Duque de Caxias - RJ, 25060-236",False,https://www.instagram.com/cpr.saude?igsh=NHBnNzdqZGxqc3hh,5.0,
Equilibre Studio,21) 97185-6830,"https://api.whatsapp.com/send?phone=555521983978600&text=Ol%C3%A1!+Fisio+Force+Fisioterapia+&+Pilates+agradece+seu+contato.J%C3%A1+iremos+atender+voc%C3%AA.+Enquanto+isso,+me+diga:+em+que+podemos+ajud%C3%A1-lo?",https://www.instagram.com/cpr.saude?igsh=NHBnNzdqZGxqc3hh,,fisioterapeuta,"São Conrado - Rio de Janeiro, RJ",São Conrado,"Estr. da Gávea, 640/202 - São Conrado, Rio de Janeiro - RJ, 22610-001",False,,5.0,
Clínica de Diagnóstico e fisioterapia redentor,,"https://api.whatsapp.com/send?phone=555521983978600&text=Ol%C3%A1!+Fisio+Force+Fisioterapia+&+Pilates+agradece+seu+contato.J%C3%A1+iremos+atender+voc%C3%AA.+Enquanto+isso,+me+diga:+em+que+podemos+ajud%C3%A1-lo?",https://www.instagram.com/cpr.saude?igsh=NHBnNzdqZGxqc3hh,,fisioterapeuta,"São Conrado - Rio de Janeiro, RJ",Jardim Gláucia,"Av. Automóvel Clube, 120d - Jardim Gláucia, Belford Roxo - RJ, 26193-000",False,,,
Cleverton da Silva Pinto Fisioterapeuta,2198863886,"https://api.whatsapp.com/send?phone=555521983978600&text=Ol%C3%A1!+Fisio+Force+Fisioterapia+&+Pilates+agradece+seu+contato.J%C3%A1+iremos+atender+voc%C3%AA.+Enquanto+isso,+me+diga:+em+que+podemos+ajud%C3%A1-lo?",https://www.instagram.com/cpr.saude?igsh=NHBnNzdqZGxqc3hh,,fisioterapeuta,"São Conrado - Rio de Janeiro, RJ",Jardim Metropole,"Av. Miguel Couto, 491 - Jardim Metropole, São João de Meriti - RJ, 25575-580",False,,,
L2 FisioPilates,21) 96950-9721,"https://api.whatsapp.com/send?phone=555521983978600&text=Ol%C3%A1!+Fisio+Force+Fisioterapia+&+Pilates+agradece+seu+contato.J%C3%A1+iremos+atender+voc%C3%AA.+Enquanto+isso,+me+diga:+em+que+podemos+ajud%C3%A1-lo?",https://www.instagram.com/cpr.saude?igsh=NHBnNzdqZGxqc3hh,,fisioterapeuta,"São Conrado - Rio de Janeiro, RJ",Parque Lafaiete,"Av. Covanca, 268 - Parque Lafaiete, Duque de Caxias - RJ, 25025-500",False,,4.9,
Espaço Viva Bem,21) 99333-0090,"https://api.whatsapp.com/send?phone=555521983978600&text=Ol%C3%A1!+Fisio+Force+Fisioterapia+&+Pilates+agradece+seu+contato.J%C3%A1+iremos+atender+voc%C3%AA.+Enquanto+isso,+me+diga:+em+que+podemos+ajud%C3%A1-lo?",https://www.instagram.com/cpr.saude?igsh=NHBnNzdqZGxqc3hh,,fisioterapeuta,"São Conrado - Rio de Janeiro, RJ",Vila São Luis,"Av. Expedicionário José Amaro, 502 - Térreo - Vila São Luis, Duque de Caxias - RJ, 25065-090",False,,5.0,
BRV CLÍNICA E DIAGNÓSTICOS - CABRAL RIBEIRO EMPREENDIMENTOS E SAÚDE,,"https://api.whatsapp.com/send?phone=555521983978600&text=Ol%C3%A1!+Fisio+Force+Fisioterapia+&+Pilates+agradece+seu+contato.J%C3%A1+iremos+atender+voc%C3%AA.+Enquanto+isso,+me+diga:+em+que+podemos+ajud%C3%A1-lo?",https://www.instagram.com/cpr.saude?igsh=NHBnNzdqZGxqc3hh,,fisioterapeuta,"São Conrado - Rio de Janeiro, RJ",Jardim Gláucia,"Av. Automóvel Clube, 91 - Jardim Gláucia, Belford Roxo - RJ, 26196-030",False,,,
Fisioterapia Em Geral,,"https://api.whatsapp.com/send?phone=555521983978600&text=Ol%C3%A1!+Fisio+Force+Fisioterapia+&+Pilates+agradece+seu+contato.J%C3%A1+iremos+atender+voc%C3%AA.+Enquanto+isso,+me+diga:+em+que+podemos+ajud%C3%A1-lo?",https://www.instagram.com/cpr.saude?igsh=NHBnNzdqZGxqc3hh,,fisioterapeuta,"São Conrado - Rio de Janeiro, RJ",Periquitos,"R. Igarapé, 663 - Periquitos, Duque de Caxias - RJ, 25025-340",False,,,
AFP Fisioterapia LTDA,,"https://api.whatsapp.com/send?phone=555521983978600&text=Ol%C3%A1!+Fisio+Force+Fisioterapia+&+Pilates+agradece+seu+contato.J%C3%A1+iremos+atender+voc%C3%AA.+Enquanto+isso,+me+diga:+em+que+podemos+ajud%C3%A1-lo?",https://www.instagram.com/cpr.saude?igsh=NHBnNzdqZGxqc3hh,,fisioterapeuta,"São Conrado - Rio de Janeiro, RJ",Jardim Olavo Bilac,"R. Alan Kardec, 7d - Jardim Olavo Bilac, Duque de Caxias - RJ, 25036-390",False,,,
Studio de Pilates e Fisioterapia Andreia Novanta,21) 3491-7753,"https://api.whatsapp.com/send?phone=555521983978600&text=Ol%C3%A1!+Fisio+Force+Fisioterapia+&+Pilates+agradece+seu+contato.J%C3%A1+iremos+atender+voc%C3%AA.+Enquanto+isso,+me+diga:+em+que+podemos+ajud%C3%A1-lo?",https://www.instagram.com/cpr.saude?igsh=NHBnNzdqZGxqc3hh,,fisioterapeuta,"São Conrado - Rio de Janeiro, RJ",Dr. Laureano,"Av. Dr. Laureano, 223 - Dr. Laureano, Duque de Caxias - RJ, 25060-198",False,https://www.instagram.com/andreianovanta?igsh=MWt6a21wcGIyaHllbg==,5.0,
Equilibre Studio,21) 97185-6830,21) 97185-6830,,,pilates,"São Conrado - Rio de Janeiro, RJ",São Conrado,"Estr. da Gávea, 640/202 - São Conrado, Rio de Janeiro - RJ, 22610-001",False,,5.0,
XBody Brasil Río de Janeiro,21) 96622-4902,21) 96622-4902,,,academia boutique,"São Conrado - Rio de Janeiro, RJ",Barra da Tijuca,"Av. Lúcio Costa, 3400 - 301-302 - Barra da Tijuca, Rio de Janeiro - RJ, 22620-020",False,,4.0,
Academia Proquality São Conrado,21) 3322-1666,,,,academia boutique,"São Conrado - Rio de Janeiro, RJ",São Conrado,"75, subsolo hotel Royal Tulip, Av. Aquarela do Brasil - São Conrado, Rio de Janeiro - RJ",False,,4.0,
Ks Beauty Academy (Studio de Beleza),21) 99520-4039,21) 99520-4039,https://instagram.com/ks_beautyacademy?igshid=MzRlODBiNWFlZA==,,studio de sobrancelha,"São Conrado - Rio de Janeiro, RJ",São Conrado,"Estr. da Gávea, 640 - Sala 403 - São Conrado, Rio de Janeiro - RJ, 22610-001",False,https://instagram.com/ks_beautyacademy?igshid=MzRlODBiNWFlZA==,5.0,
Studio's Garcia,21) 96686-3326,21) 96686-3326,,,studio de sobrancelha,"São Conrado - Rio de Janeiro, RJ",Pantanal,"R. Eça de Queiroz, 7 - Pantanal, Duque de Caxias - RJ, 25040-350",False,,5.0,
Studio 2 Beauty,21) 96663-5408,21) 96663-5408,,,studio de sobrancelha,"São Conrado - Rio de Janeiro, RJ",Pantanal,"Padaria do Ricardo( José Ricardo Fortunato - Estrada José Adamian n°1 Próximo a - Pantanal, Duque de Caxias - RJ, 25040-000",False,,5.0,
Braba Beauty Studio Rocinha,21) 99117-4177,21) 99117-4177,https://www.instagram.com/brababeauty.cilios?igsh=MW5uYW9vNDJlb2J5bA%3D%3D&utm_source=qr,,studio de sobrancelha,"São Conrado - Rio de Janeiro, RJ",São Conrado,"Estr. da Gávea, 558 - São Conrado, Rio de Janeiro - RJ, 22451-271",False,https://www.instagram.com/brababeauty.cilios?igsh=MW5uYW9vNDJlb2J5bA%3D%3D&utm_source=qr,5.0,
Studio A Salão de Beleza – São Conrado,21) 97468-5440,21) 97468-5440,https://www.instagram.com/studioa.salaodebeleza,,studio de sobrancelha,"São Conrado - Rio de Janeiro, RJ",São Conrado,"Estr. da Gávea, 696 - loja B - São Conrado, Rio de Janeiro - RJ, 22610-002",False,https://www.instagram.com/studioa.salaodebeleza/,4.8,
Studio Patricia Santos Beauty,21) 97697-9238,21) 97697-9238,https://instagram.com/patriciasts_beauty?igshid=YmMyMTA2M2Y=,,studio de sobrancelha,"São Conrado - Rio de Janeiro, RJ",Pantanal,"Rua Leopoldo Fróis, 3 - quadra 70 - Pantanal, Duque de Caxias - RJ, 25040-325",False,https://instagram.com/patriciasts_beauty?igshid=YmMyMTA2M2Y=,5.0,
Thainá Souza Beauty Studio | Sobrancelhas,21) 97551-1953,21) 97551-1953,https://instagram.com/Thaina.sobrancelhass,,studio de sobrancelha,"São Conrado - Rio de Janeiro, RJ",Jardim Metropole,"R. Visc. da Gávea, 72 - Jardim Metropole, São João de Meriti - RJ, 25575-310",False,https://instagram.com/Thaina.sobrancelhass,5.0,
Studio Thalia Andrade,21) 97733-5025,21) 97733-5025,,,studio de sobrancelha,"São Conrado - Rio de Janeiro, RJ",Campos Eliseos,"R. Projetada C - Campos Eliseos, Duque de Caxias - RJ, 25040-319",False,,,
Studio Milena Andrade - Epilação,21) 97081-7754,21) 97081-7754,https://www.instagram.com/butterfly.studiooo?igsh=MWl1M3J5d2ZrMmR1bw%3D%3D&utm_source=qr,,studio de sobrancelha,"São Conrado - Rio de Janeiro, RJ",Pantanal,"R. Gen. Roca - Pantanal, Duque de Caxias - RJ, 25040-335",False,https://www.instagram.com/butterfly.studiooo?igsh=MWl1M3J5d2ZrMmR1bw%3D%3D&utm_source=qr,5.0,
Studio Ester Lima,21) 97375-0195,21) 97375-0195,https://www.instagram.com/lashesterlimaa,,studio de sobrancelha,"São Conrado - Rio de Janeiro, RJ",Parque Sao Jose,"Estrada do - Estr. Aníbal da Mota, 1825 - Parque Sao Jose, Belford Roxo - RJ, 26190-083",False,https://www.instagram.com/lashesterlimaa/,5.0,
Studio Clara Felix/Cílios,21) 98307-6179,21) 98307-6179,,,studio de sobrancelha,"São Conrado - Rio de Janeiro, RJ",São Conrado,"Estr. da Gávea, 696 - São Conrado, Rio de Janeiro - RJ, 22610-002",False,,5.0,
Angel Peçanha Studio Beauty,21) 96435-4336,21) 96435-4336,,,studio de sobrancelha,"São Conrado - Rio de Janeiro, RJ",São José,"Rua Amaro Aguiar Brandão - Próximo a praça Gelcimar Lopes Azeredo, Parque, 23 - QD77 - São José, Belford Roxo - RJ, 26190-410",False,,4.9,
Studio Lima,21) 98392-1549,21) 98392-1549,https://www.instagram.com/studiolima.rebe?igsh=MXR6ZXMyY3ZvNm8yZw==,,studio de sobrancelha,"São Conrado - Rio de Janeiro, RJ",Parque Sao Jose,"Estr. Aníbal da Mota, 102 - Parque Sao Jose, Belford Roxo - RJ, 26190-060",False,https://www.instagram.com/studiolima.rebe?igsh=MXR6ZXMyY3ZvNm8yZw==,,
Arrazus ateliê da beleza,21) 99140-5913,21) 99140-5913,,,studio de sobrancelha,"São Conrado - Rio de Janeiro, RJ",Parque Panorama,"R. Cambuí - Parque Panorama, Duque de Caxias - RJ, 25265-008",False,,5.0,
KS STUDIO DE BELEZA,21) 99393-7904,21) 99393-7904,,,studio de sobrancelha,"São Conrado - Rio de Janeiro, RJ",Nossa Sra. do Carmo,"Estr. do sarapuí - Nossa Sra. do Carmo, Duque de Caxias - RJ, 25040-460",False,,,
Mariane Sampaio Design de Sobrancelhas e Micropigmentação,21) 99495-1718,https://api.whatsapp.com/send?phone=5521994951718,https://www.instagram.com/marianesampaiomicropigmentacao?igsh=MTZrN29tcW0yaGp5Mw==,,studio de sobrancelha,"São Conrado - Rio de Janeiro, RJ",Parque Fluminense,"Av. Fernando Ferrari, 1020 - Parque Fluminense, Duque de Caxias - RJ, 25040-004",False,https://www.instagram.com/marianesampaiomicropigmentacao?igsh=MTZrN29tcW0yaGp5Mw==,4.8,
Espaço Juliane Days ️,,https://api.whatsapp.com/send?phone=5521969241465&text=Quero+marcar+um+hor%C3%A1rio+no+Espa%C3%A7o+Juliane+Days,https://www.instagram.com/julianedays,,studio de sobrancelha,"São Conrado - Rio de Janeiro, RJ",Vila Rosário,"R. Urbano Duarte, 21 - qd 4 - Vila Rosário, Duque de Caxias - RJ, 25042-300",False,https://www.instagram.com/julianedays/,5.0,
Studio Butterfly Beauty,21) 99068-0578,21) 99068-0578,,,studio de sobrancelha,"São Conrado - Rio de Janeiro, RJ",São Conrado,"Estr. da Gávea - São Conrado, Rio de Janeiro - RJ, 24451-271",False,,,
Studio Mãos de Fada (Jéssica Grayce),21) 98283-3429,21) 98283-3429,,,studio de sobrancelha,"São Conrado - Rio de Janeiro, RJ",Parque Sao Jose,"Rua Capitão Mury, A1, loja 1, 2andar - Parque Sao Jose, Belford Roxo - RJ, 26193-560",False,,5.0,
Studio Clara Felix/Cílios,21) 98307-6179,21997894877,https://instagram.com/patriciasts_beauty?igshid=YmMyMTA2M2Y=,,studio de cílios,"São Conrado - Rio de Janeiro, RJ",São Conrado,"Estr. da Gávea, 696 - São Conrado, Rio de Janeiro - RJ, 22610-002",False,,5.0,
Studio Ingridi Klimaschenski-Lash Designer,,21997894877,https://instagram.com/patriciasts_beauty?igshid=YmMyMTA2M2Y=,,studio de cílios,"São Conrado - Rio de Janeiro, RJ",Jardim Limeira,"Estr. Aníbal da Mota, 2 - quadra 3 - Jardim Limeira, Belford Roxo - RJ, 26190-083",False,,5.0,
Studio Patricia Santos Beauty,21) 97697-9238,21997894877,https://instagram.com/patriciasts_beauty?igshid=YmMyMTA2M2Y=,,studio de cílios,"São Conrado - Rio de Janeiro, RJ",Pantanal,"Rua Leopoldo Fróis, 3 - quadra 70 - Pantanal, Duque de Caxias - RJ, 25040-325",False,https://instagram.com/patriciasts_beauty?igshid=YmMyMTA2M2Y=,5.0,
Braba Beauty Studio Rocinha,21) 99117-4177,21997894877,https://instagram.com/patriciasts_beauty?igshid=YmMyMTA2M2Y=,,studio de cílios,"São Conrado - Rio de Janeiro, RJ",São Conrado,"Estr. da Gávea, 558 - São Conrado, Rio de Janeiro - RJ, 22451-271",False,https://www.instagram.com/brababeauty.cilios?igsh=MW5uYW9vNDJlb2J5bA%3D%3D&utm_source=qr,5.0,
Ks Beauty Academy (Studio de Beleza),21) 99520-4039,21997894877,https://instagram.com/patriciasts_beauty?igshid=YmMyMTA2M2Y=,,studio de cílios,"São Conrado - Rio de Janeiro, RJ",São Conrado,"Estr. da Gávea, 640 - Sala 403 - São Conrado, Rio de Janeiro - RJ, 22610-001",False,https://instagram.com/ks_beautyacademy?igshid=MzRlODBiNWFlZA==,5.0,
Studio Ester Lima,21) 97375-0195,21997894877,https://instagram.com/patriciasts_beauty?igshid=YmMyMTA2M2Y=,,studio de cílios,"São Conrado - Rio de Janeiro, RJ",Parque Sao Jose,"Estrada do - Estr. Aníbal da Mota, 1825 - Parque Sao Jose, Belford Roxo - RJ, 26190-083",False,https://www.instagram.com/lashesterlimaa/,5.0,
Ana Paula Studio Divas,21) 96969-9291,21997894877,https://instagram.com/patriciasts_beauty?igshid=YmMyMTA2M2Y=,,studio de cílios,"São Conrado - Rio de Janeiro, RJ",São Conrado,"Av. Niemeyer, 740 - casa 7 - São Conrado, Rio de Janeiro - RJ, 22450-221",False,,5.0,
Studio Thalia Andrade,21) 97733-5025,21997894877,https://instagram.com/patriciasts_beauty?igshid=YmMyMTA2M2Y=,,studio de cílios,"São Conrado - Rio de Janeiro, RJ",Campos Eliseos,"R. Projetada C - Campos Eliseos, Duque de Caxias - RJ, 25040-319",False,,,
PL Studio de Micropigmentação e extensão de cílios,21) 98988-0494,21997894877,https://instagram.com/patriciasts_beauty?igshid=YmMyMTA2M2Y=,,studio de cílios,"São Conrado - Rio de Janeiro, RJ",Vila Leopoldina,"Av. Gen. Rondon, lote 45 - quadra 4 - Vila Leopoldina, Duque de Caxias - RJ, 25060-236",False,,5.0,
Studio Mari Firmino Lash designer,21) 97262-7831,21997894877,https://instagram.com/patriciasts_beauty?igshid=YmMyMTA2M2Y=,,studio de cílios,"São Conrado - Rio de Janeiro, RJ",Vila São João,"Av. Casimiro de Abreu, 85 - Vila São João, São João de Meriti - RJ, 25570-330",False,,5.0,
Studio Butterfly Beauty,21) 99068-0578,21997894877,https://instagram.com/patriciasts_beauty?igshid=YmMyMTA2M2Y=,,studio de cílios,"São Conrado - Rio de Janeiro, RJ",São Conrado,"Estr. da Gávea - São Conrado, Rio de Janeiro - RJ, 24451-271",False,,,
Stephanie Caetano extensão de cílios,,21997894877,https://instagram.com/patriciasts_beauty?igshid=YmMyMTA2M2Y=,,studio de cílios,"São Conrado - Rio de Janeiro, RJ",Rocinha,"Estr. da Gávea, 561 - Rocinha, Rio de Janeiro - RJ, 22451-262",False,,,
Studio Lima,21) 98392-1549,21997894877,https://instagram.com/patriciasts_beauty?igshid=YmMyMTA2M2Y=,,studio de cílios,"São Conrado - Rio de Janeiro, RJ",Parque Sao Jose,"Estr. Aníbal da Mota, 102 - Parque Sao Jose, Belford Roxo - RJ, 26190-060",False,https://www.instagram.com/studiolima.rebe?igsh=MXR6ZXMyY3ZvNm8yZw==,,
Keyla Santos studio | Designer de sobrancelhas e cílios | Duque de Caxias,21) 96512-7950,21997894877,https://instagram.com/patriciasts_beauty?igshid=YmMyMTA2M2Y=,,studio de cílios,"São Conrado - Rio de Janeiro, RJ",Vila Leopoldina,"R. Teresópolis, 385 - Vila Leopoldina, Duque de Caxias - RJ, 25030-070",False,,5.0,
Studio A Salão de Beleza – São Conrado,21) 97468-5440,21997894877,https://instagram.com/patriciasts_beauty?igshid=YmMyMTA2M2Y=,,studio de cílios,"São Conrado - Rio de Janeiro, RJ",São Conrado,"Estr. da Gávea, 696 - loja B - São Conrado, Rio de Janeiro - RJ, 22610-002",False,https://www.instagram.com/studioa.salaodebeleza/,4.8,
STUDIO MANCINNI,21) 97714-8716,21997894877,https://instagram.com/patriciasts_beauty?igshid=YmMyMTA2M2Y=,,studio de cílios,"São Conrado - Rio de Janeiro, RJ",Vila Rosário,"Av. Alm. Jaceguaí, 32 - quadra 57 - Vila Rosário, Duque de Caxias - RJ, 25040-330",False,,5.0,
Studio Lohranna Larissa,21) 95906-7261,21997894877,https://instagram.com/patriciasts_beauty?igshid=YmMyMTA2M2Y=,,studio de cílios,"São Conrado - Rio de Janeiro, RJ",Vilar dos Teles,"Av. Central, SN - C2 LT 23 A QD 3 - Vilar dos Teles, São João de Meriti - RJ, 25575-613",False,https://www.instagram.com/lohrannalashdesigner_/,4.8,
Gabriella lash designer( extension),21) 99741-9524,21) 99741-9524,https://www.instagram.com/gabrielaa_lashh?igsh=MWo0OTMzdWgzMzB4Zg%3D%3D&utm_source=qr,,lash designer,"São Conrado - Rio de Janeiro, RJ",Rocinha,"Tv. Aníbal Félix - Rocinha, Rio de Janeiro - RJ, 22451-264",False,https://www.instagram.com/gabrielaa_lashh?igsh=MWo0OTMzdWgzMzB4Zg%3D%3D&utm_source=qr,5.0,
Cílios & Sobrancelhas | Gabi Maricato- Recreio dos Bandeirantes,21) 97233-8340,21) 97233-8340,https://www.instagram.com/ciliosdegabii?igsh=cmV1N2czcGxpcmh2,,lash designer,"São Conrado - Rio de Janeiro, RJ",Recreio dos Bandeirantes,"Shopping Vértice Mall - Av. Miguel Antônio Fernandes, 1333 - Bloco A - Sala 518 - Recreio dos Bandeirantes, Rio de Janeiro - RJ, 22790-682",False,https://www.instagram.com/ciliosdegabii?igsh=cmV1N2czcGxpcmh2,5.0,
LASH DESIGNER MAYARA ALVES - EXTENSÃO DE CÍLIOS,21) 99315-9914,21) 99315-9914,https://instagram.com/lashmayaraa,,lash designer,"São Conrado - Rio de Janeiro, RJ",Outeiro,"R. Agenor de Lima, 668 - lote 17 quadra D - Outeiro, Belford Roxo - RJ, 26185-360",False,https://instagram.com/lashmayaraa,5.0,
Studio Patricia Santos Beauty,21) 97697-9238,21) 97697-9238,https://instagram.com/patriciasts_beauty?igshid=YmMyMTA2M2Y=,,lash designer,"São Conrado - Rio de Janeiro, RJ",Pantanal,"Rua Leopoldo Fróis, 3 - quadra 70 - Pantanal, Duque de Caxias - RJ, 25040-325",False,https://instagram.com/patriciasts_beauty?igshid=YmMyMTA2M2Y=,5.0,
Studio Ingridi Klimaschenski-Lash Designer,,,,,lash designer,"São Conrado - Rio de Janeiro, RJ",Jardim Limeira,"Estr. Aníbal da Mota, 2 - quadra 3 - Jardim Limeira, Belford Roxo - RJ, 26190-083",False,,5.0,
Andressa lash Designer,21) 98269-4368,21) 98269-4368,,,lash designer,"São Conrado - Rio de Janeiro, RJ",Gramacho,"R. Japurá, 160 - Gramacho, Duque de Caxias - RJ, 25050-320",False,,,
Lash designer M.C.R,21) 98648-4270,21) 98648-4270,,,lash designer,"São Conrado - Rio de Janeiro, RJ",Jardim Gláucia,"Av. Automóvel Clube, 131 - Jardim Gláucia, Belford Roxo - RJ, 26160-000",False,,,
Studio Mari Firmino Lash designer,21) 97262-7831,21) 97262-7831,,,lash designer,"São Conrado - Rio de Janeiro, RJ",Vila São João,"Av. Casimiro de Abreu, 85 - Vila São João, São João de Meriti - RJ, 25570-330",False,,5.0,
LORENA LIMA | LASH DESIGN,21) 96502-5349,21) 96502-5349,https://www.instagram.com/lorenalima.lash_?igsh=MTZiYWhzOXNpdGxjMA==,,lash designer,"São Conrado - Rio de Janeiro, RJ",Campos Eliseos,"R. Clara Nunes - Campos Eliseos, Duque de Caxias - RJ, 25040-673",False,https://www.instagram.com/lorenalima.lash_?igsh=MTZiYWhzOXNpdGxjMA==,5.0,
"Gabrielle | Lash designer | Designer de sobrancelhas | Duque de caxias, Sarapuí",21) 98235-7561,21) 98235-7561,https://www.instagram.com/bystudiogabrielle?igsh=MWMwZjFubWg3c3lwcQ==,,lash designer,"São Conrado - Rio de Janeiro, RJ",Vila Sarapui,"R. Alfredo Backer, 321 - Vila Sarapui, Duque de Caxias - RJ, 25050-290",False,https://www.instagram.com/bystudiogabrielle?igsh=MWMwZjFubWg3c3lwcQ==,5.0,
Nanda Lash Designer,21) 97017-5469,21) 97017-5469,https://www.instagram.com/by.nandalashes?igsh=MXI0Z21taGRlYm5hdA%3D%3D&utm_source=qr,,lash designer,"São Conrado - Rio de Janeiro, RJ",Parque Fluminense,"R. São Miguel - Parque Fluminense, Duque de Caxias - RJ, 25046-510",False,https://www.instagram.com/by.nandalashes?igsh=MXI0Z21taGRlYm5hdA==&utm_source=qr,,
Léa Style Hair,21) 96660-3813,21) 96660-3813,https://www.instagram.com/leastylehair,,lash designer,"São Conrado - Rio de Janeiro, RJ",Pantanal,"Av. Gomes Freire, 161 - Pantanal, Duque de Caxias - RJ, 25040-004",False,https://www.instagram.com/leastylehair/,,
Thaty Azevedo Company (Cílios e Cursos de extensão de cílios),21) 96580-2581,21) 96580-2581,,,lash designer,"São Conrado - Rio de Janeiro, RJ",Parque Fluminense,"Rua Nossa Senhora das Graças, Praça do Galo, 0 - Parque Fluminense, Duque de Caxias - RJ, 25045-570",False,,5.0,
Lash designer|Gabrielly Gazolla,,,,,lash designer,"São Conrado - Rio de Janeiro, RJ",Vila Centenario,"R. Francisca Tomé, 915 - Vila Centenario, Duque de Caxias - RJ, 25030-210",False,,,
Lash designer|loh,,,,,lash designer,"São Conrado - Rio de Janeiro, RJ",Vilar dos Teles,"Av. Comendador Teles, 198 - Vilar dos Teles, São João de Meriti - RJ, 25561-161",False,,,
Evelin Cristina Lash Designer,21) 98333-7661,21) 98333-7661,,,lash designer,"São Conrado - Rio de Janeiro, RJ",Vila São João,"R. Luci Barbosa, 5 - Quadra F - Vila São João, São João de Meriti - RJ, 25561-311",False,,5.0,
Laryssa Lash - Extensão de Cílios,21) 97375-7798,21) 97375-7798,,,lash designer,"São Conrado - Rio de Janeiro, RJ",Lote XV,"R. da Light, 106 - Lote XV, Belford Roxo - RJ, 26183-460",False,,5.0,
Yana Braz Studio,,,,,lash designer,"São Conrado - Rio de Janeiro, RJ",Vila Leopoldina,"R. Rio Preto, 1626 - Vila Leopoldina, Duque de Caxias - RJ, 25035-390",False,,5.0,
Milene Teixeira Designer de Sobrancelhas,21) 97971-4720,21) 97971-4720,https://instagram.com/milenesteixeira?igshid=YTQwZjQ0NmI0OA%3D%3D&utm_source=qr,,lash designer,"São Conrado - Rio de Janeiro, RJ",Vila São João,"Av. Casimiro de Abreu, 85 - Vila São João, São João de Meriti - RJ, 25570-330",False,https://instagram.com/milenesteixeira?igshid=YTQwZjQ0NmI0OA%3D%3D&utm_source=qr,5.0,
Studio Império/Malu Oliveira Lash Designer,21) 98134-2560,21) 98134-2560,https://www.instagram.com/maluoliveira_lashdesigner?igsh=Ym5qY3B4OHIweWJp,,lash designer,"São Conrado - Rio de Janeiro, RJ",Pauline,"Estrada do Conde - Pauline, Belford Roxo - RJ, 26170-210",False,https://www.instagram.com/maluoliveira_lashdesigner?igsh=Ym5qY3B4OHIweWJp,,
"Bossa Spa | Seu único SPA by Granado do Rio | Vale-presente, massagem relaxante, massagem desportiva",21) 96427-0782,21) 96427-0782,,,spa,"São Conrado - Rio de Janeiro, RJ",Botafogo,"Praia de Botafogo, 242 - Botafogo, Rio de Janeiro - RJ, 22250-145",False,,4.9,
Vanazul Guesthouse/Acupuntura /Hospedagem/ Sao Conrado,21) 97627-2527,21) 97627-2527,,,spa,"São Conrado - Rio de Janeiro, RJ",São Conrado,"Estrada da Canoa, 101 - São Conrado, Rio de Janeiro - RJ, 22610-210",False,,4.6,
Kariza Lounge & Kasa Kultural,21) 99507-2234,21) 99507-2234,,,spa,"São Conrado - Rio de Janeiro, RJ",São Conrado,"Estrada da Canoa, 720, São Conrado, 7 - São Conrado, Rio de Janeiro - RJ, 22610-210",False,,4.9,
Praia de São Conrado,,,,,spa,"São Conrado - Rio de Janeiro, RJ",,Rio de Janeiro,False,,4.7,
Barthô Praia,21) 99521-4787,21) 99521-4787,,,restaurante,"São Conrado - Rio de Janeiro, RJ",São Conrado,"Av. Pref. Mendes de Morais, 1400 - Quiosque 7 A/B - São Conrado, Rio de Janeiro - RJ, 22610-095",False,,3.7,
Praia de São Conrado,,,,,restaurante,"São Conrado - Rio de Janeiro, RJ",,Rio de Janeiro,False,,4.7,
Quiosque Voo Livre,21) 99379-9645,21) 99379-9645,,,restaurante,"São Conrado - Rio de Janeiro, RJ",São Conrado,"Av. Pref. Mendes de Morais em, frente ao nº 1502 - São Conrado, Rio de Janeiro - RJ, 22610-095",False,,4.2,
"2 Peaks Café | Café da Manhã, Almoço e Brunch em São Conrado",21) 99496-3446,21) 99496-3446,,,restaurante,"São Conrado - Rio de Janeiro, RJ",São Conrado,"Estr. do Joá, 102 - São Conrado, Rio de Janeiro - RJ, 22610-142",False,,4.9,
Kariza Lounge & Kasa Kultural,21) 99507-2234,21) 99507-2234,,,restaurante,"São Conrado - Rio de Janeiro, RJ",São Conrado,"Estrada da Canoa, 720, São Conrado, 7 - São Conrado, Rio de Janeiro - RJ, 22610-210",False,,4.9,
Verdin São Conrado,21) 99834-5816,21) 99834-5816,,,restaurante,"São Conrado - Rio de Janeiro, RJ",São Conrado,"Estrada da Gávea, 899 Loja 212 B/C/D - São Conrado, Rio de Janeiro - RJ, 22610-001",False,,4.7,
Restaurante Toca dos Esquilos,21) 99654-9377,21) 99654-9377,,,restaurante,"São Conrado - Rio de Janeiro, RJ",Barra da Tijuca,"Rua São Tillon - Barra da Tijuca, Rio de Janeiro - RJ, 22640-100",False,,4.8,
Souza Ribeiro Advocacia,21) 99434-6445,21) 99434-6445,https://www.instagram.com/associados.oliveira,,advogado,"São Conrado - Rio de Janeiro, RJ",São Conrado,"Estr. da Gávea, 827 - São Conrado, Rio de Janeiro - RJ, 22610-001",False,,5.0,
FERNANDO NASCIMENTO ADVOGADO,,,https://www.instagram.com/associados.oliveira,,advogado,"São Conrado - Rio de Janeiro, RJ",Jardim Patricia,"R. das Orquídeas - Jardim Patricia, Belford Roxo - RJ, 26182-390",False,,4.5,
Gabriel Marques | Advogado em Belford Roxo,21) 3776-0217,552137760217,https://www.instagram.com/associados.oliveira,,advogado,"São Conrado - Rio de Janeiro, RJ",Parque Sao Jose,"Estr. Aníbal da Mota, 94 - Sala - Parque Sao Jose, Belford Roxo - RJ, 26190-060",False,,4.6,
Ramos Pinto Advocacia,21) 98824-5655,21) 98824-5655,https://www.instagram.com/associados.oliveira,,advogado,"São Conrado - Rio de Janeiro, RJ",São Conrado,"Av. Aquarela do Brasil, 601 - São Conrado, Rio de Janeiro - RJ, 22610-010",False,,4.0,
Pinheiro & Goes Advogados Associados Jardim Leal | Duque de Caxias,21) 98758-0023,21) 98758-0023,https://www.instagram.com/associados.oliveira,,advogado,"São Conrado - Rio de Janeiro, RJ",Jardim Leal,"R. Pedro Lessa, 442 - Loja 01 - Jardim Leal, Duque de Caxias - RJ, 25035-800",False,,5.0,
Pinheiro & Goes Advogados Associados em Duque de Caxias,21) 2674-0740,,https://www.instagram.com/associados.oliveira,,advogado,"São Conrado - Rio de Janeiro, RJ",Gramacho,"Rua Iracema de Alencar, 31 - Gramacho, Duque de Caxias - RJ, 25035-090",False,,5.0,
Oliveira | Advogados Associados - D.Caxias,21) 99812-7802,21) 99812-7802,https://www.instagram.com/associados.oliveira,,advogado,"São Conrado - Rio de Janeiro, RJ",Vila Rosário,"Av. Governador Leonel de Moura Brizola, 5620 - Vila Rosário, Duque de Caxias - RJ, 25010-008",False,https://www.instagram.com/associados.oliveira/,5.0,
GARRA ESCRITORIO RJ,21) 99853-5544,21) 99853-5544,https://www.instagram.com/associados.oliveira,,advogado,"São Conrado - Rio de Janeiro, RJ",São Conrado,"Estr. da Gávea, 847 - Loja 118 - São Conrado, Rio de Janeiro - RJ, 22610-001",False,https://www.instagram.com/garraescritoriorj/,5.0,
Koppe & Santiago Advogados,21) 98040-4377,21) 98040-4377,https://www.instagram.com/associados.oliveira,,advogado,"São Conrado - Rio de Janeiro, RJ",Gramacho,"Av. Governador Leonel de Moura Brizola, 5849 - sala 102 - Gramacho, Duque de Caxias - RJ, 25035-008",False,,5.0,
Clayton Costa Advogados,,,https://www.instagram.com/associados.oliveira,,advogado,"São Conrado - Rio de Janeiro, RJ",Dr. Laureano,"Av. Dr. Laureano, 1047 - Dr. Laureano, Duque de Caxias - RJ, 25060-220",False,,5.0,
GALENUS CONSULTORIA,21) 99705-0264,21) 99705-0264,https://www.instagram.com/associados.oliveira,,advogado,"São Conrado - Rio de Janeiro, RJ",Parque Sao Jose,"Estr. Rio de Janeiro, 71 - Parque Sao Jose, Belford Roxo - RJ, 26193-333",False,,5.0,
BIS ADVOGADOS,,,https://www.instagram.com/associados.oliveira,,advogado,"São Conrado - Rio de Janeiro, RJ",Parque Fluminense,"Av. Fernando Ferrari - Parque Fluminense, Duque de Caxias - RJ, 25041-308",False,,5.0,
Jamile Ferreira Advocacia,21) 97448-4066,21) 97448-4066,https://www.instagram.com/associados.oliveira,,advogado,"São Conrado - Rio de Janeiro, RJ",Jardim Santa Rosa,"Av. Cel. Raimundo Sampaio, Sn - Lote 1a, loja - Jardim Santa Rosa, São João de Meriti - RJ, 25570-393",False,,5.0,
Niemeyer,,,https://www.instagram.com/taitheodorofoto?igsh=d3hyNzFmcGcxbXhu,,fotógrafo,"São Conrado - Rio de Janeiro, RJ",São Conrado,"Av. Niemeyer - São Conrado, Rio de Janeiro - RJ, 22450-221",False,,4.7,
Doutor Foto,21) 3322-8050,,https://www.instagram.com/taitheodorofoto?igsh=d3hyNzFmcGcxbXhu,,fotógrafo,"São Conrado - Rio de Janeiro, RJ",São Conrado,"G1 / Shopping Fashion Mall - Estrada da gávea, 899 - Alameda de serviços, Loja 2 - São Conrado, Rio de Janeiro - RJ, 22610-001",False,,5.0,
Garden Center Zona Sul,21) 3734-0774,,https://www.instagram.com/vilaaureaeventos,,fotógrafo,"São Conrado - Rio de Janeiro, RJ",São Conrado,"Rua Golf Clube, 33 - São Conrado, Rio de Janeiro - RJ, 22610-040",False,,4.8,
Tiagoapresenta,21) 96811-5025,21) 96811-5025,https://www.instagram.com/vilaaureaeventos,,fotógrafo,"São Conrado - Rio de Janeiro, RJ",São Conrado,"Estr. da Gávea, 827 - apto 1002 - São Conrado, Rio de Janeiro - RJ, 22610-001",False,,,
Praia do Pepino,,,https://www.instagram.com/vilaaureaeventos,,fotógrafo,"São Conrado - Rio de Janeiro, RJ",,Rio de Janeiro,False,,4.8,
Fly 360 Rio,21) 99177-9234,21) 99177-9234,https://www.instagram.com/vilaaureaeventos,,fotógrafo,"São Conrado - Rio de Janeiro, RJ",São Conrado,"Av. Pref. Mendes de Morais - São Conrado, Rio de Janeiro - RJ, 22610-095",False,,5.0,
Platô da Pedra da Gávea,,,https://www.instagram.com/vilaaureaeventos,,fotógrafo,"São Conrado - Rio de Janeiro, RJ",São Conrado,"R. Alberto Wolfando Teixeira - São Conrado, Rio de Janeiro - RJ",False,,4.9,
Ponte Amarela,,,https://www.instagram.com/vilaaureaeventos,,fotógrafo,"São Conrado - Rio de Janeiro, RJ",São Conrado,"Estrada da Canoa - São Conrado, Rio de Janeiro - RJ, 22610-210",False,,4.7,
Escola Municipal Lúcia Miguel Pereira,21) 3322-7085,,,,escola,"São Conrado - Rio de Janeiro, RJ",São Conrado,"R. Martagão Gesteira, S/N - São Conrado, Rio de Janeiro - RJ, 22610-160",False,,,
CIEP 303 Ayrton Senna Da Silva,21) 2334-6775,,,,escola,"São Conrado - Rio de Janeiro, RJ",São Conrado,"Autoestrada Eng. Fernando Mac Dowell, 15 - São Conrado, Rio de Janeiro - RJ, 22610-170",False,,,
Escola Municipal Rinaldo De Lamare,21) 3111-1142,,,,escola,"São Conrado - Rio de Janeiro, RJ",São Conrado,"Av. Niemeyer, 776 - São Conrado, Rio de Janeiro - RJ, 22450-221",False,,,
Creche Escola Tia Maura,21) 2422-2174,,,,escola,"São Conrado - Rio de Janeiro, RJ",São Conrado,"Estrada da Canoa, 720 - São Conrado, Rio de Janeiro - RJ, 22610-210",False,,4.0,
Estilo Voo Livre - Asa delta - Rio de Janeiro,21) 97201-2732,21) 97201-2732,,,curso livre,"São Conrado - Rio de Janeiro, RJ",São Conrado,"Estrada da Canoa, 3285 - São Conrado, Rio de Janeiro - RJ, 22610-210",False,,4.8,
Rotorfly Voo Livre,21) 99694-7323,21) 99694-7323,,,curso livre,"São Conrado - Rio de Janeiro, RJ",São Conrado,"Estrada da Canoa, 1785 - São Conrado, Rio de Janeiro - RJ, 22610-210",False,,4.6,
Escola De Vôo Livre Didafly,21) 96638-9217,21) 96638-9217,,,curso livre,"São Conrado - Rio de Janeiro, RJ",,"São Conrado, Rio de Janeiro - RJ",False,,5.0,
Clínica Médica Do Pantanal,21) 2080-5650,,,,clínica médica,"São Conrado - Rio de Janeiro, RJ",Pantanal,"R. Mal. Dantas Barreto - Pantanal, Duque de Caxias - RJ, 25040-560",False,,4.3,
CMIR - Centro de Medicina Integrada da Rocinha,21) 99348-0619,21) 99348-0619,,,clínica médica,"São Conrado - Rio de Janeiro, RJ",São Conrado,"Estr. da Gávea, 558 - A - São Conrado, Rio de Janeiro - RJ, 22451-264",False,,3.5,
Clinica Veterinária Apaixonados Por Quatro Patas - Unidade São Conrado/Rocinha,21) 99814-3055,21) 99814-3055,https://instagram.com/apaixonadossaoconrado?igshid=OGQ2MjdiOTE=,,clínica médica,"São Conrado - Rio de Janeiro, RJ",São Conrado,"Estr. da Gávea, 642 - São Conrado, Rio de Janeiro - RJ, 22610-002",False,https://instagram.com/apaixonadossaoconrado?igshid=OGQ2MjdiOTE=,4.3,
EMAM Clínica Médica,21) 2592-5485,,https://instagram.com/apaixonadossaoconrado?igshid=OGQ2MjdiOTE=,,clínica médica,"São Conrado - Rio de Janeiro, RJ",Méier,"R. Jurunas, 240 - Méier, Rio de Janeiro - RJ, 20730-080",False,,2.5,
Hospital Getúlio Vargas,21) 3382-8455,,https://instagram.com/apaixonadossaoconrado?igshid=OGQ2MjdiOTE=,,clínica médica,"São Conrado - Rio de Janeiro, RJ",Penha Circular,"Av. Lobo Júnior, 2293 - Penha Circular, Rio de Janeiro - RJ, 21070-061",False,,3.8,
Hospital Municipal Miguel Couto,21) 97337-7378,21) 97337-7378,https://instagram.com/apaixonadossaoconrado?igshid=OGQ2MjdiOTE=,,clínica médica,"São Conrado - Rio de Janeiro, RJ",Gávea,"Rua Mario Ribeiro, 117 - Gávea, Rio de Janeiro - RJ, 22430-160",False,,3.8,
Dra Paola Brito harmonização facial,21) 96516-7604,21) 96516-7604,https://www.instagram.com/draelianecristina,,harmonização facial,"São Conrado - Rio de Janeiro, RJ",São Conrado,"Estr. da Gávea, 712 - São Conrado, Rio de Janeiro - RJ, 22610-002",False,,5.0,
Espaço Facial Jardim Botânico - Harmonização Facial,21) 98281-8948,21) 98281-8948,,,harmonização facial,"São Conrado - Rio de Janeiro, RJ",Jardim Botânico,"R. Jardim Botânico, 568 - loja G - Jardim Botânico, Rio de Janeiro - RJ, 22261-070",False,,4.9,
Harmonização Facial Dr Felipe Ferreira,21) 99910-2559,21) 99910-2559,,,harmonização facial,"São Conrado - Rio de Janeiro, RJ",Vila da Penha,"Av. Brás de Pina, 1481 - SL:05 - Vila da Penha, Rio de Janeiro - RJ, 21210-674",False,,4.9,
Espaço Facial Madureira Shopping- Harmonização Facial | Botox | Preenchedor | Preenchimento | Bioestimulador | Fios de PDO,21) 97184-7239,21) 97184-7239,https://instagram.com/espacofacial_madureirashopping?igshid=MzRlODBiNWFlZA==,,harmonização facial,"São Conrado - Rio de Janeiro, RJ",Madureira,"Estr. do Portela, 222 - Loja 284 - Madureira, Rio de Janeiro - RJ, 21351-050",False,https://instagram.com/espacofacial_madureirashopping?igshid=MzRlODBiNWFlZA==,4.9,
Dra. Julia Batalha - Harmonização Facial RJ,21) 97309-8600,21) 97309-8600,https://instagram.com/drajuliabatalha,,harmonização facial,"São Conrado - Rio de Janeiro, RJ",Barra da Tijuca,"Av. Vice Pres. José Alencar, 1405 - Barra da Tijuca, Rio de Janeiro - RJ, 22775-033",False,https://instagram.com/drajuliabatalha,5.0,
Márcia Novaes - Estética Facial e Corporal | Rio de Janeiro,21) 99481-2314,21) 99481-2314,,,harmonização facial,"São Conrado - Rio de Janeiro, RJ",Vaz Lobo,"Av. Min. Edgard Romero, 767 - Vaz Lobo, Rio de Janeiro - RJ, 21360-202",False,,5.0,
INSTITUTO CARVALHO RJ - Harmonização Facial e Corporal,21) 96412-5438,21) 96412-5438,,,harmonização facial,"São Conrado - Rio de Janeiro, RJ",Marechal Hermes,"R. Aurélio Valporto, 170 - casa 02 - Marechal Hermes, Rio de Janeiro - RJ, 21555-560",False,,5.0,
Dra. Thalita Mollo | Harmonização Facial,21) 99965-5090,21) 99965-5090,,,harmonização facial,"São Conrado - Rio de Janeiro, RJ",Barra da Tijuca,"Av. das Américas, 4200 - Barra da Tijuca, Rio de Janeiro - RJ, 22640-907",False,,5.0,
Estética Corporal e Facial - Dra. Eliane Cristina - São Conrado,21) 96909-6543,21) 96909-6543,https://www.instagram.com/draelianecristina,,harmonização facial,"São Conrado - Rio de Janeiro, RJ",Rocinha,"Estr. da Gávea, 558 - sala 104 - Rocinha, Rio de Janeiro - RJ, 21471-261",False,https://www.instagram.com/draelianecristina/,,
ALÊ ROCHA ESTÉTICA SÃO CONRADO RJ,21) 97903-9559,21) 97903-9559,https://instagram.com/alerochaestetica,,depilação a laser,"São Conrado - Rio de Janeiro, RJ",São Conrado,"Estr. da Gávea, 640 - São Conrado, Rio de Janeiro - RJ, 22610-002",False,https://instagram.com/alerochaestetica/,5.0,
Micropigmentação de sobrancelhas LARISSI OLIVEIRA,21) 96587-2287,21) 96587-2287,,,micropigmentação,"São Conrado - Rio de Janeiro, RJ",Rocinha,"Travessa Silva, 04 - sala 104 - Rocinha, Rio de Janeiro - RJ, 22451-630",False,,5.0,
STUDIO INGRID NUNES Micropigmentação e Estética,21) 98995-4719,21) 98995-4719,,,micropigmentação,"São Conrado - Rio de Janeiro, RJ",Vilar dos Teles,"Av. Miguel Couto, 28 - Vilar dos Teles, São João de Meriti - RJ, 25580-440",False,,5.0,
Ks Beauty Academy (Studio de Beleza),21) 99520-4039,21) 99520-4039,https://instagram.com/ks_beautyacademy?igshid=MzRlODBiNWFlZA==,,micropigmentação,"São Conrado - Rio de Janeiro, RJ",São Conrado,"Estr. da Gávea, 640 - Sala 403 - São Conrado, Rio de Janeiro - RJ, 22610-001",False,https://instagram.com/ks_beautyacademy?igshid=MzRlODBiNWFlZA==,5.0,
Braba Beauty Studio Rocinha,21) 99117-4177,21) 99117-4177,https://www.instagram.com/brababeauty.cilios?igsh=MW5uYW9vNDJlb2J5bA%3D%3D&utm_source=qr,,micropigmentação,"São Conrado - Rio de Janeiro, RJ",São Conrado,"Estr. da Gávea, 558 - São Conrado, Rio de Janeiro - RJ, 22451-271",False,https://www.instagram.com/brababeauty.cilios?igsh=MW5uYW9vNDJlb2J5bA%3D%3D&utm_source=qr,5.0,
Malu Oliveira Cílios e Micropigmentação,21) 98134-2560,21) 98134-2560,https://www.instagram.com/lashmaluoliveirabrows?igsh=Ym5qY3B4OHIweWJp,,micropigmentação,"São Conrado - Rio de Janeiro, RJ",Pauline,"Estrada do Conde - Pauline, Belford Roxo - RJ, 26173-070",False,https://www.instagram.com/lashmaluoliveirabrows?igsh=Ym5qY3B4OHIweWJp,5.0,
Studio Clara Felix/Cílios,21) 98307-6179,21) 98307-6179,,,micropigmentação,"São Conrado - Rio de Janeiro, RJ",São Conrado,"Estr. da Gávea, 696 - São Conrado, Rio de Janeiro - RJ, 22610-002",False,,5.0,
Ingrid Pires Design e Micropigmentação,,,,,micropigmentação,"São Conrado - Rio de Janeiro, RJ",Itanhangá,"Estr. do Itanhangá, 1103 - Itanhangá, Rio de Janeiro - RJ, 22753-005",False,,5.0,
EYSHILA SOBRANCELHAS,21) 96588-7623,https://api.whatsapp.com/send/?phone=5521965887623&text&app_absent=0,https://instagram.com/eyshila_sobrancelhas?igshid=1jcmvmg7hsq26,,micropigmentação,"São Conrado - Rio de Janeiro, RJ",Pantanal,"Av. Gomes Freire, 420 - Pantanal, Duque de Caxias - RJ, 25040-160",False,https://instagram.com/eyshila_sobrancelhas?igshid=t7uyajvc57l5,5.0,
Ananda Almeida especialista em micropigmentação,21) 97967-6839,21) 97967-6839,https://www.instagram.com/anandaesteticaa?igsh=MXhtbXZtbWVsY3JsbQ==,,micropigmentação,"São Conrado - Rio de Janeiro, RJ",Vilar dos Teles,"Galeria São José - Av. Automóvel Clube, 250 - loja 3 - Vilar dos Teles, São João de Meriti - RJ, 25565-172",False,https://www.instagram.com/anandaesteticaa?igsh=MXhtbXZtbWVsY3JsbQ==,5.0,
Mariane Sampaio Design de Sobrancelhas e Micropigmentação,21) 99495-1718,https://api.whatsapp.com/send?phone=5521994951718,https://www.instagram.com/marianesampaiomicropigmentacao?igsh=MTZrN29tcW0yaGp5Mw==,,micropigmentação,"São Conrado - Rio de Janeiro, RJ",Parque Fluminense,"Av. Fernando Ferrari, 1020 - Parque Fluminense, Duque de Caxias - RJ, 25040-004",False,https://www.instagram.com/marianesampaiomicropigmentacao?igsh=MTZrN29tcW0yaGp5Mw==,4.8,
Fernanda Soares - Remoção a Laser - Duque De Caxias - Recreio dos bandeirantes - Niterói,21) 98906-9523,21) 98906-9523,,,micropigmentação,"São Conrado - Rio de Janeiro, RJ",Vila Leopoldina,"R. Catumbi, 29 - Vila Leopoldina, Duque de Caxias - RJ, 25060-380",False,,5.0,
ALÊ ROCHA ESTÉTICA SÃO CONRADO RJ,21) 97903-9559,21) 97903-9559,https://instagram.com/alerochaestetica,,micropigmentação,"São Conrado - Rio de Janeiro, RJ",São Conrado,"Estr. da Gávea, 640 - São Conrado, Rio de Janeiro - RJ, 22610-002",False,https://instagram.com/alerochaestetica/,5.0,
MANU BARBOSA DESIGNER,21) 98822-6361,21) 98822-6361,,,micropigmentação,"São Conrado - Rio de Janeiro, RJ",Jardim Nova California,"Avenida Ulisses Guimarães oposto ao número 303 - Jardim Nova California, São João de Meriti - RJ, 25571-250",False,,5.0,
STUDIO LIMA & OLIVER,21) 96883-2648,21) 96883-2648,https://www.instagram.com/studiolimaeoliver,,micropigmentação,"São Conrado - Rio de Janeiro, RJ",Wona,"Av. Joaquim da Costa Lima, 10101 - Wona, Belford Roxo - RJ, 26187-380",False,https://www.instagram.com/studiolimaeoliver/,4.9,
Milene Teixeira Designer de Sobrancelhas,21) 97971-4720,21) 97971-4720,https://instagram.com/milenesteixeira?igshid=YTQwZjQ0NmI0OA%3D%3D&utm_source=qr,,micropigmentação,"São Conrado - Rio de Janeiro, RJ",Vila São João,"Av. Casimiro de Abreu, 85 - Vila São João, São João de Meriti - RJ, 25570-330",False,https://instagram.com/milenesteixeira?igshid=YTQwZjQ0NmI0OA%3D%3D&utm_source=qr,5.0,
Lindo lar desingne e Decorações,,,,,designer de interiores,"São Conrado - Rio de Janeiro, RJ",Jardim Olavo Bilac,"R. Batovi - Jardim Olavo Bilac, Duque de Caxias - RJ, 25036-080",False,,1.8,
Studio Grabowsky,21) 2201-2232,,,,designer de interiores,"São Conrado - Rio de Janeiro, RJ",São Conrado,"Estr. da Gávea, 899 - Loja 232 - São Conrado, Rio de Janeiro - RJ, 22610-901",False,,4.1,
ENA DESIGN Construções & Reformas,21) 99489-2886,21) 99489-2886,,,designer de interiores,"São Conrado - Rio de Janeiro, RJ",Gramacho,"Av. República do Paraguai, 475 - Gramacho, Duque de Caxias - RJ, 25050-100",False,,5.0,
NÓZ DESIGN - Design de Interiores,21) 96624-8044,21) 96624-8044,https://www.instagram.com/la.interiores/profilecard/?igsh=bzJkbjJidW1pcGJp,,designer de interiores,"São Conrado - Rio de Janeiro, RJ",Barra da Tijuca,"Av. Embaixador Abelardo Bueno, 01 - Bloco 1, Sala 508B - Barra da Tijuca, Rio de Janeiro - RJ, 22775-022",False,,5.0,
Designer de Interiores DANIELA FERRETTI,21) 96410-2220,21) 96410-2220,,,designer de interiores,"São Conrado - Rio de Janeiro, RJ",Recreio dos Bandeirantes,"Av. das Américas, 16385 - Loja B - Recreio dos Bandeirantes, Rio de Janeiro - RJ, 22790-703",False,,5.0,
Palermo Trainer - ACADEMIA,21) 99672-5253,21) 99672-5253,https://www.instagram.com/palermoflavio,,personal trainer,"São Conrado - Rio de Janeiro, RJ",São Conrado,"Estr. da Gávea, 611 - São Conrado, Rio de Janeiro - RJ, 22610-001",False,https://www.instagram.com/palermoflavio/,,
Tupã Rio de Janeiro,,,https://www.instagram.com/palermoflavio,,personal trainer,"São Conrado - Rio de Janeiro, RJ",São Conrado,"Estr. da Gávea, 656 - São Conrado, Rio de Janeiro - RJ, 22610-001",False,,5.0,
Leandro Huguenin Personal Trainer,21) 99542-6637,21) 99542-6637,https://www.instagram.com/palermoflavio,,personal trainer,"São Conrado - Rio de Janeiro, RJ",Leblon,"Praia Estacao de exercicios na calçada da praia - Av. Delfim Moreira, 12 - Leblon, Rio de Janeiro - RJ, 22441-000",False,,5.0,
Academia Proquality São Conrado,21) 3322-1666,552164166161,https://www.instagram.com/palermoflavio,,personal trainer,"São Conrado - Rio de Janeiro, RJ",São Conrado,"75, subsolo hotel Royal Tulip, Av. Aquarela do Brasil - São Conrado, Rio de Janeiro - RJ",False,,4.0,
CMIR - Centro de Medicina Integrada da Rocinha,21) 99348-0619,21) 99348-0619,https://instagram.com/apaixonadossaoconrado?igshid=OGQ2MjdiOTE=,,consultório,"São Conrado - Rio de Janeiro, RJ",São Conrado,"Estr. da Gávea, 558 - A - São Conrado, Rio de Janeiro - RJ, 22451-264",False,,3.5,
Clinica Veterinária Apaixonados Por Quatro Patas - Unidade São Conrado/Rocinha,21) 99814-3055,21) 99814-3055,https://instagram.com/apaixonadossaoconrado?igshid=OGQ2MjdiOTE=,,consultório,"São Conrado - Rio de Janeiro, RJ",São Conrado,"Estr. da Gávea, 642 - São Conrado, Rio de Janeiro - RJ, 22610-002",False,https://instagram.com/apaixonadossaoconrado?igshid=OGQ2MjdiOTE=,4.3,
Centro Municipal de Cidadania Rinaldo de Lamare,21) 3613-8281,,https://instagram.com/apaixonadossaoconrado?igshid=OGQ2MjdiOTE=,,consultório,"São Conrado - Rio de Janeiro, RJ",São Conrado,"Av. Niemeyer, 776 - São Conrado, Rio de Janeiro - RJ, 22610-095",False,,4.4,
Clínica Novitari,21) 3204-7154,,https://instagram.com/apaixonadossaoconrado?igshid=OGQ2MjdiOTE=,,consultório,"São Conrado - Rio de Janeiro, RJ",São Conrado,"Estr. da Gávea, 847 - Loja 112 - São Conrado, Rio de Janeiro - RJ, 22610-001",False,,5.0,
Dra Beatrice Nóbrega,21) 2128-5353,,https://instagram.com/apaixonadossaoconrado?igshid=OGQ2MjdiOTE=,,consultório,"São Conrado - Rio de Janeiro, RJ",São Conrado,"Estr. do Joá, 102 - São Conrado, Rio de Janeiro - RJ, 22610-142",False,https://www.instagram.com/drabeatrice/,5.0,
Massoterapeuta Bruno Souza,21) 97646-7338,https://api.whatsapp.com/send?phone=5521964120096&text=CONTATO%20DO%20GOOGLE,https://www.instagram.com/massoterapeutabrunosouza,,clínica de estética,"Urca - Rio de Janeiro, RJ",Urca,"R. Manuel Niobei, 47 - 02 - Urca, Rio de Janeiro - RJ, 22291-220",False,https://www.instagram.com/massoterapeutabrunosouza/,5.0,
Clínica de Estética,,,https://www.instagram.com/massoterapeutabrunosouza,,clínica de estética,"Urca - Rio de Janeiro, RJ",Copacabana,"Rua Siqueira Campos - Copacabana, Rio de Janeiro - RJ, 22031-070",False,,,
"Arte Lu""s",21) 2275-0007,,https://www.instagram.com/massoterapeutabrunosouza,,clínica de estética,"Urca - Rio de Janeiro, RJ",Urca,"R. Mal. Cantuária, 56 - Urca, Rio de Janeiro - RJ, 22291-060",False,,4.8,
Salão Ellas,21) 2295-9248,,https://www.instagram.com/massoterapeutabrunosouza,,clínica de estética,"Urca - Rio de Janeiro, RJ",Urca,"R. Mal. Cantuária, 156 - Urca, Rio de Janeiro - RJ, 22291-060",False,,4.5,
Clínica de Cardiologia,,,https://www.instagram.com/massoterapeutabrunosouza,,clínica de estética,"Urca - Rio de Janeiro, RJ",Urca,"R. Ramon Franco, 66 - Urca, Rio de Janeiro - RJ, 22290-290",False,,4.8,
"Franco, Talita R",21) 2295-4322,,https://www.instagram.com/massoterapeutabrunosouza,,clínica de estética,"Urca - Rio de Janeiro, RJ",Urca,"R. Ramon Franco, 98 - Urca, Rio de Janeiro - RJ, 22290-290",False,,5.0,
CLÍNICA CNEM,11) 3456-7890,,https://www.instagram.com/massoterapeutabrunosouza,,clínica de estética,"Urca - Rio de Janeiro, RJ",Urca,"Av. Pasteur, 520 - Urca, Rio de Janeiro - RJ, 22290-255",False,,,
Clinica Inova Estética,21) 2527-9145,,https://www.instagram.com/massoterapeutabrunosouza,,clínica de estética,"Urca - Rio de Janeiro, RJ",Botafogo,"R. Paulino Fernandes, 5 - Botafogo, Rio de Janeiro - RJ, 22270-050",False,,4.7,
Studio Espaço Prime - Unidade Copacabana,21) 98268-1037,21) 98268-1037,https://instagram.com/studioespacoprime,,salão premium,"Urca - Rio de Janeiro, RJ",Copacabana,"Dentro do - Av. Princesa Isabel, 500 - loja 5 - Copacabana, Rio de Janeiro - RJ, 22711-270",False,https://instagram.com/studioespacoprime,,
Studios Urca,21) 98014-5550,21) 98014-5550,https://instagram.com/studioespacoprime,,salão premium,"Urca - Rio de Janeiro, RJ",Urca,"Av. Portugal, 534 - Urca, Rio de Janeiro - RJ, 22291-050",False,,4.5,
Barbearia Corte das Estrelas,21) 97959-1640,21) 97959-1640,,,barbearia premium,"Urca - Rio de Janeiro, RJ",Vila São Luis,"R. Santo Antônio, 340 - Vila São Luis, Duque de Caxias - RJ, 25065-051",False,,4.9,
Barbearia Cosa Nostra,21) 99553-3215,21) 99553-3215,https://www.instagram.com/cosanostraba?igsh=d2txMnU5bXAxb3Vz,,barbearia premium,"Urca - Rio de Janeiro, RJ",Urca,"R. Mal. Cantuária, 156/B - Urca, Rio de Janeiro - RJ, 22291-060",False,https://www.instagram.com/cosanostraba?igsh=d2txMnU5bXAxb3Vz,4.9,
NAVALHA PREMIUM BARBEARIA,,,,,barbearia premium,"Urca - Rio de Janeiro, RJ",Manguinhos,"R. Uranos, 1206 - Manguinhos, Rio de Janeiro - RJ, 21060-070",False,,5.0,
Orlion barbearia premium,21) 97541-5868,21) 97541-5868,,,barbearia premium,"Urca - Rio de Janeiro, RJ",Penha,"R. Afonso Ribeiro, 394 - Loja c - Penha, Rio de Janeiro - RJ, 21021-000",False,,5.0,
Barbearia Premium,,,https://www.instagram.com/jldocorte,,barbearia premium,"Urca - Rio de Janeiro, RJ",Taquara,"R. do Caule, 12 - Taquara, Rio de Janeiro - RJ, 22713-582",False,https://www.instagram.com/jldocorte/,4.9,
DG BARBER PREMIUM,21) 98686-4144,21) 98686-4144,,,barbearia premium,"Urca - Rio de Janeiro, RJ",Jardim Palmares,"R. das Mangueiras, 123 - Jardim Palmares, Nova Iguaçu - RJ, 26277-610",False,,5.0,
Barber Club Premium,21) 97396-3604,21) 97396-3604,,,barbearia premium,"Urca - Rio de Janeiro, RJ",Vila Santa Alice,"R. Wilson de Araújo, 286 - Vila Santa Alice, Duque de Caxias - RJ, 25245-710",False,,5.0,
Legacy barber premium,21) 98197-6518,21) 98197-6518,,,barbearia premium,"Urca - Rio de Janeiro, RJ",Baldeador,"Estr. Bento Pestana, 963 - loja 2 - Baldeador, Niterói - RJ, 24140-150",False,,5.0,
Barba e Narga,21) 98198-1070,21) 98198-1070,,,barbearia premium,"Urca - Rio de Janeiro, RJ",Rocha Miranda,"R. das Turmalinas, 6 - Rocha Miranda, Rio de Janeiro - RJ, 21510-040",False,,5.0,
Península Barber Club,21) 3640-0653,,,,barbearia premium,"Urca - Rio de Janeiro, RJ",Barra da Tijuca,"Av. João Cabral de Mello Neto, 610 - SALA 1103 - Barra da Tijuca, Rio de Janeiro - RJ, 22775-057",False,,5.0,
Dra. Renata Pinho - Lagoa Rio Odontologia,21) 98419-0453,21) 98419-0453,https://www.instagram.com/dracatharineserra?igsh=cTRjZHlldXAxYmk2&utm_source=qr,,dentista,"Urca - Rio de Janeiro, RJ",Jardim Botânico,"Edifício Touch - R. Jardim Botânico, 568 - 202 - Jardim Botânico, Rio de Janeiro - RJ, 22461-000",False,https://www.instagram.com/lagoario_odonto/,5.0,
UFRJ - Instituto de Psicologia,21) 3938-5342,,https://www.instagram.com/dandaramota.psi?igsh=cHp5Y3VjOGs2cnIz,,psicólogo,"Urca - Rio de Janeiro, RJ",Urca,"Av. Pasteur, 250 - Urca, Rio de Janeiro - RJ, 22290-180",False,,4.5,
Ana Paula Tavares | Psicóloga Clinica | Copacabana - RJ,21) 99348-9889,21) 99348-9889,https://www.instagram.com/dandaramota.psi?igsh=cHp5Y3VjOGs2cnIz,,psicólogo,"Urca - Rio de Janeiro, RJ",Copacabana,"Av. Nossa Sra. de Copacabana, 330 - Copacabana, Rio de Janeiro - RJ, 22020-001",False,,5.0,
terapeuta jorgenete silva,22) 98854-3757,22) 98854-3757,https://www.instagram.com/dandaramota.psi?igsh=cHp5Y3VjOGs2cnIz,,psicólogo,"Urca - Rio de Janeiro, RJ",RJ,"Leblon, Rio de Janeiro - RJ, 20000-000",False,,5.0,
"Clínica de Psicologia | Ipanema | Copacabana | Rio de Janeiro | Meraki Psicologia | Crianças, Adolescentes e Adultos.",21) 99870-7917,21) 99870-7917,https://www.instagram.com/dandaramota.psi?igsh=cHp5Y3VjOGs2cnIz,,psicólogo,"Urca - Rio de Janeiro, RJ",Copacabana,"Av. Nossa Sra. de Copacabana, 1066 - Copacabana, Rio de Janeiro - RJ, 22060-002",False,,5.0,
Psicóloga Clínica Dandara Mota da Silva | Botafogo - Rio de Janeiro -RJ,21) 96547-2013,21) 96547-2013,https://www.instagram.com/dandaramota.psi?igsh=cHp5Y3VjOGs2cnIz,,psicólogo,"Urca - Rio de Janeiro, RJ",Botafogo,"R. Real Grandeza - Botafogo, Rio de Janeiro - RJ, 22281-036",False,https://www.instagram.com/dandaramota.psi?igsh=cHp5Y3VjOGs2cnIz,5.0,
Psicóloga Mayara Carvalho,21) 99698-7903,21) 99698-7903,https://www.instagram.com/dandaramota.psi?igsh=cHp5Y3VjOGs2cnIz,,psicólogo,"Urca - Rio de Janeiro, RJ",Botafogo,"R. Elvira Machado, 7 - Botafogo, Rio de Janeiro - RJ, 22280-060",False,https://www.instagram.com/psi.mayaracarvalho/,5.0,
Espaço Néctar Humaitá,21) 2567-3376,,https://www.instagram.com/dandaramota.psi?igsh=cHp5Y3VjOGs2cnIz,,psicólogo,"Urca - Rio de Janeiro, RJ",Humaitá,"R. Maria Eugênia, 227 - Humaitá, Rio de Janeiro - RJ, 22261-080",False,https://www.instagram.com/espaconectar/,5.0,
Nutricionista Esportivo e Clínico - Vitor Faria,21) 98813-0063,https://api.whatsapp.com/send?phone=5521965077350&text=Gostaria%20de%20saber%20mais%20sobre%20seus%20atendimentos,https://www.instagram.com/_nutridaphnypacheco?igsh=ZnV2YnlhNTE5Mmhj&utm_source=qr,,nutricionista,"Urca - Rio de Janeiro, RJ",Botafogo,"R. Sorocaba - Botafogo, Rio de Janeiro - RJ, 22271-110",False,,5.0,
Lucas Borda | Nutricionista Esportivo,21) 98144-8483,https://api.whatsapp.com/send?phone=5521965077350&text=Gostaria%20de%20saber%20mais%20sobre%20seus%20atendimentos,https://www.instagram.com/_nutridaphnypacheco?igsh=ZnV2YnlhNTE5Mmhj&utm_source=qr,,nutricionista,"Urca - Rio de Janeiro, RJ",Botafogo,"R. Voluntários da Pátria, 190 - Sala 925 - Botafogo, Rio de Janeiro - RJ, 22270-012",False,,5.0,
Ferraz Fit Nutrição & Alimentação,11) 3456-7890,https://api.whatsapp.com/send?phone=5521965077350&text=Gostaria%20de%20saber%20mais%20sobre%20seus%20atendimentos,https://www.instagram.com/_nutridaphnypacheco?igsh=ZnV2YnlhNTE5Mmhj&utm_source=qr,,nutricionista,"Urca - Rio de Janeiro, RJ",Urca,"Av. Pasteur, 520 - Urca, Rio de Janeiro - RJ, 22290-255",False,,,
Nutricionista Daphny Pacheco,,https://api.whatsapp.com/send?phone=5521965077350&text=Gostaria%20de%20saber%20mais%20sobre%20seus%20atendimentos,https://www.instagram.com/_nutridaphnypacheco?igsh=ZnV2YnlhNTE5Mmhj&utm_source=qr,,nutricionista,"Urca - Rio de Janeiro, RJ",Botafogo,"R. Voluntários da Pátria, 45 - Botafogo, Rio de Janeiro - RJ, 22270-018",False,https://www.instagram.com/_nutridaphnypacheco?igsh=ZnV2YnlhNTE5Mmhj&utm_source=qr,5.0,
Dra Imanuely Borchardt - Nutricionista Oncológica RJ,,https://api.whatsapp.com/send?phone=5521965077350&text=Gostaria%20de%20saber%20mais%20sobre%20seus%20atendimentos,https://www.instagram.com/_nutridaphnypacheco?igsh=ZnV2YnlhNTE5Mmhj&utm_source=qr,,nutricionista,"Urca - Rio de Janeiro, RJ",Botafogo,"Praia de Botafogo, 300 - 4 andar - Botafogo, Rio de Janeiro - RJ, 22250-040",False,,5.0,
Nutricionista Caio Loureiro,21) 97615-0653,https://api.whatsapp.com/send?phone=5521965077350&text=Gostaria%20de%20saber%20mais%20sobre%20seus%20atendimentos,https://www.instagram.com/_nutridaphnypacheco?igsh=ZnV2YnlhNTE5Mmhj&utm_source=qr,,nutricionista,"Urca - Rio de Janeiro, RJ",Laranjeiras,"R. das Laranjeiras, 430 - Loja I - Laranjeiras, Rio de Janeiro - RJ, 22240-006",False,,5.0,
Academia Fitness & Fisio,21) 99530-0345,21) 99530-0345,https://www.instagram.com/karinerodrigues.fisioterapeuta,,fisioterapeuta,"Urca - Rio de Janeiro, RJ",Urca,"Praça General Tiburcio, 1 - Circulo Militar da Praia Vermelha (setor: - Academia), Praça Gen. Tibúrcio, s/n - Urca, Rio de Janeiro - RJ, 22290-270",False,,4.5,
Dra. Karine Rodrigues | Fisioterapia Domiciliar e Pós-Operatório,21) 97904-6730,21) 97904-6730,https://www.instagram.com/karinerodrigues.fisioterapeuta,,fisioterapeuta,"Urca - Rio de Janeiro, RJ",Botafogo,"R. São Clemente - Botafogo, Rio de Janeiro - RJ, 22250-040",False,https://www.instagram.com/karinerodrigues.fisioterapeuta,5.0,
"Fisioterapia:Dra. Maria Martins, fisioterapeuta de idosos, drenagem linfática, fisioterapia ortopédica.",21) 98958-7616,21) 98958-7616,https://www.instagram.com/karinerodrigues.fisioterapeuta,,fisioterapeuta,"Urca - Rio de Janeiro, RJ",Botafogo,"R. Sorocaba, 344 - Botafogo, Rio de Janeiro - RJ, 22271-070",False,,5.0,
Effect Fisio - Fisioterapia/ 8189-RJ,21) 97513-2060,21) 97513-2060,https://www.instagram.com/karinerodrigues.fisioterapeuta,,fisioterapeuta,"Urca - Rio de Janeiro, RJ",Botafogo,"R. Voluntários da Pátria, 45 - 602 - Botafogo, Rio de Janeiro - RJ, 22270-900",False,https://www.instagram.com/effect.fisio,5.0,
Marcus Pereira - Fisioterapia Respiratória e Cardíaca no Rio de Janeiro.,21) 97983-2989,21) 97983-2989,https://www.instagram.com/karinerodrigues.fisioterapeuta,,fisioterapeuta,"Urca - Rio de Janeiro, RJ",Botafogo,"R. Voluntários da Pátria, 190 - Sala 925 - Botafogo, Rio de Janeiro - RJ, 22270-012",False,,5.0,
Academia Fitness & Fisio,21) 99530-0345,21) 99530-0345,,,pilates,"Urca - Rio de Janeiro, RJ",Urca,"Praça General Tiburcio, 1 - Circulo Militar da Praia Vermelha (setor: - Academia), Praça Gen. Tibúrcio, s/n - Urca, Rio de Janeiro - RJ, 22290-270",False,,4.5,
In Motion Studio Recreio,21) 98186-0306,21) 98186-0306,https://www.instagram.com/inmotionstudiorecreio/#,,academia boutique,"Urca - Rio de Janeiro, RJ",Recreio dos Bandeirantes,"R. Sen. Rui Carneiro, 301 - Cobertura: 301 - Recreio dos Bandeirantes, Rio de Janeiro - RJ, 22795-650",False,https://www.instagram.com/inmotionstudiorecreio/#,5.0,
Ezbody Recreio dos Bandeirantes - Body Design Sthetic,21) 98612-3311,21) 98612-3311,https://www.instagram.com/bodydesignsthetic,,academia boutique,"Urca - Rio de Janeiro, RJ",Recreio dos Bandeirantes,"Edifício Uprise - Av. das Américas, 18.500 - Recreio dos Bandeirantes, Rio de Janeiro - RJ, 22790-701",False,https://www.instagram.com/bodydesignsthetic/,5.0,
Ray Fitness & Moda Praia Recreio dos Bandeirantes,21) 96437-5276,21) 96437-5276,,,academia boutique,"Urca - Rio de Janeiro, RJ",Recreio dos Bandeirantes,"R. do Arquiteto, 115 - lj B - Recreio dos Bandeirantes, Rio de Janeiro - RJ, 22795-565",False,,5.0,
CT ZION - Treinamento Personalizado,21) 99874-7280,21) 99874-7280,https://www.instagram.com/ctzion/?hl=pt-br,,academia boutique,"Urca - Rio de Janeiro, RJ",Recreio dos Bandeirantes,"Av. das Américas, 19005 - Loja E - Recreio dos Bandeirantes, Rio de Janeiro - RJ, 22790-703",False,https://www.instagram.com/ctzion/?hl=pt-br,4.9,
Academia Fitness & Fisio,21) 99530-0345,21) 99530-0345,,,academia boutique,"Urca - Rio de Janeiro, RJ",Urca,"Praça General Tiburcio, 1 - Circulo Militar da Praia Vermelha (setor: - Academia), Praça Gen. Tibúrcio, s/n - Urca, Rio de Janeiro - RJ, 22290-270",False,,4.5,
Perfect Body Recreio,21) 96623-8671,21) 96623-8671,,,academia boutique,"Urca - Rio de Janeiro, RJ",Recreio dos Bandeirantes,"Estr. do Pontal, 7667 - Recreio dos Bandeirantes, Rio de Janeiro - RJ, 22790-877",False,,4.6,
Sobrancelhas Design Botafogo Praia Shopping,21) 97890-7335,21) 97890-7335,,,studio de sobrancelha,"Urca - Rio de Janeiro, RJ",Botafogo,"Botafogo Praia Shopping - Botafogo, Rio de Janeiro - RJ, 22250-040",False,,5.0,
@Sou_Designeer | Joyce Lopes – Designer de Sobrancelhas,21) 97042-5917,21) 97042-5917,https://www.instagram.com/sou_designeer,,studio de sobrancelha,"Urca - Rio de Janeiro, RJ",Méier,"R. Dias da Cruz - Méier, Rio de Janeiro - RJ, 20720-011",False,https://www.instagram.com/sou_designeer/,5.0,
"Lari Beauty - Cílios, Designer de Sobrancelhas e Micropigmentação- Dom Office",21) 99406-4009,https://api.whatsapp.com/send/?phone=%2B5521994064009&text=Ola%2521%252520Gostaria%252520de%252520agendar%252520um%252520hor%2525C3%2525A1rio%2521%252520&type=phone_number&app_absent=0,https://www.instagram.com/laribeautyofc,,studio de sobrancelha,"Urca - Rio de Janeiro, RJ",Todos os Santos,"Dom Office, R. José Bonifácio, 1050 - Todos os Santos, Rio de Janeiro - RJ, 20770-240",False,https://www.instagram.com/laribeautyofc/,5.0,
Studio Mariza Gomes - Sobrancelhas / cílios / lábios /micropigmentação,21) 96862-9778,21) 96862-9778,https://www.instagram.com/accounts/studiomariza.gomes,,studio de sobrancelha,"Urca - Rio de Janeiro, RJ",Tomás Coelho,"R. J. J. Cowsert, 134 - Tomás Coelho, Rio de Janeiro - RJ, 21350-450",False,https://www.instagram.com/accounts/studiomariza.gomes,5.0,
Camila Andrade Beauty - Sobrancelhas Vila da Penha,,,https://www.instagram.com/camilaandradesobrancelhas,,studio de sobrancelha,"Urca - Rio de Janeiro, RJ",Vila da Penha,"Carioca Offices - Av. Vicente de Carvalho, 909 - Sala 605 - Vila da Penha, Rio de Janeiro - RJ, 21210-000",False,https://www.instagram.com/camilaandradesobrancelhas/,5.0,
Studio Eduarda Clume - Cílios Sobrancelha / Irajá,21) 92005-2170,21) 92005-2170,,,studio de sobrancelha,"Urca - Rio de Janeiro, RJ",Irajá,"R. Carolina Amado, 1236-1352 - Irajá, Rio de Janeiro - RJ, 21361-320",False,,5.0,
Studio Vanessa Novo cílios sobrancelha unhas,21) 98532-6190,5521985326190,,,studio de sobrancelha,"Urca - Rio de Janeiro, RJ",Vila da Penha,"Praça Marco Aurélio, 51 - Vila da Penha, Rio de Janeiro - RJ, 21220-260",False,,5.0,
Studio Jhuli sobrancelhas,21) 97897-8329,https://l.instagram.com/?u=https%3A%2F%2Fapi.whatsapp.com%2Fsend%3Fphone%3D5521973048861%26text%3DOii%252C%2Bgostaria%2Bde%2Bmarcar%2Bmeu%2Bhor%25C3%25A1rio.&e=ATO3qMjiaVOkmJt9LoSE3JkagLfgWRSQvqUpPB6gHOO14mjpV-qicI7bc5KLv_sGbKyIxwKVazxh7s68RkgifYxbgam_JtjJYYGCWTc&s=1,https://l.instagram.com/?u=https%3A%2F%2Fapi.whatsapp.com%2Fsend%3Fphone%3D5521973048861%26text%3DOii%252C%2Bgostaria%2Bde%2Bmarcar%2Bmeu%2Bhor%25C3%25A1rio.&e=ATO3qMjiaVOkmJt9LoSE3JkagLfgWRSQvqUpPB6gHOO14mjpV-qicI7bc5KLv_sGbKyIxwKVazxh7s68RkgifYxbgam_JtjJYYGCWTc&s=1,,studio de sobrancelha,"Urca - Rio de Janeiro, RJ",Irajá,"R. Juqueri, 546 - casa 2 - Irajá, Rio de Janeiro - RJ, 21371-370",False,,5.0,
Thayná Faria Sobrancelhas,21) 97388-5713,21) 97388-5713,,,studio de sobrancelha,"Urca - Rio de Janeiro, RJ",Rocha Miranda,"R. dos Topázios, 140 - sala 6A - Rocha Miranda, Rio de Janeiro - RJ, 21540-020",False,,5.0,
Studio Nega Loira - Micropigmentação Labial - Sobrancelhas,21) 98759-4864,21) 98759-4864,https://www.instagram.com/studionegaloira?igsh=OTlmNno5dGg3b21m,,studio de sobrancelha,"Urca - Rio de Janeiro, RJ",Osvaldo Cruz,"Rua Abaçaí, 96 - apto 101 - Osvaldo Cruz, Rio de Janeiro - RJ, 21340-380",False,https://www.instagram.com/studionegaloira?igsh=OTlmNno5dGg3b21m,5.0,
Patrícia Silva Lash - Extensão de Cílios e Design de Sobrancelhas,21) 98679-9363,21) 98679-9363,https://www.instagram.com/patsilvainlashes?igsh=MWo0NTNqc3l4MW4yZA==,,studio de sobrancelha,"Urca - Rio de Janeiro, RJ",Vaz Lobo,"Av. Min. Edgard Romero, 896 - Vaz Lobo, Rio de Janeiro - RJ, 21361-140",False,https://www.instagram.com/patsilvainlashes?igsh=MWo0NTNqc3l4MW4yZA==,5.0,
Caroline Foster designer de sobrancelhas,21) 99303-2752,21) 99303-2752,,,studio de sobrancelha,"Urca - Rio de Janeiro, RJ",Rocha Miranda,"Av. dos Italianos, 1066 - sala 209 - Rocha Miranda, Rio de Janeiro - RJ, 21510-103",False,,5.0,
Thamiris Chalhoub - Especialista em Cílios e Sobrancelhas - Vista Alegre,21) 96673-0512,21) 96673-0512,https://www.instagram.com/thamiriscsobrancelhas,,studio de sobrancelha,"Urca - Rio de Janeiro, RJ",Vista Alegre,"Av. Brás de Pina, 1996 - Vista Alegre, Rio de Janeiro - RJ, 21235-603",False,https://www.instagram.com/thamiriscsobrancelhas/,5.0,
Studio Juciana Sobrancelhas,21) 97564-5129,21) 97564-5129,https://instagram.com/jucianasobrancelhas?igshid=10q92zs6jmtxa,,studio de sobrancelha,"Urca - Rio de Janeiro, RJ",Ricardo de Albuquerque,"R. Japoara, 504 - Ricardo de Albuquerque, Rio de Janeiro - RJ, 21620-390",False,https://instagram.com/jucianasobrancelhas?igshid=10q92zs6jmtxa,4.8,
Design de Sobrancelhas Studio Thalisa Designer,,,,,studio de sobrancelha,"Urca - Rio de Janeiro, RJ",Bento Ribeiro,"R. Óbidos, 147 - Bento Ribeiro, Rio de Janeiro - RJ, 21331-550",False,,5.0,
SANTAPRY (Atelier De Sobrancelhas Irajá),21) 3684-5889,,https://instagram.com/santapry.oficial?utm_medium=copy_link,,studio de sobrancelha,"Urca - Rio de Janeiro, RJ",Irajá,"R. Cláudio da Costa, 4 - Irajá, Rio de Janeiro - RJ, 21235-480",False,https://instagram.com/santapry.oficial?utm_medium=copy_link,4.5,
"Extensão de Cílios e Sobrancelhas | Studio Karol Garcia - Botafogo, Rio de janeiro",21) 98277-1238,21) 98277-1238,https://www.instagram.com/studiokarolgarcia?igsh=YmV6ZnlkdGV0NjBh,,studio de cílios,"Urca - Rio de Janeiro, RJ",Botafogo,"Praia de Botafogo, 210 - Botafogo, Rio de Janeiro - RJ, 22250-040",False,https://www.instagram.com/studiokarolgarcia?igsh=YmV6ZnlkdGV0NjBh,5.0,
Cílios & Sobrancelhas | Gabi Maricato- Recreio dos Bandeirantes,21) 97233-8340,21) 97233-8340,https://www.instagram.com/ciliosdegabii?igsh=cmV1N2czcGxpcmh2,,studio de cílios,"Urca - Rio de Janeiro, RJ",Recreio dos Bandeirantes,"Shopping Vértice Mall - Av. Miguel Antônio Fernandes, 1333 - Bloco A - Sala 518 - Recreio dos Bandeirantes, Rio de Janeiro - RJ, 22790-682",False,https://www.instagram.com/ciliosdegabii?igsh=cmV1N2czcGxpcmh2,5.0,
Luiza Campos Studio - Extensão de cílios - Sobrancelhas - Micropigmentação,21) 99535-0399,21) 99535-0399,https://www.instagram.com/luizacampos.studio?igsh=MXU5dDN4YmU4aTU3ag==&utm_source=qr,,studio de cílios,"Urca - Rio de Janeiro, RJ",Estácio,"R. São Cláudio, 06 - Estácio, Rio de Janeiro - RJ, 20250-060",False,https://www.instagram.com/luizacampos.studio?igsh=MXU5dDN4YmU4aTU3ag==&utm_source=qr,5.0,
Alessia beauty room - Cílios Copacabana,21) 98272-8341,21) 98272-8341,,,studio de cílios,"Urca - Rio de Janeiro, RJ",RJ,"Av. Nossa Sra. de Copacabana, 807 - Sala 606 - Copacabana, Rio de Janeiro - RJ, 22050-002, Rio de Janeiro - RJ, 22041-011",False,,5.0,
Cílios Tijuca,21) 96727-6738,21) 96727-6738,https://instagram.com/layrodrigues_cilios?igshid=YmMyMTA2M2Y=,,studio de cílios,"Urca - Rio de Janeiro, RJ",Tijuca,"Rua Conde de Bonfim, 375 - Tijuca, Rio de Janeiro - RJ, 20521-070",False,https://instagram.com/layrodrigues_cilios?igshid=YmMyMTA2M2Y=,5.0,
Amanda Fernandes Extensão de Cílios,21) 99029-2207,21) 99029-2207,https://www.instagram.com/amandaf.lash,,studio de cílios,"Urca - Rio de Janeiro, RJ",Copacabana,"R. Figueiredo de Magalhães, 286 - Copacabana, Rio de Janeiro - RJ, 22031-012",False,https://www.instagram.com/amandaf.lash/,5.0,
MyLash Tijuca | Extensão de Cílios,21) 98849-7216,21) 98849-7216,,,studio de cílios,"Urca - Rio de Janeiro, RJ",Tijuca,"Av. Maracanã, 987 - loja a1070 - Tijuca, Rio de Janeiro - RJ, 20511-000",False,,4.7,
Cílios & Sobrancelhas -Ipanema/Laranjeiras,21) 97542-5659,21) 97542-5659,https://www.instagram.com/paulamartinsmicro2?igsh=MWQ4N2FlZmNldzRmag%3D%3D&utm_source=qr,,studio de cílios,"Urca - Rio de Janeiro, RJ",Laranjeiras,"sobreloja 204 - Laranjeiras, Rio de Janeiro - RJ, 22400-000",False,https://www.instagram.com/paulamartinsmicro2?igsh=MWQ4N2FlZmNldzRmag%3D%3D&utm_source=qr,4.8,
Lash lifting | Brow lamination | Remoção a laser de micropigmentação e tattoo Rio de Janeiro RJ - Renata Machado Beauty,21) 96640-7312,21) 96640-7312,https://www.instagram.com/renatamachadobeauty?igsh=cTQzdDg3NGp5NXl4,,studio de cílios,"Urca - Rio de Janeiro, RJ",Botafogo,"R. Voluntários da Pátria, 190 - sala 722 - Botafogo, Rio de Janeiro - RJ, 22270-902",False,https://www.instagram.com/renatamachadobeauty?igsh=cTQzdDg3NGp5NXl4,5.0,
Cílios Copacabana Janne Araújo,21) 98888-1847,21) 98888-1847,,,studio de cílios,"Urca - Rio de Janeiro, RJ",Copacabana,"R. Barata Ribeiro, 391 - Copacabana, Rio de Janeiro - RJ, 22051-002",False,,,
Maquiadora Rio de Janeiro - RJ | Jojo Colares Beauty,38) 99827-6288,38) 99827-6288,https://instagram.com/jojocolaresbeauty,,studio de cílios,"Urca - Rio de Janeiro, RJ",Botafogo,"R. Voluntários da Pátria, 190 - sala 722 - Botafogo, Rio de Janeiro - RJ, 22270-012",False,https://instagram.com/jojocolaresbeauty,5.0,
Dairosa Beauty,21) 98796-6456,21) 98796-6456,https://instagram.com/dairosabeauty?igshid=OGQ5ZDc2ODk2ZA==,,studio de cílios,"Urca - Rio de Janeiro, RJ",Flamengo,"Edifício Catete Business - R. Dois de Dezembro, 78 - sala 911 - Flamengo, Rio de Janeiro - RJ, 22220-040",False,https://www.instagram.com/dairosabeauty?igsh=dm93ZHRzcjZ4eGY4&utm_source=qr,5.0,
Lô Lash Studio,21) 99496-8246,21) 99496-8246,https://www.instagram.com/selinlashstudio/?igshid=YmMyMTA2M2Y%3D,,studio de cílios,"Urca - Rio de Janeiro, RJ",Santa Teresa,"R. Riachuelo, 169 - Santa Teresa, Rio de Janeiro - RJ, 20230-010",False,https://www.instagram.com/selinlashstudio/?igshid=YmMyMTA2M2Y%3D,4.9,
MyLash Botafogo | Extensão de Cílios | design de sobrancelhas | Micropigmentação | Hydragloss | Lash Lifting,21) 99150-5089,21) 99150-5089,https://instagram.com/mylash.botafogo.rj,,studio de cílios,"Urca - Rio de Janeiro, RJ",Botafogo,"R. Voluntários da Pátria, 45 - loja 108 - Botafogo, Rio de Janeiro - RJ, 22270-900",False,https://instagram.com/mylash.botafogo.rj,4.2,
Lash lifting | Brow lamination | Remoção a laser de micropigmentação e tattoo Rio de Janeiro RJ - Renata Machado Beauty,21) 96640-7312,21) 96640-7312,https://www.instagram.com/renatamachadobeauty?igsh=cTQzdDg3NGp5NXl4,,lash designer,"Urca - Rio de Janeiro, RJ",Botafogo,"R. Voluntários da Pátria, 190 - sala 722 - Botafogo, Rio de Janeiro - RJ, 22270-902",False,https://www.instagram.com/renatamachadobeauty?igsh=cTQzdDg3NGp5NXl4,5.0,
Studio Patricia Santos Beauty,21) 97697-9238,21) 97697-9238,https://instagram.com/patriciasts_beauty?igshid=YmMyMTA2M2Y=,,lash designer,"Urca - Rio de Janeiro, RJ",Pantanal,"Rua Leopoldo Fróis, 3 - quadra 70 - Pantanal, Duque de Caxias - RJ, 25040-325",False,https://instagram.com/patriciasts_beauty?igshid=YmMyMTA2M2Y=,5.0,
Studio Ingridi Klimaschenski-Lash Designer,,,,,lash designer,"Urca - Rio de Janeiro, RJ",Jardim Limeira,"Estr. Aníbal da Mota, 2 - quadra 3 - Jardim Limeira, Belford Roxo - RJ, 26190-083",False,,5.0,
Andressa lash Designer,21) 98269-4368,21) 98269-4368,,,lash designer,"Urca - Rio de Janeiro, RJ",Gramacho,"R. Japurá, 160 - Gramacho, Duque de Caxias - RJ, 25050-320",False,,,
LORENA LIMA | LASH DESIGN,21) 96502-5349,21) 96502-5349,https://www.instagram.com/lorenalima.lash_?igsh=MTZiYWhzOXNpdGxjMA==,,lash designer,"Urca - Rio de Janeiro, RJ",Campos Eliseos,"R. Clara Nunes - Campos Eliseos, Duque de Caxias - RJ, 25040-673",False,https://www.instagram.com/lorenalima.lash_?igsh=MTZiYWhzOXNpdGxjMA==,5.0,
Thaty Azevedo Company (Cílios e Cursos de extensão de cílios),21) 96580-2581,21) 96580-2581,,,lash designer,"Urca - Rio de Janeiro, RJ",Parque Fluminense,"Rua Nossa Senhora das Graças, Praça do Galo, 0 - Parque Fluminense, Duque de Caxias - RJ, 25045-570",False,,5.0,
Nanda Lash Designer,21) 97017-5469,21) 97017-5469,https://www.instagram.com/by.nandalashes?igsh=MXI0Z21taGRlYm5hdA%3D%3D&utm_source=qr,,lash designer,"Urca - Rio de Janeiro, RJ",Parque Fluminense,"R. São Miguel - Parque Fluminense, Duque de Caxias - RJ, 25046-510",False,https://www.instagram.com/by.nandalashes?igsh=MXI0Z21taGRlYm5hdA==&utm_source=qr,,
Jessica Lash e design,,,,,lash designer,"Urca - Rio de Janeiro, RJ",Acari,"R. Piracambú, 31 - Acari, Rio de Janeiro - RJ, 21531-050",False,,,
"Gabrielle | Lash designer | Designer de sobrancelhas | Duque de caxias, Sarapuí",21) 98235-7561,21) 98235-7561,https://www.instagram.com/bystudiogabrielle?igsh=MWMwZjFubWg3c3lwcQ==,,lash designer,"Urca - Rio de Janeiro, RJ",Vila Sarapui,"R. Alfredo Backer, 321 - Vila Sarapui, Duque de Caxias - RJ, 25050-290",False,https://www.instagram.com/bystudiogabrielle?igsh=MWMwZjFubWg3c3lwcQ==,5.0,
Yana Braz Studio,,,,,lash designer,"Urca - Rio de Janeiro, RJ",Vila Leopoldina,"R. Rio Preto, 1626 - Vila Leopoldina, Duque de Caxias - RJ, 25035-390",False,,5.0,
Fabiane lash Designer,21) 96426-8294,21) 96426-8294,https://www.instagram.com/fabianedepaulamicro?igsh=MWw4YWxub2hweXo2bg==,,lash designer,"Urca - Rio de Janeiro, RJ",Vila Leopoldina,"R. Virgílio de Melo Franco, 226 - Vila Leopoldina, Duque de Caxias - RJ, 26060-060",False,https://www.instagram.com/fabianedepaulamicro?igsh=MWw4YWxub2hweXo2bg==,,
Léa Style Hair,21) 96660-3813,21) 96660-3813,https://www.instagram.com/leastylehair,,lash designer,"Urca - Rio de Janeiro, RJ",Pantanal,"Av. Gomes Freire, 161 - Pantanal, Duque de Caxias - RJ, 25040-004",False,https://www.instagram.com/leastylehair/,,
Espaço Juliane Days ️,,https://api.whatsapp.com/send?phone=5521969241465&text=Quero+marcar+um+hor%C3%A1rio+no+Espa%C3%A7o+Juliane+Days,https://www.instagram.com/julianedays,,lash designer,"Urca - Rio de Janeiro, RJ",Vila Rosário,"R. Urbano Duarte, 21 - qd 4 - Vila Rosário, Duque de Caxias - RJ, 25042-300",False,https://www.instagram.com/julianedays/,5.0,
KS STUDIO DE BELEZA,21) 99393-7904,21) 99393-7904,,,lash designer,"Urca - Rio de Janeiro, RJ",Nossa Sra. do Carmo,"Estr. do sarapuí - Nossa Sra. do Carmo, Duque de Caxias - RJ, 25040-460",False,,,
Fernanda Soares - Remoção a Laser - Duque De Caxias - Recreio dos bandeirantes - Niterói,21) 98906-9523,21) 98906-9523,,,lash designer,"Urca - Rio de Janeiro, RJ",Vila Leopoldina,"R. Catumbi, 29 - Vila Leopoldina, Duque de Caxias - RJ, 25060-380",False,,5.0,
Lash designer Priscila Pierre,21) 96763-0998,21) 96763-0998,,,lash designer,"Urca - Rio de Janeiro, RJ",Realengo,"Rua Carumbé, 195 - Realengo, Rio de Janeiro - RJ, 21755-240",False,,5.0,
Studio Beauty,21) 97576-0884,21) 97576-0884,,,lash designer,"Urca - Rio de Janeiro, RJ",Vila Leopoldina,"Av. Rio Branco - Vila Leopoldina, Duque de Caxias - RJ, 25035-245",False,,5.0,
Della's Beauty,21) 98301-0056,21) 98301-0056,,,lash designer,"Urca - Rio de Janeiro, RJ",Parque Fluminense,"Centro Empresarial do - R. Apodi - Parque Fluminense, Duque de Caxias - RJ, 25046-420",False,,5.0,
Leticia Pacheco Studio,21) 97668-0407,21) 97668-0407,,,lash designer,"Urca - Rio de Janeiro, RJ",Gramacho,"Av. Rio Branco, 1647B - Gramacho, Duque de Caxias - RJ, 25035-245",False,,5.0,
Studio Larissa Cabral,21) 98330-0443,21) 98330-0443,http://www.instagram.com/studiolarissacabral,,lash designer,"Urca - Rio de Janeiro, RJ",Parque Sao Jose,"Rua Neri Xavier - Parque Sao Jose, Belford Roxo - RJ, 26190-020",False,http://www.instagram.com/studiolarissacabral,5.0,
"Bossa Spa | Seu único SPA by Granado do Rio | Vale-presente, massagem relaxante, massagem desportiva",21) 96427-0782,21) 96427-0782,,,spa,"Urca - Rio de Janeiro, RJ",Botafogo,"Praia de Botafogo, 242 - Botafogo, Rio de Janeiro - RJ, 22250-145",False,,4.9,
Massoterapeuta Bruno Souza,21) 97646-7338,21) 97646-7338,https://www.instagram.com/massoterapeutabrunosouza,,spa,"Urca - Rio de Janeiro, RJ",Urca,"R. Manuel Niobei, 47 - 02 - Urca, Rio de Janeiro - RJ, 22291-220",False,https://www.instagram.com/massoterapeutabrunosouza/,5.0,
"Vista Spa | Massagem relaxante, Deep Tissue Massage, Day Spa",21) 96427-0782,21) 96427-0782,,,spa,"Urca - Rio de Janeiro, RJ",Copacabana,"dentro do hotel Porto Bay - Av. Atlântica, 1500 - Copacabana, Rio de Janeiro - RJ, 22020-020",False,,4.7,
Renata Teixeira,21) 98151-8466,21) 98151-8466,,,spa,"Urca - Rio de Janeiro, RJ",Urca,"Av. Portugal, 64 - Urca, Rio de Janeiro - RJ, 22291-050",False,,,
Balm Spa | spa rio de janeiro | massagem | spa copacabana | day spa rio de janeiro,21) 98522-4865,21) 98522-4865,http://www.instagram.com/balmspa,,spa,"Urca - Rio de Janeiro, RJ",Copacabana,"R. Miguel Lemos, 41 - sala 306 - Copacabana, Rio de Janeiro - RJ, 22071-000",False,http://www.instagram.com/balmspa,5.0,
SPA Ariô,21) 99504-4695,21) 99504-4695,https://www.instagram.com/spaario3?igsh=bW9oNHIxdTVxeGZy,,spa,"Urca - Rio de Janeiro, RJ",Flamengo,"R. Corrêa Dutra, 34 - Flamengo, Rio de Janeiro - RJ, 22210-050",False,https://www.instagram.com/spaario3?igsh=bW9oNHIxdTVxeGZy,4.6,
Tropical SPA,,5521995695498,,,spa,"Urca - Rio de Janeiro, RJ",Copacabana,"Av. Atlântica, 2554 - apartamento 208 - Copacabana, Rio de Janeiro - RJ, 22041-001",False,,5.0,
Urca Grill,21) 98021-9133,21) 98021-9133,,,restaurante,"Urca - Rio de Janeiro, RJ",Urca,"R. Mal. Cantuária, 10 - Urca, Rio de Janeiro - RJ, 22291-060",False,,4.3,
Boteco Mureta da Urca,21) 2543-1268,,,,restaurante,"Urca - Rio de Janeiro, RJ",Urca,"Av. Portugal, 986 - Urca, Rio de Janeiro - RJ, 22291-050",False,,4.3,
Árabe Urca,21) 2542-4228,,https://www.instagram.com/arabeurca,,restaurante,"Urca - Rio de Janeiro, RJ",Urca,"Av. Pasteur, 493 - Urca, Rio de Janeiro - RJ, 22290-240",False,https://www.instagram.com/arabeurca/,4.2,
Flutuante Rio.,21) 99901-0236,21) 99901-0236,https://www.instagram.com/flutuanterio?igsh=dWpjbnJ4aDNzODU3,,restaurante,"Urca - Rio de Janeiro, RJ",Urca,"em frente ao 338 - Av. João Luiz Alves - Urca, Rio de Janeiro - RJ, 22291-190",False,https://www.instagram.com/flutuanterio?igsh=dWpjbnJ4aDNzODU3,4.3,
Gal do Bar ao Mar Rio,11) 97696-3636,11) 97696-3636,https://www.instagram.com/gal.bardomar.rio,,restaurante,"Urca - Rio de Janeiro, RJ",Urca,"Av. Portugal, 96 - Urca, Rio de Janeiro - RJ, 22291-050",False,https://www.instagram.com/gal.bardomar.rio/,4.4,
Bar e Restaurante Canal 6,21) 3083-6316,,,,restaurante,"Urca - Rio de Janeiro, RJ",Urca,"Av. Portugal, 986 - Urca, Rio de Janeiro - RJ, 22291-050",False,,4.4,
Restaurante das Tias,21) 2295-9527,,,,restaurante,"Urca - Rio de Janeiro, RJ",Urca,"R. Dr. Xavier Sigaud, 215 - Urca, Rio de Janeiro - RJ, 22290-160",False,,4.6,
Flor da Urca,21) 2541-7674,,,,restaurante,"Urca - Rio de Janeiro, RJ",Urca,"R. Mal. Cantuária, 148 - Urca, Rio de Janeiro - RJ, 22291-060",False,,4.5,
Mureta da Urca,,,,,restaurante,"Urca - Rio de Janeiro, RJ",Urca,"Mureta da Urca - Urca, Rio de Janeiro - RJ, 22291-090",False,,4.8,
Urca Grill burger,,,https://www.instagram.com/urcaburguer,,restaurante,"Urca - Rio de Janeiro, RJ",Urca,"R. Mal. Cantuária, 18 - Urca, Rio de Janeiro - RJ, 22291-060",False,https://www.instagram.com/urcaburguer,4.1,
Restaurante Universitário UFRJ,,,,,restaurante,"Urca - Rio de Janeiro, RJ",Urca,"UFRJ - Av. Pasteur, 250 - Urca, Rio de Janeiro - RJ, 22290-240",False,,4.2,
Restaurante Convés,,,,,restaurante,"Urca - Rio de Janeiro, RJ",Botafogo,"Av. Pasteur, 333 - Botafogo, Rio de Janeiro - RJ, 22231-000",False,,4.6,
Panificação Urca,21) 97562-6501,21) 97562-6501,,,restaurante,"Urca - Rio de Janeiro, RJ",Urca,"R. Mal. Cantuária, 16 - Urca, Rio de Janeiro - RJ, 22291-060",False,,4.2,
Praia vermelha,,,,,restaurante,"Urca - Rio de Janeiro, RJ",,"Urca, Rio de Janeiro - RJ",False,,4.7,
Hotelinho da Urca,21) 3449-8867,,,,pousada,"Urca - Rio de Janeiro, RJ",Urca,"R. Mal. Cantuária, 10 - Urca, Rio de Janeiro - RJ, 22291-060",False,,4.6,
Urca Loft - Hospedagem Rio de Janeiro,21) 99121-6343,21) 99121-6343,,,pousada,"Urca - Rio de Janeiro, RJ",Urca,"R. Mal. Cantuária, 54 - Urca, Rio de Janeiro - RJ, 22291-000",False,,5.0,
Hostel vila urca,21) 98895-8606,21) 98895-8606,,,pousada,"Urca - Rio de Janeiro, RJ",Urca,"R. Dr. Xavier Sigaud, 215 - Urca, Rio de Janeiro - RJ, 22290-180",False,,5.0,
Azul Viagens Barra da Tijuca,21) 99906-1999,5521981176969,https://instagram.com/azulviagens.rj,,hotel boutique,"Urca - Rio de Janeiro, RJ",Barra da Tijuca,"Shopping Downtown - Av. das Américas, 500 - Bloco 8, Loja 117-b - Barra da Tijuca, Rio de Janeiro - RJ, 22640-904",False,https://www.instagram.com/azulviagensbarra/,4.6,
Maria Duarte Advocacia,21) 98416-0390,21) 98416-0390,https://www.instagram.com/mariaduarte.advogada,,advogado,"Urca - Rio de Janeiro, RJ",Botafogo,"Torre Pão Açucar - Praia de Botafogo, 501 - Sala 108-A - Botafogo, Rio de Janeiro - RJ, 22250-040",False,https://www.instagram.com/mariaduarte.advogada/,5.0,
Pinheiro & Goes Advogados Associados Jardim Leal | Duque de Caxias,21) 98758-0023,21) 98758-0023,https://www.instagram.com/mariaduarte.advogada,,advogado,"Urca - Rio de Janeiro, RJ",Jardim Leal,"R. Pedro Lessa, 442 - Loja 01 - Jardim Leal, Duque de Caxias - RJ, 25035-800",False,,5.0,
Gabriel Marques | Advogado em Belford Roxo,21) 3776-0217,552137760217,https://www.instagram.com/mariaduarte.advogada,,advogado,"Urca - Rio de Janeiro, RJ",Parque Sao Jose,"Estr. Aníbal da Mota, 94 - Sala - Parque Sao Jose, Belford Roxo - RJ, 26190-060",False,,4.6,
GALENUS CONSULTORIA,21) 99705-0264,21) 99705-0264,https://www.instagram.com/mariaduarte.advogada,,advogado,"Urca - Rio de Janeiro, RJ",Parque Sao Jose,"Estr. Rio de Janeiro, 71 - Parque Sao Jose, Belford Roxo - RJ, 26193-333",False,,5.0,
Renato Pinheiro Advogados,21) 99905-9423,21) 99905-9423,https://www.instagram.com/mariaduarte.advogada,,advogado,"Urca - Rio de Janeiro, RJ",Praia de Botafogo,"Torre Pão de Açúcar, Bloco A - Praia de Botafogo, 501 1º andar, Bloco 1, 1º andar, Rio de Janeiro - RJ, 22250-040",False,,5.0,
Jéssica Bork Escritório de Advocacia,21) 97959-6864,21) 97959-6864,https://www.instagram.com/mariaduarte.advogada,,advogado,"Urca - Rio de Janeiro, RJ",Botafogo,"Praia de Botafogo, 501 - Botafogo, Rio de Janeiro - RJ, 22250-911",False,,5.0,
BIS ADVOGADOS,,,https://www.instagram.com/mariaduarte.advogada,,advogado,"Urca - Rio de Janeiro, RJ",Parque Fluminense,"Av. Fernando Ferrari - Parque Fluminense, Duque de Caxias - RJ, 25041-308",False,,5.0,
TOLOMEOTTI Advocacia,,,https://www.instagram.com/mariaduarte.advogada,,advogado,"Urca - Rio de Janeiro, RJ",Botafogo,"Av. Pasteur, 110 - 7º Andar - Botafogo, C: - RJ, 22290-240",False,,4.8,
Mariana Sampaio - Advogada Previdenciária,21) 96621-0173,21) 96621-0173,https://www.instagram.com/mariaduarte.advogada,,advogado,"Urca - Rio de Janeiro, RJ",Botafogo,"Praia de Botafogo, 460 - Botafogo, Rio de Janeiro - RJ, 22250-040",False,,5.0,
Cité Arquitetura,21) 2556-1813,,,,arquiteto,"Urca - Rio de Janeiro, RJ",Flamengo,"R. Barão do Flamengo, 32 - Sala 101 - Flamengo, Rio de Janeiro - RJ, 22220-080",False,,4.6,
MFM Arquitetura Planejamento e Construção,21) 2293-5722,,,,arquiteto,"Urca - Rio de Janeiro, RJ",Rio Comprido,"R. Salvador de Mendonça, 7 - Rio Comprido, Rio de Janeiro - RJ, 20261-030",False,,4.8,
Rio Arquitetura,21) 3208-8724,,,,arquiteto,"Urca - Rio de Janeiro, RJ",RJ,"R. Miranda Valverde, 64 - Botafogo, Rio de Janeiro - RJ, 22281-000, Rio de Janeiro - RJ, 22050-001",False,,5.0,
Prochnik Arquitetura,21) 2502-5111,,https://www.instagram.com/mepiarquitetura,denise@dlarquitetura.com.br,arquiteto,"Urca - Rio de Janeiro, RJ",Jardim Botânico,"R. Visc. de Carandaí, 26 - Jardim Botânico, Rio de Janeiro - RJ, 22460-020",False,,4.8,
Praia vermelha,,,https://www.instagram.com/naldofotos,,fotógrafo,"Urca - Rio de Janeiro, RJ",,"Urca, Rio de Janeiro - RJ",False,,4.7,
Árvore dos Desejos,,,https://www.instagram.com/naldofotos,,fotógrafo,"Urca - Rio de Janeiro, RJ",Urca,"Unnamed Road - Urca, Rio de Janeiro - RJ",False,,4.8,
Rosa dos Ventos da Urca,,,https://www.instagram.com/naldofotos,,fotógrafo,"Urca - Rio de Janeiro, RJ",Urca,"Av. Portugal, 248 - Urca, Rio de Janeiro - RJ, 22291-050",False,,4.9,
Mirante da Praia Vermelha,,,https://www.instagram.com/naldofotos,,fotógrafo,"Urca - Rio de Janeiro, RJ",Urca,"Praça Gen. Tibúrcio, 20 - Urca, Rio de Janeiro - RJ, 22290-270",False,,4.9,
Mureta da Urca,,,https://www.instagram.com/naldofotos,,fotógrafo,"Urca - Rio de Janeiro, RJ",Urca,"Mureta da Urca - Urca, Rio de Janeiro - RJ, 22291-090",False,,4.8,
Praia da Urca,,,https://www.instagram.com/naldofotos,,fotógrafo,"Urca - Rio de Janeiro, RJ",,Rio de Janeiro,False,,4.6,
Quadrado da Urca,,,https://www.instagram.com/naldofotos,,fotógrafo,"Urca - Rio de Janeiro, RJ",,"Urca, Rio de Janeiro - RJ",False,,4.6,
Naldo Fotos,,,https://www.instagram.com/naldofotos,,fotógrafo,"Urca - Rio de Janeiro, RJ",,,False,https://www.instagram.com/naldofotos/,,
Praça General Tibúrcio,,,https://www.instagram.com/naldofotos,,fotógrafo,"Urca - Rio de Janeiro, RJ",Urca,"Praça Gen. Tibúrcio - Urca, Rio de Janeiro - RJ, 22290-270",False,,4.6,
Nascer do Sol na Praia Vermelha - Surf Rio,21) 96877-3795,21) 96877-3795,https://www.instagram.com/naldofotos,,fotógrafo,"Urca - Rio de Janeiro, RJ",Urca,"Praia vermelha - Praça Gen. Tibúrcio, S/Nº - Urca, Rio de Janeiro - RJ, 22290-270",False,,4.7,
Escola Augusto dos Anjos (A Gata Comeu),,,https://www.instagram.com/emminasgerais.urca?igsh=MXR6dXIxNDRtd3M1Mw==,,escola,"Urca - Rio de Janeiro, RJ",Urca,"R. Alm. Gomes Pereira, 80 - Urca, Rio de Janeiro - RJ, 22291-170",False,,5.0,
Escola Municipal Minas Gerais,21) 2295-1295,,https://www.instagram.com/emminasgerais.urca?igsh=MXR6dXIxNDRtd3M1Mw==,,escola,"Urca - Rio de Janeiro, RJ",Urca,"Av. Pasteur, 433 - Urca, Rio de Janeiro - RJ, 22290-240",False,https://www.instagram.com/emminasgerais.urca?igsh=MXR6dXIxNDRtd3M1Mw==,,
Escola NAU,21) 2295-8994,,https://www.instagram.com/emminasgerais.urca?igsh=MXR6dXIxNDRtd3M1Mw==,,escola,"Urca - Rio de Janeiro, RJ",Urca,"Av. Pasteur, 453 - Urca, Rio de Janeiro - RJ, 22290-255",False,https://www.instagram.com/escolanau/,,
Escola Municipal Estácio de Sá,21) 2295-6745,,https://www.instagram.com/emminasgerais.urca?igsh=MXR6dXIxNDRtd3M1Mw==,,escola,"Urca - Rio de Janeiro, RJ",Urca,"Pça. Tenente-Coronel Siqueira, 22 - Urca, Rio de Janeiro - RJ, 22291-160",False,,,
Cassino da Urca,,,https://www.instagram.com/emminasgerais.urca?igsh=MXR6dXIxNDRtd3M1Mw==,,escola,"Urca - Rio de Janeiro, RJ",Urca,"Av. João Luiz Alves, 13 - Urca, Rio de Janeiro - RJ, 22291-090",False,,4.5,
Escola Marechal Castelo Branco,,,https://www.instagram.com/emminasgerais.urca?igsh=MXR6dXIxNDRtd3M1Mw==,,escola,"Urca - Rio de Janeiro, RJ",Urca,"Praça Gen. Tibúrcio, 125 - Urca, Rio de Janeiro - RJ, 22290-270",False,,5.0,
EDI Gabriela Mistral,21) 2543-8723,,https://www.instagram.com/emminasgerais.urca?igsh=MXR6dXIxNDRtd3M1Mw==,,escola,"Urca - Rio de Janeiro, RJ",Praia Vermelha,"Praça Gen. Tibúrcio, 145 - Praia Vermelha, Rio de Janeiro - RJ, 22290-270",False,,,
Colegio pedro ii sao Cristóvão,21) 96571-1745,21) 96571-1745,https://www.instagram.com/emminasgerais.urca?igsh=MXR6dXIxNDRtd3M1Mw==,,escola,"Urca - Rio de Janeiro, RJ",Urca,"Av. Portugal - Urca, Rio de Janeiro - RJ, 22291-050",False,,,
Complexo Esportivo Maj Sylvio de Magalhães Padilha,21) 2586-2233,,https://www.instagram.com/emminasgerais.urca?igsh=MXR6dXIxNDRtd3M1Mw==,,escola,"Urca - Rio de Janeiro, RJ",Urca,"Al. Floriano Peixoto, 378 - Urca, Rio de Janeiro - RJ, 22291-090",False,,4.5,
Babylandia Jardim de Infancia e Primario,21) 2541-5277,,https://www.instagram.com/emminasgerais.urca?igsh=MXR6dXIxNDRtd3M1Mw==,,escola,"Urca - Rio de Janeiro, RJ",Urca,"R. Cândido Gaffrée - Urca, Rio de Janeiro - RJ, 22291-080",False,,,
Aula particular de francês - Professora Lívia Vaz,21) 96691-4004,21) 96691-4004,https://www.instagram.com/emminasgerais.urca?igsh=MXR6dXIxNDRtd3M1Mw==,,escola,"Urca - Rio de Janeiro, RJ",Urca,"R. Mal. Cantuária, 42 - Urca, Rio de Janeiro - RJ, 22291-060",False,,5.0,
Mary Poppins Creche e Pré-Escola,21) 99469-0015,21) 99469-0015,https://www.instagram.com/emminasgerais.urca?igsh=MXR6dXIxNDRtd3M1Mw==,,escola,"Urca - Rio de Janeiro, RJ",Urca,"Av. Pasteur, 459 - Urca, Rio de Janeiro - RJ, 22290-255",False,,4.9,
Caiaques Urca,21) 99991-4612,21) 99991-4612,https://www.instagram.com/emminasgerais.urca?igsh=MXR6dXIxNDRtd3M1Mw==,,escola,"Urca - Rio de Janeiro, RJ",Urca,"Av. João Luiz Alves, 82 - Urca, Rio de Janeiro - RJ, 22291-090",False,,5.0,
Curso Livre de Música,21) 98327-6144,21) 98327-6144,https://www.instagram.com/livreyoga.urca?igsh=MWN3aW4xZTF1dnpsag==,,curso livre,"Urca - Rio de Janeiro, RJ",Pavuna,"R. Srg. Benevides Monte - Pavuna, Rio de Janeiro - RJ, 21520-440",False,,,
Livre Yoga,21) 96901-1717,21) 96901-1717,https://www.instagram.com/livreyoga.urca?igsh=MWN3aW4xZTF1dnpsag==,,curso livre,"Urca - Rio de Janeiro, RJ",Urca,"Praça Gen. Tibúrcio - Urca, Rio de Janeiro - RJ, 22290-270",False,https://www.instagram.com/livreyoga.urca?igsh=MWN3aW4xZTF1dnpsag==,5.0,
Clínica de Cardiologia,,,,,clínica médica,"Urca - Rio de Janeiro, RJ",Urca,"R. Ramon Franco, 66 - Urca, Rio de Janeiro - RJ, 22290-290",False,,4.8,
Hospital Memorial Urmed,21) 2102-5454,,,,clínica médica,"Urca - Rio de Janeiro, RJ",Vila Valqueire,"Av. Jambeiro, 48 - Vila Valqueire, Rio de Janeiro - RJ, 21330-300",False,,1.9,
Prolar,21) 2546-3500,,,,clínica médica,"Urca - Rio de Janeiro, RJ",Urca,"Av. Portugal, 54 - Urca, Rio de Janeiro - RJ, 22291-050",False,,2.2,
Clínica Médica Vicente de Carvalho,21) 2481-0108,,,,clínica médica,"Urca - Rio de Janeiro, RJ",Penha Circular,"Av. Vicente de Carvalho, 1534 - Penha Circular, Rio de Janeiro - RJ, 21210-000",False,,2.3,
Alpi Marques Clínica Medica e Multidisciplinar,21) 4104-0192,,,,clínica médica,"Urca - Rio de Janeiro, RJ",Vila da Penha,"Av. Meriti, 2445 - Vila da Penha, Rio de Janeiro - RJ, 21211-007",False,,4.1,
Atendimento Médico Popular da Penha,21) 3977-8548,,https://www.instagram.com/nogueiraclinicamedica,,clínica médica,"Urca - Rio de Janeiro, RJ",Penha,"Av. Nossa Sra. da Penha, 365 - Penha, Rio de Janeiro - RJ, 21070-390",False,,4.0,
Policlínica do Rio,21) 97325-5508,https://api.whatsapp.com/send?l=pt-BR&phone=552130850135&text=Ol%C3%A1%20vim%20pelo%20Google,https://www.instagram.com/cfchapeumangueirababilonia?igsh=b250dWx3bmprbXV5,,clínica médica,"Urca - Rio de Janeiro, RJ",Bonsucesso,"Rua Cardoso de Morais, 218 - Bonsucesso, Rio de Janeiro - RJ, 21032-025",False,,4.1,
Espaço Facial Botafogo - Harmonização Facial,21) 99222-1152,21) 99222-1152,https://instagram.com/espacofacial_botafogo,,harmonização facial,"Urca - Rio de Janeiro, RJ",Botafogo,"Praia de Botafogo, 400 - Piso 2 Loja 223 - Botafogo, Rio de Janeiro - RJ, 22250-040",False,https://instagram.com/espacofacial_botafogo,4.4,
Dra Júlia Porto - Harmonização facial,21) 97009-3723,21) 97009-3723,https://www.instagram.com/drajuliaporto?igsh=djc4NjYybWJ2azEw&utm_source=qr,,harmonização facial,"Urca - Rio de Janeiro, RJ",Vila da Penha,"Av. Vicente de Carvalho - Vila da Penha, Rio de Janeiro - RJ, 21210-623",False,https://www.instagram.com/drajuliaporto?igsh=djc4NjYybWJ2azEw&utm_source=qr,5.0,
Espaço Facial Madureira Shopping- Harmonização Facial | Botox | Preenchedor | Preenchimento | Bioestimulador | Fios de PDO,21) 97184-7239,21) 97184-7239,https://instagram.com/espacofacial_madureirashopping?igshid=MzRlODBiNWFlZA==,,harmonização facial,"Urca - Rio de Janeiro, RJ",Madureira,"Estr. do Portela, 222 - Loja 284 - Madureira, Rio de Janeiro - RJ, 21351-050",False,https://instagram.com/espacofacial_madureirashopping?igshid=MzRlODBiNWFlZA==,4.9,
INSTITUTO CARVALHO RJ - Harmonização Facial e Corporal,21) 96412-5438,21) 96412-5438,,,harmonização facial,"Urca - Rio de Janeiro, RJ",Marechal Hermes,"R. Aurélio Valporto, 170 - casa 02 - Marechal Hermes, Rio de Janeiro - RJ, 21555-560",False,,5.0,
Márcia Novaes - Estética Facial e Corporal | Rio de Janeiro,21) 99481-2314,21) 99481-2314,,,harmonização facial,"Urca - Rio de Janeiro, RJ",Vaz Lobo,"Av. Min. Edgard Romero, 767 - Vaz Lobo, Rio de Janeiro - RJ, 21360-202",False,,5.0,
Dra. Marcela Patricio - Harmonização Facial,21) 96427-6805,https://api.whatsapp.com/send?phone=5521964276805,https://www.instagram.com/dramarcelapatricio,,harmonização facial,"Urca - Rio de Janeiro, RJ",Madureira,"R. Antônio de Abreu, 80 - sala 219/220 - Madureira, Rio de Janeiro - RJ, 21351-130",False,https://www.instagram.com/dramarcelapatricio/,4.9,
Dra Débora Cabral - Harmonização Facial no Rio de Janeiro,21) 97744-9414,21) 97744-9414,https://www.instagram.com/dradeboracabral,,harmonização facial,"Urca - Rio de Janeiro, RJ",Madureira,"R. Guarapari, 41 - Sala 107 - Madureira, Rio de Janeiro - RJ, 21351-120",False,https://www.instagram.com/dradeboracabral/,,
Dra Quitéria Fernandes - Harmonização Facial,21) 97633-8107,21) 97633-8107,,,harmonização facial,"Urca - Rio de Janeiro, RJ",Vila Valqueire,"R. das Rosas, 96 - Vila Valqueire, Rio de Janeiro - RJ, 21330-680",False,,5.0,
Dra Mariana França - HARMONIZAÇÃO FACIAL E CORPORAL,21) 98574-2410,21) 98574-2410,,,harmonização facial,"Urca - Rio de Janeiro, RJ",Campo Grande,"Estr. da Cachamorra, 350 - Campo Grande, Rio de Janeiro - RJ, 23040-150",False,,,
Laser Fast | Rio de Janeiro/RJ - Méier,21) 98984-6114,21) 98984-6114,,,depilação a laser,"Urca - Rio de Janeiro, RJ",Méier,"Shopping do Méier - R. Dias da Cruz, 255 - Loja 136 - Méier, Rio de Janeiro - RJ, 20720-010",False,,3.8,
BiosferaLaser,21) 97481-0605,21) 97481-0605,,,depilação a laser,"Urca - Rio de Janeiro, RJ",Méier,"R. Dias da Cruz, 215 - Sala 507 - Méier, Rio de Janeiro - RJ, 20720-010",False,,4.7,
Queen Laser,21) 99886-9915,21) 99886-9915,,,depilação a laser,"Urca - Rio de Janeiro, RJ",Freguesia (Jacarepaguá),"Estr. dos Três Rios, 200 - bloco 2 sala 310 - Freguesia (Jacarepaguá), Rio de Janeiro - RJ, 22755-002",False,,4.9,
Bodylaser Shopping Tijuca,21) 99626-5126,21) 99626-5126,https://www.instagram.com/bodylaser.shoppingtijuca,,depilação a laser,"Urca - Rio de Janeiro, RJ",Tijuca,"Av. Maracanã, 987 - Tijuca, Rio de Janeiro - RJ, 20511-000",False,https://www.instagram.com/bodylaser.shoppingtijuca/,4.0,
Bea Depil,21) 98999-1715,21) 98999-1715,https://instagram.com/bea_depil?igshid=MDM4ZDc5MmU=,,depilação a laser,"Urca - Rio de Janeiro, RJ",Méier,"R. Dias da Cruz, 148 - sala 404 - Méier, Rio de Janeiro - RJ, 20720-012",False,https://instagram.com/bea_depil?igshid=MDM4ZDc5MmU=,5.0,
FF LOCAÇÕES DE APARELHOS ESTÉTICOS RJ,21) 99576-1251,5521995761251,,,depilação a laser,"Urca - Rio de Janeiro, RJ",Freguesia (Jacarepaguá),"R. Araguaia, 1763 - sala 430 - Freguesia (Jacarepaguá), Rio de Janeiro - RJ, 22760-151",False,,5.0,
Spazio Estetico Grajaú,21) 96665-6124,21) 96665-6124,,,depilação a laser,"Urca - Rio de Janeiro, RJ",Andaraí,"Condomínio do Edif Rei Eduardo - R. Barão de Mesquita, 928 - Andaraí, Rio de Janeiro - RJ, 20540-004",False,,4.9,
Depilação Tijuca Clínica Especializada Depilarty,21) 97162-3572,21) 97162-3572,,,depilação a laser,"Urca - Rio de Janeiro, RJ",Tijuca,"R. Barão de Mesquita, 314 - supla 345 loja N - Tijuca, Rio de Janeiro - RJ, 20540-901",False,,4.9,
Donna Flor Laser & estética,21) 97514-4062,21) 97514-4062,,,depilação a laser,"Urca - Rio de Janeiro, RJ",Todos os Santos,"R. José Bonifácio, 1050 - bl2 sala 1114 - Todos os Santos, Rio de Janeiro - RJ, 20771-310",False,,5.0,
Go Laser Freguesia,21) 98990-0122,21) 98990-0122,,,depilação a laser,"Urca - Rio de Janeiro, RJ",Freguesia (Jacarepaguá),"R. Cmte. Rubens Silva, 292 - Loja F - Freguesia (Jacarepaguá), Rio de Janeiro - RJ, 22745-282",False,,4.9,
Marina Curi Micropigmentação | Harmonização & Estética Facial | Podologia | Botafogo,21) 99602-1017,21) 99602-1017,,,micropigmentação,"Urca - Rio de Janeiro, RJ",Botafogo,"R. Dezenove de Fevereiro, 130 - sala 102 - Botafogo, Rio de Janeiro - RJ, 22280-030",False,,5.0,
Larissa Augusto Beauty - Micropigmentação & Cílios,21) 97968-0780,21) 97968-0780,https://www.instagram.com/invites/contact/?i=dj9ao0ztr8wx&utm_content=4otc1uy,,micropigmentação,"Urca - Rio de Janeiro, RJ",Madureira,"Estr. do Portela - Madureira, Rio de Janeiro - RJ, 21351-051",False,https://www.instagram.com/invites/contact/?i=dj9ao0ztr8wx&utm_content=4otc1uy,4.7,
"Lari Beauty - Cílios, Designer de Sobrancelhas e Micropigmentação- Dom Office",21) 99406-4009,https://api.whatsapp.com/send/?phone=%2B5521994064009&text=Ola%2521%252520Gostaria%252520de%252520agendar%252520um%252520hor%2525C3%2525A1rio%2521%252520&type=phone_number&app_absent=0,https://www.instagram.com/laribeautyofc,,micropigmentação,"Urca - Rio de Janeiro, RJ",Todos os Santos,"Dom Office, R. José Bonifácio, 1050 - Todos os Santos, Rio de Janeiro - RJ, 20770-240",False,https://www.instagram.com/laribeautyofc/,5.0,
Studio Andréa Gonçalves,21) 98645-9057,21) 98645-9057,https://www.instagram.com/studioandreagoncalves/?r=nametag,,micropigmentação,"Urca - Rio de Janeiro, RJ",Madureira,"Centro Empresarial Madureira - R. Soares Caldeira, 142 - sala 803 - Madureira, Rio de Janeiro - RJ, 21351-080",False,https://www.instagram.com/studioandreagoncalves/?r=nametag,5.0,
Espaço Vip Sobrancelhas,21) 99151-4058,21) 99151-4058,https://www.instagram.com/espaco.vip.sobrancelhas,,micropigmentação,"Urca - Rio de Janeiro, RJ",Madureira,"R. Carolina Machado, 560 - sala 521 - Madureira, Rio de Janeiro - RJ, 21351-021",False,https://www.instagram.com/espaco.vip.sobrancelhas/,4.9,
Verônica Nepomuceno (Microblading fio a fio/ micropigmentação).,,,https://www.instagram.com/p/CcNxaXZOJ-C/?igshid=YmMyMTA2M2Y=,,micropigmentação,"Urca - Rio de Janeiro, RJ",Del Castilho,"R. Mirassanta, 01 - 102 - Del Castilho, Rio de Janeiro - RJ, 21051-190",False,https://www.instagram.com/p/CcNxaXZOJ-C/?igshid=YmMyMTA2M2Y=,5.0,
Studio Mariza Gomes - Sobrancelhas / cílios / lábios /micropigmentação,21) 96862-9778,21) 96862-9778,https://www.instagram.com/accounts/studiomariza.gomes,,micropigmentação,"Urca - Rio de Janeiro, RJ",Tomás Coelho,"R. J. J. Cowsert, 134 - Tomás Coelho, Rio de Janeiro - RJ, 21350-450",False,https://www.instagram.com/accounts/studiomariza.gomes,5.0,
Kleta Campos - Micropigmentação e Designer,21) 99563-7092,21) 99563-7092,,,micropigmentação,"Urca - Rio de Janeiro, RJ",Cachambi,"Edifício Dom Offices - R. José Bonifácio, 1050 - Sala 208 - Bloco 1 - Cachambi, Rio de Janeiro - RJ, 20770-240",False,,5.0,
Luiza Campos Studio - Extensão de cílios - Sobrancelhas - Micropigmentação,21) 99535-0399,21) 99535-0399,https://www.instagram.com/luizacampos.studio?igsh=MXU5dDN4YmU4aTU3ag==&utm_source=qr,,micropigmentação,"Urca - Rio de Janeiro, RJ",Estácio,"R. São Cláudio, 06 - Estácio, Rio de Janeiro - RJ, 20250-060",False,https://www.instagram.com/luizacampos.studio?igsh=MXU5dDN4YmU4aTU3ag==&utm_source=qr,5.0,
Micropigmentação de sobrancelhas LARISSI OLIVEIRA,21) 96587-2287,21) 96587-2287,,,micropigmentação,"Urca - Rio de Janeiro, RJ",Rocinha,"Travessa Silva, 04 - sala 104 - Rocinha, Rio de Janeiro - RJ, 22451-630",False,,5.0,
Lash lifting | Brow lamination | Remoção a laser de micropigmentação e tattoo Rio de Janeiro RJ - Renata Machado Beauty,21) 96640-7312,21) 96640-7312,https://www.instagram.com/renatamachadobeauty?igsh=cTQzdDg3NGp5NXl4,,micropigmentação,"Urca - Rio de Janeiro, RJ",Botafogo,"R. Voluntários da Pátria, 190 - sala 722 - Botafogo, Rio de Janeiro - RJ, 22270-902",False,https://www.instagram.com/renatamachadobeauty?igsh=cTQzdDg3NGp5NXl4,5.0,
Ingrid Pires Design e Micropigmentação,,,,,micropigmentação,"Urca - Rio de Janeiro, RJ",Itanhangá,"Estr. do Itanhangá, 1103 - Itanhangá, Rio de Janeiro - RJ, 22753-005",False,,5.0,
Studio Edilane Oliveira | Cílios e Micropigmentação Jacarepaguá,21) 97562-7442,21) 97562-7442,,,micropigmentação,"Urca - Rio de Janeiro, RJ",Cidade de Deus,"Estr. do Gabinal, 2046 - Cidade de Deus, Rio de Janeiro - RJ, 22763-154",False,,5.0,
Face Design -Sobrancelhas / Micropigmentação - Taty Moura,21) 98824-9501,21) 98824-9501,,,micropigmentação,"Urca - Rio de Janeiro, RJ",Leblon,"R. Visc. de Pirajá, 156 - Leblon, Rio de Janeiro - RJ, 22410-000",False,,4.9,
"DUE Beauté | Brow Lamination, Remoção a Laser e Micropigmentação – Barra da Tijuca",21) 98093-3978,21) 98093-3978,https://www.instagram.com/duebeaute,,micropigmentação,"Urca - Rio de Janeiro, RJ",Barra Olímpica,"Centro Metropolitano - R. Luiz Antônio Campos Mello, 2 - Barra Olímpica, Rio de Janeiro - RJ, 22775-024",False,https://www.instagram.com/duebeaute/,5.0,
RoNaturalis - Especialista em Nano Micropigmentação de sobrancelhas,21) 97615-5696,21) 97615-5696,,,micropigmentação,"Urca - Rio de Janeiro, RJ",Pechincha,"R. Imuta, 116 - Pechincha, Rio de Janeiro - RJ, 22770-600",False,,5.0,
Dream Design Arquitetura e Interiores,21) 99473-6966,21) 99473-6966,https://www.instagram.com/dreamdesignarq,,designer de interiores,"Urca - Rio de Janeiro, RJ",Pitangueiras,"R. Flávio José da Costa - Pitangueiras, Rio de Janeiro - RJ, 21930-290",False,https://www.instagram.com/dreamdesignarq/,5.0,
Lindo lar desingne e Decorações,,,https://www.instagram.com/dreamdesignarq,,designer de interiores,"Urca - Rio de Janeiro, RJ",Jardim Olavo Bilac,"R. Batovi - Jardim Olavo Bilac, Duque de Caxias - RJ, 25036-080",False,,1.8,
ENA DESIGN Construções & Reformas,21) 99489-2886,21) 99489-2886,https://www.instagram.com/dreamdesignarq,,designer de interiores,"Urca - Rio de Janeiro, RJ",Gramacho,"Av. República do Paraguai, 475 - Gramacho, Duque de Caxias - RJ, 25050-100",False,,5.0,
Duda Maia Interiores,21) 98370-1395,21) 98370-1395,https://www.instagram.com/dreamdesignarq,,designer de interiores,"Urca - Rio de Janeiro, RJ",Botafogo,"Rua da Passagem, 67 - Botafogo, Rio de Janeiro - RJ, 22290-030",False,https://www.instagram.com/dudamaiainteriores,5.0,
Casa Porto Pedroza,21) 98127-5938,21) 98127-5938,https://www.instagram.com/dreamdesignarq,,designer de interiores,"Urca - Rio de Janeiro, RJ",São Bento,"R. Vitoria, 49 - São Bento, Duque de Caxias - RJ, 25045-030",False,,,
Constru_Cid,21) 96596-8463,21) 96596-8463,https://www.instagram.com/dreamdesignarq,,designer de interiores,"Urca - Rio de Janeiro, RJ",,,False,,,
Jessica Miuxa - Personal Trainer,21) 98232-1237,5521982321237,https://www.instagram.com/diogopimentelpersonal,,personal trainer,"Urca - Rio de Janeiro, RJ",Méier,"R. Dias da Cruz, 255 - Méier, Rio de Janeiro - RJ, 20720-010",False,,5.0,
Diogo Pimentel Personal Trainer,21) 96567-5242,21) 96567-5242,https://www.instagram.com/diogopimentelpersonal,,personal trainer,"Urca - Rio de Janeiro, RJ",RJ,"Vilela Tavares, 40 - Méier, Rio de Janeiro - RJ, 20725-220, Rio de Janeiro - RJ, 20730-260",False,https://www.instagram.com/diogopimentelpersonal/,5.0,
Personal Fight-Muay Thai/Boxe,21) 96488-5682,21) 96488-5682,https://www.instagram.com/diogopimentelpersonal,,personal trainer,"Urca - Rio de Janeiro, RJ",Campinho,"R. Carlos Xavier, 352 - Campinho, Rio de Janeiro - RJ, 21310-000",False,,5.0,
Personal Trainer Carol Brazil,21) 96426-5585,21) 96426-5585,https://www.instagram.com/diogopimentelpersonal,,personal trainer,"Urca - Rio de Janeiro, RJ",Olaria,"R. Bariri, 251 - Olaria, Rio de Janeiro - RJ, 21021-270",False,,5.0,
Academia Fitness & Fisio,21) 99530-0345,21) 99530-0345,https://www.instagram.com/ezequielmello_personal?igsh=bnc3ZjVrempwdjZm&utm_source=qr,,personal trainer,"Urca - Rio de Janeiro, RJ",Urca,"Praça General Tiburcio, 1 - Circulo Militar da Praia Vermelha (setor: - Academia), Praça Gen. Tibúrcio, s/n - Urca, Rio de Janeiro - RJ, 22290-270",False,,4.5,
INSTITUTO CARLA VEIGA,21) 98117-2180,21) 98117-2180,https://www.instagram.com/ezequielmello_personal?igsh=bnc3ZjVrempwdjZm&utm_source=qr,,personal trainer,"Urca - Rio de Janeiro, RJ",Vila da Penha,"Av. Oliveira Belo, 640 - Vila da Penha, Rio de Janeiro - RJ, 21221-300",False,https://instagram.com/institutocarlaveiga?igshid=66uozc1k68ns,4.9,
Personal trainer,21) 96625-8661,21) 96625-8661,https://www.instagram.com/ezequielmello_personal?igsh=bnc3ZjVrempwdjZm&utm_source=qr,,personal trainer,"Urca - Rio de Janeiro, RJ",Realengo,"Rua Major Belfort, 80 - Realengo, Rio de Janeiro - RJ, 21750-510",False,,5.0,
Studio de Personal Trainer JJ,21) 98784-5681,21) 98784-5681,https://www.instagram.com/ben.david.premium.ems,,personal trainer,"Urca - Rio de Janeiro, RJ",Copacabana,"Av. Nossa Sra. de Copacabana, 1063 - Sobreloja 201 - Copacabana, Rio de Janeiro - RJ, 22060-001",False,https://www.instagram.com/jeanjjp,5.0,
Life Fitness Beach Treinamento Funcional,,,https://instagram.com/gustavobassanpreparacaofisica?igshid=1i6rzyhgay38i,,personal trainer,"Urca - Rio de Janeiro, RJ",Flamengo,"Praia do Flamengo - Flamengo, Rio de Janeiro - RJ, 22210-030",False,,5.0,
Larissa Campos Personal Trainer,21) 99457-4488,21) 99457-4488,https://www.instagram.com/ben.david.premium.ems,,personal trainer,"Urca - Rio de Janeiro, RJ",,,False,https://www.instagram.com/trainer_larissacampos?igsh=ZnNzc2c5amV0bDNx,5.0,
Clínica de Cardiologia,,,https://www.instagram.com/cfchapeumangueirababilonia?igsh=b250dWx3bmprbXV5,,consultório,"Urca - Rio de Janeiro, RJ",Urca,"R. Ramon Franco, 66 - Urca, Rio de Janeiro - RJ, 22290-290",False,,4.8,
CLÍNICA CNEM,11) 3456-7890,,,,consultório,"Urca - Rio de Janeiro, RJ",Urca,"Av. Pasteur, 520 - Urca, Rio de Janeiro - RJ, 22290-255",False,,,
Prolar,21) 2546-3500,,,,consultório,"Urca - Rio de Janeiro, RJ",Urca,"Av. Portugal, 54 - Urca, Rio de Janeiro - RJ, 22291-050",False,,2.2,
Boteco Mureta da Urca,21) 2543-1268,,,,consultório,"Urca - Rio de Janeiro, RJ",Urca,"Av. Portugal, 986 - Urca, Rio de Janeiro - RJ, 22291-050",False,,4.3,
Urca Grill,21) 98021-9133,21) 98021-9133,https://www.instagram.com/mentalrio,,consultório,"Urca - Rio de Janeiro, RJ",Urca,"R. Mal. Cantuária, 10 - Urca, Rio de Janeiro - RJ, 22291-060",False,,4.3,
Renata Teixeira,21) 98151-8466,21) 98151-8466,,,consultório,"Urca - Rio de Janeiro, RJ",Urca,"Av. Portugal, 64 - Urca, Rio de Janeiro - RJ, 22291-050",False,,,
"Franco, Talita R",21) 2295-4322,,,,consultório,"Urca - Rio de Janeiro, RJ",Urca,"R. Ramon Franco, 98 - Urca, Rio de Janeiro - RJ, 22290-290",False,,5.0,
Bar e Restaurante Canal 6,21) 3083-6316,,,,consultório,"Urca - Rio de Janeiro, RJ",Urca,"Av. Portugal, 986 - Urca, Rio de Janeiro - RJ, 22291-050",False,,4.4,
Lh Cirurgia do Coração,21) 7846-2534,,,,consultório,"Urca - Rio de Janeiro, RJ",Urca,"R. Ramon Franco, 59 - Urca, Rio de Janeiro - RJ, 22290-290",False,,,
Bellíssima Spa e Estética - Méier,21) 98850-0276,21) 98850-0276,https://instagram.com/bellissimaspaeestetica?igshid=OGQ5ZDc2ODk2ZA==,,clínica de estética,"Méier - Rio de Janeiro, RJ",Méier,"R. Silva Rabêlo, 57 - loja B - Méier, Rio de Janeiro - RJ, 20735-080",False,https://instagram.com/bellissimaspaeestetica?igshid=OGQ5ZDc2ODk2ZA==,4.9,
Estética Amanda Louzeiro - Clinica Estetica Meier,21) 99532-9402,21) 99532-9402,https://www.instagram.com/p/CdohUFVJtQv/?igshid=YmMyMTA2M2Y=,,clínica de estética,"Méier - Rio de Janeiro, RJ",Méier,"R. Manuela Barbosa, 1 - sala 107 - Méier, Rio de Janeiro - RJ, 20735-110",False,https://www.instagram.com/p/CdohUFVJtQv/?igshid=YmMyMTA2M2Y=,4.9,
Clínica de Estética Andreza Martins,21) 98324-4205,21) 98324-4205,https://www.instagram.com/andrezaa_estetica?igsh=ZXd4eHV4ZGhiZmxk&utm_source=qr,,clínica de estética,"Méier - Rio de Janeiro, RJ",Méier,"R. Silva Rabêlo, 43 - Méier, Rio de Janeiro - RJ, 20735-080",False,https://www.instagram.com/andrezaa_estetica?igsh=ZXd4eHV4ZGhiZmxk&utm_source=qr,5.0,
Clinica estética Clara Camargo,21) 98371-1841,21) 98371-1841,https://www.instagram.com/esteticadaclara,,clínica de estética,"Méier - Rio de Janeiro, RJ",Méier,"R. Frederico Méier, 11 - sala 303 - Méier, Rio de Janeiro - RJ, 20780-010",False,https://www.instagram.com/esteticadaclara/,5.0,
Espaço Beauty Diamante - Meier,21) 97939-3328,https://api.whatsapp.com/send?phone=5521979393328&text=Ol%C3%A1%20encontrei%20o%20espa%C3%A7o%20atrav%C3%A9s%20do%20google,,,clínica de estética,"Méier - Rio de Janeiro, RJ",Méier,"R. Dias da Cruz, 185 - sala 207 - Méier, Rio de Janeiro - RJ, 20720-012",False,,4.9,
Espaço Facial Méier - Harmonização Facial,21) 97084-4528,21) 97084-4528,,,clínica de estética,"Méier - Rio de Janeiro, RJ",Méier,"R. Dias da Cruz, 188 - loja 101 - Méier, Rio de Janeiro - RJ, 20720-012",False,,5.0,
Definni Estética e Beleza,21) 97956-5075,21) 97956-5075,,,clínica de estética,"Méier - Rio de Janeiro, RJ",Méier,"R. Manuela Barbosa, 28 - sala 304 - Méier, Rio de Janeiro - RJ, 20735-110",False,,4.7,
Dra. Gisele Mathias - Biomédica Estéta,21) 97960-5011,21) 97960-5011,http://www.instagram.com/dragiselemathias,,clínica de estética,"Méier - Rio de Janeiro, RJ",Méier,"R. Manuela Barbosa, 43 - Sala 304 - Méier, Rio de Janeiro - RJ, 20735-110",False,http://www.instagram.com/dragiselemathias,4.9,
Espaço da Saúde e Beleza,21) 3274-9040,,,,clínica de estética,"Méier - Rio de Janeiro, RJ",Méier,"R. Dias da Cruz, 140 - 406 - Méier, Rio de Janeiro - RJ, 20720-012",False,,5.0,
Clínica Star Bella,21) 99468-7598,21) 99468-7598,,,clínica de estética,"Méier - Rio de Janeiro, RJ",Méier,"R. Arquias Cordeiro, 296 - Sala 103 e 106 - Méier, Rio de Janeiro - RJ, 20770-000",False,,5.0,
Espaço Prime Salão de Festas,21) 97016-0984,21) 97016-0984,https://www.instagram.com/espaco_prime_oficial,,salão premium,"Méier - Rio de Janeiro, RJ",Brás de Pina,"Av. Antenor Navarro, 368 - Brás de Pina, Rio de Janeiro - RJ, 21012-250",False,https://www.instagram.com/espaco_prime_oficial/,4.6,
Prime House,21) 98064-6718,21) 98064-6718,https://www.instagram.com/villapremiumrj,,salão premium,"Méier - Rio de Janeiro, RJ",Bento Ribeiro,"R. Ludgéro Pinho, 366 - Bento Ribeiro, Rio de Janeiro - RJ, 21550-300",False,,4.1,
Espaço Família - Méier,21) 98225-8772,21) 98225-8772,https://www.instagram.com/villapremiumrj,,salão premium,"Méier - Rio de Janeiro, RJ",RJ,"Méier, Rio de Janeiro - RJ, 20735-270",False,https://www.instagram.com/espacofamiliameier/,4.8,
Maison Meyer Beleza e Estética,21) 4137-9589,,https://www.instagram.com/villapremiumrj,,salão premium,"Méier - Rio de Janeiro, RJ",Méier,"R. Cel. Cota, 25 - Méier, Rio de Janeiro - RJ, 20735-280",False,,4.9,
Saloon Festas,21) 97990-8569,21) 97990-8569,https://www.instagram.com/espaco_prime_oficial,,salão premium,"Méier - Rio de Janeiro, RJ",Engenho de Dentro,"R. Dias da Cruz, 716 - Engenho de Dentro, Rio de Janeiro - RJ, 20720-013",False,,4.4,
Salão Premium,21) 96910-8074,21) 96910-8074,https://www.instagram.com/espaco_prime_oficial,,salão premium,"Méier - Rio de Janeiro, RJ",Itanhangá,"Estr. de Jacarepaguá, 5091 - Itanhangá, Rio de Janeiro - RJ, 22753-030",False,,,
Salão Studio 9,21) 2591-0398,,https://www.instagram.com/espaco_prime_oficial,,salão premium,"Méier - Rio de Janeiro, RJ",Méier,"R. Dias da Cruz, 203 - loja 20 e 21 - Méier, Rio de Janeiro - RJ, 20720-010",False,,4.9,
Estúdio Karolayne premium,21) 99998-7733,21) 99998-7733,https://www.instagram.com/espaco_prime_oficial,,salão premium,"Méier - Rio de Janeiro, RJ",Inhaúma,"Rua Antônio Austregésilo, 13 - Inhaúma, Rio de Janeiro - RJ, 21061-300",False,,,
"Jl Festas Méier, Casa, Salão e Espaço para Festas e Eventos RJ",21) 97047-1183,21) 97047-1183,https://www.instagram.com/espaco_prime_oficial,,salão premium,"Méier - Rio de Janeiro, RJ",Engenho de Dentro,"R. Dona Teresa, 37 - Engenho de Dentro, Rio de Janeiro - RJ, 20770-110",False,,4.6,
Espaço Essencial Méier,21) 99860-6957,21) 99860-6957,https://www.instagram.com/espaco_prime_oficial,,salão premium,"Méier - Rio de Janeiro, RJ",Méier,"R. Lucídio Lago, 126 - Loja F - Méier, Rio de Janeiro - RJ, 20780-020",False,https://www.instagram.com/essencialmeier?igsh=MWdxcWN0MXE1dmI3bw==,5.0,
Salão Studio Vip,21) 3649-8543,,https://www.instagram.com/espaco_prime_oficial,,salão premium,"Méier - Rio de Janeiro, RJ",Méier,"Rua Pedro de Carvalho, 580 - Méier, Rio de Janeiro - RJ, 20725-232",False,,4.6,
Frank Coiffeur | Salão de Beleza Méier,21) 98763-6885,5521969759472,https://www.instagram.com/espaco_prime_oficial,,salão premium,"Méier - Rio de Janeiro, RJ",Méier,"R. Dias da Cruz, 496 - Salas 102 e 103 - Méier, Rio de Janeiro - RJ, 20720-013",False,https://instagram.com/salaofrankcoiffeur/,4.9,
Barbearia Corte das Estrelas,21) 97959-1640,21) 97959-1640,,,barbearia premium,"Méier - Rio de Janeiro, RJ",Vila São Luis,"R. Santo Antônio, 340 - Vila São Luis, Duque de Caxias - RJ, 25065-051",False,,4.9,
Dom Barber Shop,21) 96896-0037,21) 96896-0037,https://www.instagram.com/dombarbershopmeier,,barbearia premium,"Méier - Rio de Janeiro, RJ",Méier,"GALERIA DA PASSARELA ( SUBA A ESCADA - RUA: SILVA RABELO, 10 - SOBRELOJA 205 - Méier, Rio de Janeiro - RJ, 20735-080",False,https://www.instagram.com/dombarbershopmeier,4.9,
Barbearia Top One,21) 96951-1582,21) 96951-1582,https://www.instagram.com/barbeariatop_one?igsh=MXY0YmJ4NnJwOHlhNQ%3D%3D&utm_source=qr,,barbearia premium,"Méier - Rio de Janeiro, RJ",Méier,"R. Castro Alves, 97 - Méier, Rio de Janeiro - RJ, 20775-040",False,https://www.instagram.com/barbeariatop_one?igsh=MXY0YmJ4NnJwOHlhNQ%3D%3D&utm_source=qr,4.8,
Barbearia Premium,,,https://www.instagram.com/jldocorte,,barbearia premium,"Méier - Rio de Janeiro, RJ",Taquara,"R. do Caule, 12 - Taquara, Rio de Janeiro - RJ, 22713-582",False,https://www.instagram.com/jldocorte/,4.9,
Barbeiro Online - Unidade Méier Barbearia adulto e infantil,21) 98548-0395,21) 98548-0395,,,barbearia premium,"Méier - Rio de Janeiro, RJ",Méier,"R. Aristides Caire, 213 - loja A - Méier, Rio de Janeiro - RJ, 20775-090",False,,5.0,
Barbudos Carioca (Méier),21) 3529-2550,,https://instagram.com/barbudoscarioca,,barbearia premium,"Méier - Rio de Janeiro, RJ",Méier,"R. Dias da Cruz, 188 - Loja 116 - Méier, Rio de Janeiro - RJ, 20735-090",False,https://instagram.com/barbudoscarioca/,4.9,
Paizim Barbershop,21) 98282-1553,21) 98282-1553,,,barbearia premium,"Méier - Rio de Janeiro, RJ",Engenho Novo,"Rua Sousa Barros, 333 - Engenho Novo, Rio de Janeiro - RJ, 20961-150",False,,5.0,
DENTISTA 24 HORAS ODONTO MÉIER RJ,21) 97655-8287,21) 97655-8287,https://www.instagram.com/odontosarruf,,dentista,"Méier - Rio de Janeiro, RJ",Méier,"R. Dias da Cruz, 111 - sala 203 - Méier, Rio de Janeiro - RJ, 20725-050",False,,3.3,
SA Odontologia Méier,,5521959029177,https://www.instagram.com/odontosarruf,,dentista,"Méier - Rio de Janeiro, RJ",Méier,"R. Dias da Cruz, 188 - loja 203 - Méier, Rio de Janeiro - RJ, 20720-900",False,,4.7,
OMM Odontologia Dr. Marcello Martinelli,21) 3272-9458,,https://www.instagram.com/odontosarruf,,dentista,"Méier - Rio de Janeiro, RJ",Méier,"R. Dias da Cruz, 358 - Méier, Rio de Janeiro - RJ, 20720-012",False,,4.6,
Sorrisos A2,,https://api.whatsapp.com/send?phone=5521964285736,https://www.instagram.com/odontosarruf,,dentista,"Méier - Rio de Janeiro, RJ",Méier,"R. Dias da Cruz, n°215 - Sala 208 - Méier, Rio de Janeiro - RJ, 20720-012",False,,5.0,
Lap Odontologia,21) 2274-0123,,https://www.instagram.com/odontosarruf,,dentista,"Méier - Rio de Janeiro, RJ",Méier,"R. Dias da Cruz, 188 - Loja 224 - Méier, Rio de Janeiro - RJ, 20720-012",False,https://www.instagram.com/lapodontologia/,4.7,2
Clínica Vital Méier,21) 99755-9903,5521996378399,https://www.instagram.com/clinicavitalmeier/?hl=pt,,psicólogo,"Méier - Rio de Janeiro, RJ",Méier,"Rua Hemengarda, 60 - salas 401 e 402 - Méier, Rio de Janeiro - RJ, 20710-010",False,https://www.instagram.com/clinicavitalmeier/?hl=pt,5.0,
Lucélia Paiva Psicóloga Humanista Méier,21) 97582-5057,5521996378399,https://www.instagram.com/clinicavitalmeier/?hl=pt,,psicólogo,"Méier - Rio de Janeiro, RJ",Méier,"R. Dias da Cruz, 148 - sala 204 - Méier, Rio de Janeiro - RJ, 20720-013",False,,5.0,
Psicóloga Fernanda Freitas,21) 97356-6631,5521996378399,https://www.instagram.com/clinicavitalmeier/?hl=pt,,psicólogo,"Méier - Rio de Janeiro, RJ",Méier,"R. Visc. de Tocantins - Méier, Rio de Janeiro - RJ, 20775-070",False,https://instagram.com/psi.fernandafreitas?igshid=YmMyMTA2M2Y=,5.0,
Amanda Coutinho psicologia,21) 97925-5465,5521996378399,https://www.instagram.com/clinicavitalmeier/?hl=pt,,psicólogo,"Méier - Rio de Janeiro, RJ",Méier,"R. Dias da Cruz, 148 - Méier, Rio de Janeiro - RJ, 20720-012",False,https://www.instagram.com/psi.amandacoutinho?igsh=MXdkYzgyNTRxbTNhbw==,5.0,
Psicóloga Elisangela Silveira,21) 97276-4347,5521996378399,https://www.instagram.com/clinicavitalmeier/?hl=pt,,psicólogo,"Méier - Rio de Janeiro, RJ",Méier,"R. Dias da Cruz, 148 - Méier, Rio de Janeiro - RJ, 20720-012",False,https://www.instagram.com/psicologaelisangelasilveira/,5.0,
Psicóloga Livia Siqueira – TCC e Acolhimento,21) 98204-3824,5521996378399,https://www.instagram.com/clinicavitalmeier/?hl=pt,,psicólogo,"Méier - Rio de Janeiro, RJ",meier,"Rua Dias da Cruz 147, Estr. dos Três Rios, 741 - meier, Rio de Janeiro - RJ, 20720-010",False,,5.0,
Aline Barreto Psicóloga - CRP 05/44933,21) 98145-4105,5521996378399,https://www.instagram.com/clinicavitalmeier/?hl=pt,,psicólogo,"Méier - Rio de Janeiro, RJ",Méier,"R. Dr. Pache de Faria, 21 - sala 508 - Méier, Rio de Janeiro - RJ, 20710-020",False,,5.0,
Karem Ferrão Nutricionista,21) 99272-4238,21) 99272-4238,https://www.instagram.com/glauciabastosnutri?igsh=YTk2bnFzN3RpcTh5,,nutricionista,"Méier - Rio de Janeiro, RJ",Méier,"R. Manuela Barbosa, 39 - Sala 407 - Méier, Rio de Janeiro - RJ, 20735-110",False,,5.0,
Glaucia Bastos Nutrição e Saúde Integrada,21) 99183-4342,21) 99183-4342,https://www.instagram.com/glauciabastosnutri?igsh=YTk2bnFzN3RpcTh5,,nutricionista,"Méier - Rio de Janeiro, RJ",Méier,"R. Silva Rabêlo, 43 - Méier, Rio de Janeiro - RJ, 20735-080",False,https://www.instagram.com/glauciabastosnutri?igsh=YTk2bnFzN3RpcTh5,5.0,
Nutricionista Larissa Guimarães,21) 99852-9759,https://api.whatsapp.com/send?phone=5521998529759,https://www.instagram.com/glauciabastosnutri?igsh=YTk2bnFzN3RpcTh5,,nutricionista,"Méier - Rio de Janeiro, RJ",Méier,"R. Silva Rabêlo, 43 - Méier, Rio de Janeiro - RJ, 20735-080",False,http://instagram.com/nutrilarissag,5.0,
Nutricionista Louise Gomes,21) 97879-3994,21) 97879-3994,https://www.instagram.com/glauciabastosnutri?igsh=YTk2bnFzN3RpcTh5,,nutricionista,"Méier - Rio de Janeiro, RJ",Méier,"R. Dias da Cruz, 28 - sala 402 - Méier, Rio de Janeiro - RJ, 20720-012",False,https://www.instagram.com/nutri_louisegomes/profilecard/?igsh=MXdhdXY0aDNpM2k2OA==,5.0,
Nutricionista no Meier - Patrícia Florisbal - Emagrecimento - Saúde da Mulher.,21) 97527-3670,21) 97527-3670,https://www.instagram.com/glauciabastosnutri?igsh=YTk2bnFzN3RpcTh5,,nutricionista,"Méier - Rio de Janeiro, RJ",Méier,"R. Dias da Cruz, 148 - Méier, Rio de Janeiro - RJ, 20720-012",False,,5.0,
Nutrindo Vidas - Clínica Multidisciplinar no Méier,21) 4132-4198,,https://www.instagram.com/glauciabastosnutri?igsh=YTk2bnFzN3RpcTh5,,nutricionista,"Méier - Rio de Janeiro, RJ",Méier,"R. Dias da Cruz, 155 - cobertura 2 - Méier, Rio de Janeiro - RJ, 20720-010",False,,4.9,
Nutricionista Méier,21) 98182-3819,21) 98182-3819,https://www.instagram.com/glauciabastosnutri?igsh=YTk2bnFzN3RpcTh5,,nutricionista,"Méier - Rio de Janeiro, RJ",Méier,"R. Lucídio Lago, 232 - sala 309 - Méier, Rio de Janeiro - RJ, 20780-020",False,,5.0,
Fisioterapia para todos,21) 97951-6239,21) 97951-6239,https://instagram.com/drajutheodoro?igshid=YmMyMTA2M2Y=,,fisioterapeuta,"Méier - Rio de Janeiro, RJ",Méier,"Rua : Hermengarda, 477 - sala 102 - Méier, Rio de Janeiro - RJ, 20710-010",False,,5.0,
"Dra. Cynthia Batista, Fisioterapeuta Cervicocraniomandibular",21) 98082-1333,21) 98082-1333,https://instagram.com/drajutheodoro?igshid=YmMyMTA2M2Y=,,fisioterapeuta,"Méier - Rio de Janeiro, RJ",Méier,"Edifício Méier Business Center - R. Silva Rabêlo, 43 - Méier, Rio de Janeiro - RJ, 20735-080",False,,5.0,
Fisio Move Méier,21) 97100-7397,21) 97100-7397,https://instagram.com/drajutheodoro?igshid=YmMyMTA2M2Y=,,fisioterapeuta,"Méier - Rio de Janeiro, RJ",Méier,"R. Medina, 127 - Sala 805 e 807 - Méier, Rio de Janeiro - RJ, 20735-130",False,,4.9,
Estúdio Claudia Azevedo Fisioterapia,21) 99299-0704,21) 99299-0704,https://instagram.com/drajutheodoro?igshid=YmMyMTA2M2Y=,,fisioterapeuta,"Méier - Rio de Janeiro, RJ",Méier,"R. Arquias Cordeiro, 324 - Sala 510 - Méier, Rio de Janeiro - RJ, 20770-000",False,,5.0,
MOVA+ Fisioterapia e Reabilitação | Méier,21) 99552-5532,21) 99552-5532,https://instagram.com/drajutheodoro?igshid=YmMyMTA2M2Y=,,fisioterapeuta,"Méier - Rio de Janeiro, RJ",Méier,"R. Silva Rabêlo, 18 - sala 204 - Méier, Rio de Janeiro - RJ, 20735-080",False,,5.0,
Clínica de Fisioterapia RMP & Vitalife- Méier,21) 3273-3532,,https://instagram.com/drajutheodoro?igshid=YmMyMTA2M2Y=,,fisioterapeuta,"Méier - Rio de Janeiro, RJ",Méier,"R. Manuela Barbosa, 50 - Méier, Rio de Janeiro - RJ, 20735-110",False,,3.4,
Fisioterapia e Acupuntura Reabilitar Medina,21) 3190-3575,,https://instagram.com/drajutheodoro?igshid=YmMyMTA2M2Y=,,fisioterapeuta,"Méier - Rio de Janeiro, RJ",Méier,"R. Medina, 127 - sala 303 - Méier, Rio de Janeiro - RJ, 20735-130",False,,4.4,
Consultório Dra Juliana Theodoro - Fisioterapia - Pilates - Estética Avançada,21) 99717-0215,5521997170215,https://instagram.com/drajutheodoro?igshid=YmMyMTA2M2Y=,,fisioterapeuta,"Méier - Rio de Janeiro, RJ",Méier,"R. Dias da Cruz, 445 - Sala 305 - Méier, Rio de Janeiro - RJ, 20710-020",False,https://instagram.com/drajutheodoro?igshid=YmMyMTA2M2Y=,5.0,
Viver Bem Pilates,21) 99942-7331,21) 99942-7331,,,pilates,"Méier - Rio de Janeiro, RJ",Méier,"R. Manuela Barbosa, 1 - Sala 302 - Méier, Rio de Janeiro - RJ, 20735-110",False,,5.0,
INSTITUTO CARLA VEIGA,21) 98117-2180,21) 98117-2180,https://instagram.com/institutocarlaveiga?igshid=66uozc1k68ns,,pilates,"Méier - Rio de Janeiro, RJ",Vila da Penha,"Av. Oliveira Belo, 640 - Vila da Penha, Rio de Janeiro - RJ, 21221-300",False,https://instagram.com/institutocarlaveiga?igshid=66uozc1k68ns,4.9,
Pilates Club,21) 99009-4329,https://api.whatsapp.com/send?phone=5521998947807&text=Pilates%20Club,,,pilates,"Méier - Rio de Janeiro, RJ",Vila da Penha,"Av. Vicente de Carvalho, 909 - sala 529 - Vila da Penha, Rio de Janeiro - RJ, 21210-623",False,,5.0,
Chrystine Fernandes - Pilates & Bem Estar | Méier - RJ,21) 97766-4114,21) 97766-4114,http://instagram.com/chrystinefernandes_pilates,,pilates,"Méier - Rio de Janeiro, RJ",Méier,"R. Dias da Cruz, 421 - sala 209 - Méier, Rio de Janeiro - RJ, 20720-012",False,http://instagram.com/chrystinefernandes_pilates,5.0,
Espaço Seja Luz Estúdio de Pilates,21) 99749-7024,21) 99749-7024,,,pilates,"Méier - Rio de Janeiro, RJ",Méier,"R. Dias da Cruz, 28 - 5o andar - Méier, Rio de Janeiro - RJ, 20720-012",False,,5.0,
Bioequilíbrio Pilates,21) 96545-6746,21) 96545-6746,,,pilates,"Méier - Rio de Janeiro, RJ",Méier,"R. Dias da Cruz, n° 215 - salas 504 e 505 - Méier, Rio de Janeiro - RJ, 20720-010",False,,5.0,
Caminho Suave Pilates,21) 97370-9548,21) 97370-9548,,,pilates,"Méier - Rio de Janeiro, RJ",Méier,"Estudio, R. Silva Rabêlo, 43 - sl 509 - Méier, Rio de Janeiro - RJ, 20725-050",False,,5.0,
Studio Mahalo Pilates,21) 96514-7849,21) 96514-7849,,,pilates,"Méier - Rio de Janeiro, RJ",Méier,"R. Lucídio Lago, 126 - Sala 512 - Méier, Rio de Janeiro - RJ, 20780-020",False,,5.0,
Mais Pilates e Terapias Alternativas,21) 96513-3113,21) 96513-3113,,,pilates,"Méier - Rio de Janeiro, RJ",Méier,"R. Manuela Barbosa, 1 - sala 307 - Méier, Rio de Janeiro - RJ, 20735-110",False,,5.0,
Mais Saúde Mais Vida - Pilates,21) 98131-8548,21) 98131-8548,https://www.instagram.com/maissaudemaisvida,,pilates,"Méier - Rio de Janeiro, RJ",Méier,"R. Dias da Cruz, 147 - Sala 501 - Méier, Rio de Janeiro - RJ, 20720-010",False,https://www.instagram.com/maissaudemaisvida/,4.9,
"Espaço P2 - Pilates, Fisioterapia e Osteopatia Pediátrica",21) 98115-9031,21) 98115-9031,https://www.instagram.com/prifisio2?igsh=MW0xZjlqaXh4dXVzaw==,,pilates,"Méier - Rio de Janeiro, RJ",Méier,"R. Dias da Cruz, 556 - sala 202 - Méier, Rio de Janeiro - RJ, 20720-013",False,https://www.instagram.com/prifisio2?igsh=MW0xZjlqaXh4dXVzaw==,4.9,
Vision Pilates,21) 3174-0335,,,,pilates,"Méier - Rio de Janeiro, RJ",Méier,"R. Dias da Cruz, 215 - sala 706 - Méier, Rio de Janeiro - RJ, 20720-010",False,,4.9,
VOR FITNESS STUDIO BOUTIQUE,21) 97067-4517,21) 97067-4517,,,academia boutique,"Méier - Rio de Janeiro, RJ",Méier,"GALERIA DO IMPERATOR - R. Dias da Cruz, 170 - Loja D - Méier, Rio de Janeiro - RJ, 20720-012",False,,5.0,
ML FIT,21) 99971-2414,21) 99971-2414,,,academia boutique,"Méier - Rio de Janeiro, RJ",Méier,"Academia Xtreme - R. Venceslau, 286 - Méier, Rio de Janeiro - RJ, 20735-110",False,,5.0,
RA Aquafitness,21) 97934-4532,21) 97934-4532,,,academia boutique,"Méier - Rio de Janeiro, RJ",Méier,"R. Maranhão, 191 - Méier, Rio de Janeiro - RJ, 20720-230",False,,4.6,
Chrystine Fernandes - Pilates & Bem Estar | Méier - RJ,21) 97766-4114,21) 97766-4114,http://instagram.com/chrystinefernandes_pilates,,academia boutique,"Méier - Rio de Janeiro, RJ",Méier,"R. Dias da Cruz, 421 - sala 209 - Méier, Rio de Janeiro - RJ, 20720-012",False,http://instagram.com/chrystinefernandes_pilates,5.0,
Castelo Fit - Fitness e Praia,21) 99961-7291,21) 99961-7291,,,academia boutique,"Méier - Rio de Janeiro, RJ",Méier,"Shopping do Méier - Rua Dias da Cruz 225 - Loja 221, 2º andar - Méier, Rio de Janeiro - RJ, 20720-010",False,,5.0,
Oxygen Gym,21) 98895-4849,21) 98895-4849,,,academia boutique,"Méier - Rio de Janeiro, RJ",Méier,"R. Manuela Barbosa - Méier, Rio de Janeiro - RJ, 20735-110",False,,4.6,
Academia Espaço Fitness,21) 96475-7265,21) 96475-7265,,,academia boutique,"Méier - Rio de Janeiro, RJ",Méier,"R. Castro Alves, 79 - LJ A - Méier, Rio de Janeiro - RJ, 20775-040",False,,4.6,
Gueto Boxe - Méier,21) 98215-2006,21) 98215-2006,,,academia boutique,"Méier - Rio de Janeiro, RJ",Méier,"R. Itobi, 10 - Méier, Rio de Janeiro - RJ, 20720-020",False,,5.0,
Anawat Fitness,21) 98081-4241,21) 98081-4241,,,academia boutique,"Méier - Rio de Janeiro, RJ",Méier,"Box 31, Av. Amaro Cavalcanti, 157 - Méier, Rio de Janeiro - RJ, 20735-040",False,,4.7,
@Sou_Designeer | Joyce Lopes – Designer de Sobrancelhas,21) 97042-5917,21) 97042-5917,https://www.instagram.com/sou_designeer,,studio de sobrancelha,"Méier - Rio de Janeiro, RJ",Méier,"R. Dias da Cruz - Méier, Rio de Janeiro - RJ, 20720-011",False,https://www.instagram.com/sou_designeer/,5.0,
Andréia Oliveira Studio Design de Sobrancelhas Lash lifting Brow lamination Micropigmentação Cursos,21) 99625-3252,21) 99625-3252,https://instagram.com/andreiaoliveirastudio?igshid=YmMyMTA2M2Y=,,studio de sobrancelha,"Méier - Rio de Janeiro, RJ",Méier,"R. Oldegard Sapucáia, 03 - sala 301 - Méier, Rio de Janeiro - RJ, 20710-005",False,https://instagram.com/andreiaoliveirastudio?igshid=YmMyMTA2M2Y=,5.0,
Espaço Beauty Diamante - Meier,21) 97939-3328,https://api.whatsapp.com/send?phone=5521979393328&text=Ol%C3%A1%20encontrei%20o%20espa%C3%A7o%20atrav%C3%A9s%20do%20google,,,studio de sobrancelha,"Méier - Rio de Janeiro, RJ",Méier,"R. Dias da Cruz, 185 - sala 207 - Méier, Rio de Janeiro - RJ, 20720-012",False,,4.9,
Studio Rafaela Melo,21) 97883-3533,21) 97883-3533,https://instagram.com/studiorafaellamelo?igshid=YWJhMjlhZTc=,,studio de sobrancelha,"Méier - Rio de Janeiro, RJ",Méier,"R. Constança Barbosa, 212 - Méier, Rio de Janeiro - RJ, 20735-090",False,https://instagram.com/studiorafaellamelo?igshid=YWJhMjlhZTc=,4.8,
"Espaço Camilly Vicente - Cílios, Sobrancelhas e Estética Facial",21) 95936-7045,21) 95936-7045,https://instagram.com/espacocamillyvicente?igshid=MzRlODBiNWFlZA==,,studio de sobrancelha,"Méier - Rio de Janeiro, RJ",Piedade,"R. da Capela, 486 - Piedade, Rio de Janeiro - RJ, 20740-310",False,https://instagram.com/espacocamillyvicente?igshid=MzRlODBiNWFlZA==,5.0,
"Lari Beauty - Cílios, Designer de Sobrancelhas e Micropigmentação- Dom Office",21) 99406-4009,https://api.whatsapp.com/send/?phone=%2B5521994064009&text=Ola%2521%252520Gostaria%252520de%252520agendar%252520um%252520hor%2525C3%2525A1rio%2521%252520&type=phone_number&app_absent=0,https://www.instagram.com/laribeautyofc,,studio de sobrancelha,"Méier - Rio de Janeiro, RJ",Todos os Santos,"Dom Office, R. José Bonifácio, 1050 - Todos os Santos, Rio de Janeiro - RJ, 20770-240",False,https://www.instagram.com/laribeautyofc/,5.0,
"Carolina Castelo Lash & Makeup - Cílios, Maquiagem e Sobrancelhas.",21) 97900-1664,21) 97900-1664,https://instagram.com/carolinacastelolashmakeup?igshid=YmMyMTA2M2Y=,,studio de sobrancelha,"Méier - Rio de Janeiro, RJ",Cachambi,"R. Frederico Méier, 19 - Cachambi, Rio de Janeiro - RJ, 20785-000",False,https://instagram.com/carolinacastelolashmakeup?igshid=YmMyMTA2M2Y=,4.9,
Studio Andressa Porto,21) 99861-0089,21) 99861-0089,,,studio de sobrancelha,"Méier - Rio de Janeiro, RJ",Méier,"R. Joaquina Rosa, 274 - Méier, Rio de Janeiro - RJ, 20710-080",False,,5.0,
Renata Santos studio beauty,21) 96948-1778,21) 96948-1778,https://www.instagram.com/renatasantosrsbeauty?igsh=MXkwdTg2OTZzc2pxdg==,,studio de sobrancelha,"Méier - Rio de Janeiro, RJ",Méier,"R. Silva Rabêlo, 43 - Sala 905 - Méier, Rio de Janeiro - RJ, 20735-080",False,https://www.instagram.com/renatasantosrsbeauty?igsh=MXkwdTg2OTZzc2pxdg==,5.0,
Cílios e Brow Lamination Piedade - Studio Thamyres Soares,21) 97719-6700,21) 97719-6700,https://www.instagram.com/studiothamyressoares?igsh=MTl4NDQzaTUxZXZuMA%3D%3D&utm_source=qr,,studio de sobrancelha,"Méier - Rio de Janeiro, RJ",Méier,"R. Dias da Cruz, 163 - Méier, Rio de Janeiro - RJ, 20720-012",False,https://www.instagram.com/studiothamyressoares?igsh=MTl4NDQzaTUxZXZuMA%3D%3D&utm_source=qr,5.0,
"Gi Maquiagem, Penteado, sobrancelha, cílios e corte de cabelo.",21) 97937-4274,21) 97937-4274,https://www.instagram.com/giselesantosmaquiagem?igsh=MXRpdzZkeXZiNXlkbg%3D%3D&utm_source=qr,,studio de sobrancelha,"Méier - Rio de Janeiro, RJ",Méier,"R. Dias da Cruz, 50 - Méier, Rio de Janeiro - RJ, 20720-011",False,https://www.instagram.com/giselesantosmaquiagem?igsh=MXRpdzZkeXZiNXlkbg%3D%3D&utm_source=qr,5.0,
STUDIO KI BEAUTY,21) 98522-6069,21) 98522-6069,,,studio de sobrancelha,"Méier - Rio de Janeiro, RJ",Méier,"R. Medina, 127 - Méier, Rio de Janeiro - RJ, 20735-130",False,,5.0,
Curso de Designer em Sobrancelha Diamante Renata Cordeiro,21) 98018-6347,21) 98018-6347,,,studio de sobrancelha,"Méier - Rio de Janeiro, RJ",Méier,"R. Dias da Cruz, 28 - Méier, Rio de Janeiro - RJ, 20720-010",False,,4.9,
Studio das luas,21) 97907-3448,21) 97907-3448,,,studio de sobrancelha,"Méier - Rio de Janeiro, RJ",Méier,"R. Dias da Cruz, 881 - Méier, Rio de Janeiro - RJ, 20720-011",False,,4.9,
studio soninha de paula,21) 96815-2484,21) 96815-2484,https://www.instagram.com/studiosoninha.depaula,,studio de sobrancelha,"Méier - Rio de Janeiro, RJ",Méier,"R. Dias da Cruz, 638 - Méier, Rio de Janeiro - RJ, 20720-011",False,https://www.instagram.com/studiosoninha.depaula/,5.0,
Marylier studio de beleza,21) 97395-5656,21) 97395-5656,,,studio de sobrancelha,"Méier - Rio de Janeiro, RJ",Méier,"R. Manuela Barbosa, 39 - Méier, Rio de Janeiro - RJ, 20735-110",False,,4.6,
Cílios Paula Vieira Lash,21) 98369-0759,21) 98369-0759,,,studio de cílios,"Méier - Rio de Janeiro, RJ",Méier,"R. Dias da Cruz, 147 - sala 602 - Méier, Rio de Janeiro - RJ, 20720-010",False,,5.0,
Studio Mariza Gomes - Sobrancelhas / cílios / lábios /micropigmentação,21) 96862-9778,21) 96862-9778,https://www.instagram.com/accounts/studiomariza.gomes,,studio de cílios,"Méier - Rio de Janeiro, RJ",Tomás Coelho,"R. J. J. Cowsert, 134 - Tomás Coelho, Rio de Janeiro - RJ, 21350-450",False,https://www.instagram.com/accounts/studiomariza.gomes,5.0,
"Carolina Castelo Lash & Makeup - Cílios, Maquiagem e Sobrancelhas.",21) 97900-1664,21) 97900-1664,https://instagram.com/carolinacastelolashmakeup?igshid=YmMyMTA2M2Y=,,studio de cílios,"Méier - Rio de Janeiro, RJ",Cachambi,"R. Frederico Méier, 19 - Cachambi, Rio de Janeiro - RJ, 20785-000",False,https://instagram.com/carolinacastelolashmakeup?igshid=YmMyMTA2M2Y=,4.9,
Estúdio Marinho,21) 96958-0811,21) 96958-0811,https://www.instagram.com/estudiomarinho?igsh=dW1laWhjNmhqOGtr&utm_source=qr,,studio de cílios,"Méier - Rio de Janeiro, RJ",Penha Circular,"Praça Marco Aurélio, 51 - sala 203 - Penha Circular, Rio de Janeiro - RJ, 21221-400",False,https://www.instagram.com/estudiomarinho?igsh=dW1laWhjNmhqOGtr&utm_source=qr,4.9,
"Lari Beauty - Cílios, Designer de Sobrancelhas e Micropigmentação- Dom Office",21) 99406-4009,https://api.whatsapp.com/send/?phone=%2B5521994064009&text=Ola%2521%252520Gostaria%252520de%252520agendar%252520um%252520hor%2525C3%2525A1rio%2521%252520&type=phone_number&app_absent=0,https://www.instagram.com/laribeautyofc,,studio de cílios,"Méier - Rio de Janeiro, RJ",Todos os Santos,"Dom Office, R. José Bonifácio, 1050 - Todos os Santos, Rio de Janeiro - RJ, 20770-240",False,https://www.instagram.com/laribeautyofc/,5.0,
Cilios Méier- Denisy Gomes,21) 96949-4882,21) 96949-4882,https://www.instagram.com/denisylash/profilecard/?igsh=bzRsMW5uanJtNW9v,,studio de cílios,"Méier - Rio de Janeiro, RJ",Méier,"R. Dias da Cruz, 140 - Méier, Rio de Janeiro - RJ, 20720-012",False,https://www.instagram.com/denisylash/profilecard/?igsh=bzRsMW5uanJtNW9v,5.0,
Cílios e Brow Lamination Piedade - Studio Thamyres Soares,21) 97719-6700,21) 97719-6700,https://www.instagram.com/studiothamyressoares?igsh=MTl4NDQzaTUxZXZuMA%3D%3D&utm_source=qr,,studio de cílios,"Méier - Rio de Janeiro, RJ",Méier,"R. Dias da Cruz, 163 - Méier, Rio de Janeiro - RJ, 20720-012",False,https://www.instagram.com/studiothamyressoares?igsh=MTl4NDQzaTUxZXZuMA%3D%3D&utm_source=qr,5.0,
Andréia Oliveira Studio Design de Sobrancelhas Lash lifting Brow lamination Micropigmentação Cursos,21) 99625-3252,21) 99625-3252,https://instagram.com/andreiaoliveirastudio?igshid=YmMyMTA2M2Y=,,studio de cílios,"Méier - Rio de Janeiro, RJ",Méier,"R. Oldegard Sapucáia, 03 - sala 301 - Méier, Rio de Janeiro - RJ, 20710-005",False,https://instagram.com/andreiaoliveirastudio?igshid=YmMyMTA2M2Y=,5.0,
Studio Andressa Porto,21) 99861-0089,21) 99861-0089,,,studio de cílios,"Méier - Rio de Janeiro, RJ",Méier,"R. Joaquina Rosa, 274 - Méier, Rio de Janeiro - RJ, 20710-080",False,,5.0,
Ana Corrêa | Lash Studio,21) 96893-7334,21) 96893-7334,,,studio de cílios,"Méier - Rio de Janeiro, RJ",Méier,"R. Silva Rabêlo - Méier, Rio de Janeiro - RJ, 20735-080",False,,,
"Espaço Camilly Vicente - Cílios, Sobrancelhas e Estética Facial",21) 95936-7045,21) 95936-7045,https://instagram.com/espacocamillyvicente?igshid=MzRlODBiNWFlZA==,,studio de cílios,"Méier - Rio de Janeiro, RJ",Piedade,"R. da Capela, 486 - Piedade, Rio de Janeiro - RJ, 20740-310",False,https://instagram.com/espacocamillyvicente?igshid=MzRlODBiNWFlZA==,5.0,
Cílios Méier - Bruna Bonfim,21) 97434-2572,21) 97434-2572,https://www.instagram.com/ciliosbrubonfim?igsh=MW5pa2t1bTZzbHp3Ng==,,studio de cílios,"Méier - Rio de Janeiro, RJ",Méier,"R. Silva Rabêlo, 43 - sala 511 - Méier, Rio de Janeiro - RJ, 20735-080",False,https://www.instagram.com/ciliosbrubonfim?igsh=MW5pa2t1bTZzbHp3Ng==,,
STUDIO KI BEAUTY,21) 98522-6069,21) 98522-6069,,,studio de cílios,"Méier - Rio de Janeiro, RJ",Méier,"R. Medina, 127 - Méier, Rio de Janeiro - RJ, 20735-130",False,,5.0,
Cílios da Lobo,21) 98142-6251,21) 98142-6251,,,studio de cílios,"Méier - Rio de Janeiro, RJ",Irajá,"Estr. da Água Grande, 242 - sala 102 - Irajá, Rio de Janeiro - RJ, 21230-363",False,,5.0,
Ale Lima Lash,21) 92008-4698,21) 92008-4698,https://www.instagram.com/alelimalash?igsh=N2I3OWtzbjM0c3h6&utm_source=qr,,studio de cílios,"Méier - Rio de Janeiro, RJ",Vista Alegre,"Av. Brás de Pina, 2638 - sala 304 - Vista Alegre, Rio de Janeiro - RJ, 21230-510",False,https://www.instagram.com/alelimalash?igsh=N2I3OWtzbjM0c3h6&utm_source=qr,5.0,
Cílios da Brenda,21) 97647-4010,21) 97647-4010,https://www.instagram.com/ciliosdabrendaa?igsh=dzc3MGE1M3JycnJ6,,studio de cílios,"Méier - Rio de Janeiro, RJ",Honório Gurgel,"R. Ururaí, 761 - Honório Gurgel, Rio de Janeiro - RJ, 21511-000",False,https://www.instagram.com/ciliosdabrendaa?igsh=dzc3MGE1M3JycnJ6,,
Studio Dominique Neves - Extensão de Cílios,21) 99346-3321,21) 99346-3321,,,studio de cílios,"Méier - Rio de Janeiro, RJ",Barros Filho,"Estr. João Paulo, 1420 - sala 203 - Barros Filho, Rio de Janeiro - RJ, 21512-002",False,,5.0,
Mayara Jamila / Alongamento de cílios e design de sobrancelha,21) 98383-8180,5521983838180,https://www.instagram.com/lash_may_jamila/profilecard/?igsh=MTMzaGJwd2YycDJ3cw==,,studio de cílios,"Méier - Rio de Janeiro, RJ",Colégio,"Estr. do Colégio, 1224 - sala 1 - Colégio, Rio de Janeiro - RJ, 21235-280",False,https://www.instagram.com/lash_may_jamila/profilecard/?igsh=MTMzaGJwd2YycDJ3cw==,5.0,
Cílios Paula Vieira Lash,21) 98369-0759,21) 98369-0759,,,lash designer,"Méier - Rio de Janeiro, RJ",Méier,"R. Dias da Cruz, 147 - sala 602 - Méier, Rio de Janeiro - RJ, 20720-010",False,,5.0,
"Lari Beauty - Cílios, Designer de Sobrancelhas e Micropigmentação- Dom Office",21) 99406-4009,https://api.whatsapp.com/send/?phone=%2B5521994064009&text=Ola%2521%252520Gostaria%252520de%252520agendar%252520um%252520hor%2525C3%2525A1rio%2521%252520&type=phone_number&app_absent=0,https://www.instagram.com/laribeautyofc,,lash designer,"Méier - Rio de Janeiro, RJ",Todos os Santos,"Dom Office, R. José Bonifácio, 1050 - Todos os Santos, Rio de Janeiro - RJ, 20770-240",False,https://www.instagram.com/laribeautyofc/,5.0,
Karen lash design,21) 98764-2097,21) 98764-2097,,,lash designer,"Méier - Rio de Janeiro, RJ",Méier,"R. Medina, 150 - Méier, Rio de Janeiro - RJ, 20735-130",False,,5.0,
Andréia Oliveira Studio Design de Sobrancelhas Lash lifting Brow lamination Micropigmentação Cursos,21) 99625-3252,21) 99625-3252,https://instagram.com/andreiaoliveirastudio?igshid=YmMyMTA2M2Y=,,lash designer,"Méier - Rio de Janeiro, RJ",Méier,"R. Oldegard Sapucáia, 03 - sala 301 - Méier, Rio de Janeiro - RJ, 20710-005",False,https://instagram.com/andreiaoliveirastudio?igshid=YmMyMTA2M2Y=,5.0,
"Carolina Castelo Lash & Makeup - Cílios, Maquiagem e Sobrancelhas.",21) 97900-1664,21) 97900-1664,https://instagram.com/carolinacastelolashmakeup?igshid=YmMyMTA2M2Y=,,lash designer,"Méier - Rio de Janeiro, RJ",Cachambi,"R. Frederico Méier, 19 - Cachambi, Rio de Janeiro - RJ, 20785-000",False,https://instagram.com/carolinacastelolashmakeup?igshid=YmMyMTA2M2Y=,4.9,
Studio Carolina Lima Lash Design,21) 97924-3921,21) 97924-3921,https://www.instagram.com/lashcarollima_?igsh=MWI1NGN3OHNtY3k4NQ==&utm_source=qr,,lash designer,"Méier - Rio de Janeiro, RJ",Pilares,"R. Glaziou, 14 - sala 303 - Pilares, Rio de Janeiro - RJ, 20745-120",False,https://www.instagram.com/lashcarollima_?igsh=MWI1NGN3OHNtY3k4NQ==&utm_source=qr,5.0,
Studio Mariza Gomes - Sobrancelhas / cílios / lábios /micropigmentação,21) 96862-9778,21) 96862-9778,https://www.instagram.com/accounts/studiomariza.gomes,,lash designer,"Méier - Rio de Janeiro, RJ",Tomás Coelho,"R. J. J. Cowsert, 134 - Tomás Coelho, Rio de Janeiro - RJ, 21350-450",False,https://www.instagram.com/accounts/studiomariza.gomes,5.0,
Cilios Méier- Denisy Gomes,21) 96949-4882,21) 96949-4882,https://www.instagram.com/denisylash/profilecard/?igsh=bzRsMW5uanJtNW9v,,lash designer,"Méier - Rio de Janeiro, RJ",Méier,"R. Dias da Cruz, 140 - Méier, Rio de Janeiro - RJ, 20720-012",False,https://www.instagram.com/denisylash/profilecard/?igsh=bzRsMW5uanJtNW9v,5.0,
Beatriz Lima - Beauty e Lashes Studio,21) 97550-3114,21) 97550-3114,https://www.instagram.com/beautyllashestudio?igsh=anZxY3htNTg0d2hn,,lash designer,"Méier - Rio de Janeiro, RJ",Pilares,"Av. Dom Hélder Câmara, 6644 - sala 1119 - Pilares, Rio de Janeiro - RJ, 20771-005",False,https://www.instagram.com/beautyllashestudio?igsh=anZxY3htNTg0d2hn,5.0,
Ana Corrêa | Lash Studio,21) 96893-7334,21) 96893-7334,,,lash designer,"Méier - Rio de Janeiro, RJ",Méier,"R. Silva Rabêlo - Méier, Rio de Janeiro - RJ, 20735-080",False,,,
Studio Andressa Porto,21) 99861-0089,21) 99861-0089,,,lash designer,"Méier - Rio de Janeiro, RJ",Méier,"R. Joaquina Rosa, 274 - Méier, Rio de Janeiro - RJ, 20710-080",False,,5.0,
Lash Marcelle Toledo,21) 98303-8758,21) 98303-8758,,,lash designer,"Méier - Rio de Janeiro, RJ",Méier,"R. Arquias Cordeiro, 296 - Méier, Rio de Janeiro - RJ, 20735-110",False,,5.0,
Cílios e Brow Lamination Piedade - Studio Thamyres Soares,21) 97719-6700,21) 97719-6700,https://www.instagram.com/studiothamyressoares?igsh=MTl4NDQzaTUxZXZuMA%3D%3D&utm_source=qr,,lash designer,"Méier - Rio de Janeiro, RJ",Méier,"R. Dias da Cruz, 163 - Méier, Rio de Janeiro - RJ, 20720-012",False,https://www.instagram.com/studiothamyressoares?igsh=MTl4NDQzaTUxZXZuMA%3D%3D&utm_source=qr,5.0,
Vitrine Lash,21) 98045-4273,21) 98045-4273,,,lash designer,"Méier - Rio de Janeiro, RJ",Méier,"R. Dias da Cruz, 421 - sala 206 - Méier, Rio de Janeiro - RJ, 20720-012",False,,5.0,
Jaqueline Bogado Lash Designer,21) 97671-9678,21) 97671-9678,,,lash designer,"Méier - Rio de Janeiro, RJ",Méier,"R. Dias da Cruz, 69 - Sala 305 - Méier, Rio de Janeiro - RJ, 20720-012",False,,5.0,
Studio Rafaela Melo,21) 97883-3533,21) 97883-3533,https://instagram.com/studiorafaellamelo?igshid=YWJhMjlhZTc=,,lash designer,"Méier - Rio de Janeiro, RJ",Méier,"R. Constança Barbosa, 212 - Méier, Rio de Janeiro - RJ, 20735-090",False,https://instagram.com/studiorafaellamelo?igshid=YWJhMjlhZTc=,4.8,
"Espaço Camilly Vicente - Cílios, Sobrancelhas e Estética Facial",21) 95936-7045,21) 95936-7045,https://instagram.com/espacocamillyvicente?igshid=MzRlODBiNWFlZA==,,lash designer,"Méier - Rio de Janeiro, RJ",Piedade,"R. da Capela, 486 - Piedade, Rio de Janeiro - RJ, 20740-310",False,https://instagram.com/espacocamillyvicente?igshid=MzRlODBiNWFlZA==,5.0,
"Deborah Dejaniria Studio - Maquiagem, Penteado e Lash Design",21) 98059-1188,21) 98059-1188,,,lash designer,"Méier - Rio de Janeiro, RJ",Engenho de Dentro,"R. Doutor Bulhões, 569 - Engenho de Dentro, Rio de Janeiro - RJ, 20730-420",False,,5.0,
Studio LASH GLOW,21) 99988-3260,21) 99988-3260,http://instagram.com/studioandressaabreu,,lash designer,"Méier - Rio de Janeiro, RJ",Cachambi,"R. José Bonifácio, 1050 - Cachambi, Rio de Janeiro - RJ, 20770-240",False,http://instagram.com/studioandressaabreu,5.0,
Bellíssima Spa e Estética - Méier,21) 98850-0276,21) 98850-0276,https://instagram.com/bellissimaspaeestetica?igshid=OGQ5ZDc2ODk2ZA==,,spa,"Méier - Rio de Janeiro, RJ",Méier,"R. Silva Rabêlo, 57 - loja B - Méier, Rio de Janeiro - RJ, 20735-080",False,https://instagram.com/bellissimaspaeestetica?igshid=OGQ5ZDc2ODk2ZA==,4.9,
Lady’s Spa Party,21) 97365-9000,21) 97365-9000,,,spa,"Méier - Rio de Janeiro, RJ",Méier,"R. Hermengarda, 60 - Méier, Rio de Janeiro - RJ, 20710-010",False,,4.9,
Evelyn Esthetic Center,21) 99138-0758,21) 99138-0758,https://instagram.com/evelynestheticcenter?igshid=MzRlODBiNWFlZA==,,spa,"Méier - Rio de Janeiro, RJ",Méier,"R. Magalhães Couto, 08 - Sala 202 - Méier, Rio de Janeiro - RJ, 20735-180",False,,4.7,
Espaço Beauty Diamante - Meier,21) 97939-3328,https://api.whatsapp.com/send?phone=5521979393328&text=Ol%C3%A1%20encontrei%20o%20espa%C3%A7o%20atrav%C3%A9s%20do%20google,,,spa,"Méier - Rio de Janeiro, RJ",Méier,"R. Dias da Cruz, 185 - sala 207 - Méier, Rio de Janeiro - RJ, 20720-012",False,,4.9,
Spa Da Beleza SC,21) 2229-3423,,,,spa,"Méier - Rio de Janeiro, RJ",Méier,"Galeria Oxford, R. Dias da Cruz, 188 - loja 219 - Méier, Rio de Janeiro - RJ, 20720-012",False,,4.8,
KZA Gastro bar,21) 99158-1189,21) 99158-1189,http://instagram.com/kzagastrobar,,restaurante,"Méier - Rio de Janeiro, RJ",Méier,"R. Galdino Pímentel, 122 - Méier, Rio de Janeiro - RJ, 20735-260",False,http://instagram.com/kzagastrobar,4.4,
Boteco Rios Méier,21) 2135-6412,,,,restaurante,"Méier - Rio de Janeiro, RJ",Méier,"R. Galdino Pímentel, 177 - Méier, Rio de Janeiro - RJ, 20735-260",False,,4.2,
Restaurante Transa,21) 2592-7100,,,,restaurante,"Méier - Rio de Janeiro, RJ",Méier,"R. Silva Rabêlo, 40 - Loja B - Méier, Rio de Janeiro - RJ, 20735-080",False,,4.4,
Choperia Cometa Express,21) 3798-7000,,,,restaurante,"Méier - Rio de Janeiro, RJ",Méier,"R. Dias da Cruz, 394 - Méier, Rio de Janeiro - RJ, 20720-012",False,,4.6,
Restaurante e Churrascaria Boi Bão do Méier,21) 2289-6592,,https://www.instagram.com/boibaodomeier,,restaurante,"Méier - Rio de Janeiro, RJ",Méier,"R. Lopes da Cruz, 67 - Méier, Rio de Janeiro - RJ, 20720-170",False,https://www.instagram.com/boibaodomeier/,4.4,
Bar e Restaurante Alto Méier,21) 97588-2194,21) 97588-2194,,,restaurante,"Méier - Rio de Janeiro, RJ",Cachambi,"R. Capitao Resende, 403 - Cachambi, Rio de Janeiro - RJ, 20780-190",False,,4.5,
Skinão do Méier,21) 98655-8205,21) 98655-8205,,,restaurante,"Méier - Rio de Janeiro, RJ",Méier,"R. Guaju, n° 5 - Méier, Rio de Janeiro - RJ, 20725-030",False,,4.6,
Ferreirinha Méier,,,,,restaurante,"Méier - Rio de Janeiro, RJ",Méier,"R. Galdino Pímentel - Méier, Rio de Janeiro - RJ, 20735-260",False,,3.8,
Rio's Gourmet Méier,21) 98001-7064,21) 98001-7064,,,restaurante,"Méier - Rio de Janeiro, RJ",Méier,"R. Ana Barbosa, 36 - Méier, Rio de Janeiro - RJ, 20735-120",False,,3.0,
Casa do Rafael Restaurante e Pizzaria,21) 3271-6808,,,,restaurante,"Méier - Rio de Janeiro, RJ",Méier,"R. Dias da Cruz, 791 - Méier, Rio de Janeiro - RJ, 20720-013",False,,4.4,
Bobéier,21) 97098-7135,5521970987135,,,restaurante,"Méier - Rio de Janeiro, RJ",Méier,"R. Cel. Cota, 12 - Méier, Rio de Janeiro - RJ, 20735-280",False,,4.4,
Boteco Boca Miúda,21) 99250-5458,21) 99250-5458,,,restaurante,"Méier - Rio de Janeiro, RJ",Méier,"R. Adriano, 235 - Méier, Rio de Janeiro - RJ, 20735-060",False,,4.6,
BRAZZÔ,,,,,restaurante,"Méier - Rio de Janeiro, RJ",Méier,"R. Cel. Cota, 12 - Méier, Rio de Janeiro - RJ, 20735-280",False,,4.2,
Deu BO,21) 99775-7539,21) 99775-7539,https://www.instagram.com/deu.bo.meier,,restaurante,"Méier - Rio de Janeiro, RJ",Méier,"R. Galdino Pímentel, 95 - Méier, Rio de Janeiro - RJ, 20735-260",False,https://www.instagram.com/deu.bo.meier/,4.1,
Baixo Méier,21) 99200-2208,21) 99200-2208,,,restaurante,"Méier - Rio de Janeiro, RJ",Méier,"R. Ten. Cerqueira Leite, 8 - Méier, Rio de Janeiro - RJ, 20735-070",False,,4.4,
Pousada Maanaim,21) 97915-3378,21) 97915-3378,,,pousada,"Méier - Rio de Janeiro, RJ",Engenho Novo,"R. Gregório Neves, 252 - Engenho Novo, Rio de Janeiro - RJ, 20950-330",False,,4.5,
Méier House,21) 98049-1018,21) 98049-1018,,,pousada,"Méier - Rio de Janeiro, RJ",Lins de Vasconcelos,"R. Lins de Vasconcelos, 246 - 201 - Lins de Vasconcelos, Rio de Janeiro - RJ, 20710-130",False,,4.5,
Méier House,21) 98049-1018,21) 98049-1018,,,hotel boutique,"Méier - Rio de Janeiro, RJ",Lins de Vasconcelos,"R. Lins de Vasconcelos, 246 - 201 - Lins de Vasconcelos, Rio de Janeiro - RJ, 20710-130",False,,4.5,
Espaço Hostel Grajaú,21) 99768-7622,21) 99768-7622,,,hotel boutique,"Méier - Rio de Janeiro, RJ",Grajaú,"R. Meira de Vasconcelos, 221 - Grajaú, Rio de Janeiro - RJ, 20540-310",False,,4.3,
RARO Ipanema Boutique Hotel,21) 97508-1608,21) 97508-1608,,,hotel boutique,"Méier - Rio de Janeiro, RJ",Copacabana,"R. Saint Roman, 222 - Copacabana, Rio de Janeiro - RJ, 22071-060",False,,4.7,
Quartos Prox. Engenhão,97242-4282,,,,hotel boutique,"Méier - Rio de Janeiro, RJ",Engenho de Dentro,"R. Junqueira Freire, 528 - Engenho de Dentro, Rio de Janeiro - RJ, 20770-210",False,,4.0,
Pousada Maanaim,21) 97915-3378,21) 97915-3378,,,hotel boutique,"Méier - Rio de Janeiro, RJ",Engenho Novo,"R. Gregório Neves, 252 - Engenho Novo, Rio de Janeiro - RJ, 20950-330",False,,4.5,
"🔴Dr. Cacegy Rodrigues Advogado | Escritório de Advocacia | Direito Trabalhista, Civil & Família | Méier, Rio de Janeiro - RJ",21) 96475-3189,5521964753189,https://www.instagram.com/cacegyrodrigues.advocacia,,advogado,"Méier - Rio de Janeiro, RJ",Méier,"R. Lucídio Lago, 96 - Sala 412 - Méier, Rio de Janeiro - RJ, 20780-020",False,https://www.instagram.com/cacegyrodrigues.advocacia/,5.0,
Dra. Denise Curi - Advocacia Previdenciária humanizada,21) 97676-3223,21) 97676-3223,https://www.instagram.com/cacegyrodrigues.advocacia,,advogado,"Méier - Rio de Janeiro, RJ",Méier,"R. Lucídio Lago, 91 - Sala 303 - Méier, Rio de Janeiro - RJ, 20780-020",False,,4.9,
Márcio Cardoso Gioia - Advogado,21) 98776-9105,21) 98776-9105,https://www.instagram.com/cacegyrodrigues.advocacia,,advogado,"Méier - Rio de Janeiro, RJ",Méier,"R. Dias da Cruz, 163 - sala 501 - Méier, Rio de Janeiro - RJ, 20720-010",False,,5.0,
Fernando Sant'Anna,21) 97992-7854,21) 97992-7854,https://www.instagram.com/cacegyrodrigues.advocacia,,advogado,"Méier - Rio de Janeiro, RJ",Méier,"R. Santa Fé - Méier, Rio de Janeiro - RJ, 20775-065",False,,5.0,
Advogados Associados Meier,21) 2591-1408,,https://www.instagram.com/cacegyrodrigues.advocacia,,advogado,"Méier - Rio de Janeiro, RJ",Méier,"R. Medina, 52 - Méier, Rio de Janeiro - RJ, 20735-130",False,,4.3,
Janderson Campos - Advogado,21) 99539-7368,21) 99539-7368,https://www.instagram.com/cacegyrodrigues.advocacia,,advogado,"Méier - Rio de Janeiro, RJ",Méier,"R. Dias da Cruz, 185 - Sala 226 - Méier, Rio de Janeiro - RJ, 20720-010",False,,4.9,
tato arquitetura,,,https://www.instagram.com/ror.arquitetura,,arquiteto,"Méier - Rio de Janeiro, RJ",Méier,"R. Vinte e Quatro de Maio - Méier, Rio de Janeiro - RJ, 20725-001",False,,,
Arquiteta Tatiana Marques,21) 98134-6008,21) 98134-6008,https://www.instagram.com/caroldiniz.arq,,arquiteto,"Méier - Rio de Janeiro, RJ",Duque de Caxias,"R. Guilherme da Silva Lopes - Duque de Caxias, RJ, 25035-200",False,,,
Laila Maia Arquitetura,21) 98736-2530,21) 98736-2530,https://www.instagram.com/caroldiniz.arq,,arquiteto,"Méier - Rio de Janeiro, RJ",Engenho de Dentro,"Rua Hélade - Engenho de Dentro, Rio de Janeiro - RJ, 20730-490",False,,5.0,
Carol Diniz Arquitetura,21) 99962-8743,21) 99962-8743,https://www.instagram.com/caroldiniz.arq,,arquiteto,"Méier - Rio de Janeiro, RJ",Todos os Santos,"R. José Bonifácio, 861 - Todos os Santos, Rio de Janeiro - RJ, 20770-240",False,https://www.instagram.com/caroldiniz.arq/,4.9,
ROR ARQUITETURA E CONSTRUÇÃO,21) 98442-1357,21) 98442-1357,https://www.instagram.com/caroldiniz.arq,,arquiteto,"Méier - Rio de Janeiro, RJ",Méier,"R. Dias da Cruz, 28 - Méier, Rio de Janeiro - RJ, 20720-012",False,https://www.instagram.com/ror.arquitetura/,,
Unamê Arquitetura,21) 98863-4650,21) 98863-4650,https://www.instagram.com/caroldiniz.arq,,arquiteto,"Méier - Rio de Janeiro, RJ",Todos os Santos,"R. Elisa de Albuquerque, 158 - Todos os Santos, Rio de Janeiro - RJ, 20770-290",False,,5.0,
"Marcos Boeckel| Arquiteto de Avaliações, Perito e Orçamentista",21) 99108-6879,21) 99108-6879,https://www.instagram.com/caroldiniz.arq,,arquiteto,"Méier - Rio de Janeiro, RJ",Méier,"R. Coração de Maria, 27 - Méier, Rio de Janeiro - RJ, 20775-050",False,https://www.instagram.com/marcos.arquiteto,5.0,
JR Arquitetura,,,https://www.instagram.com/caroldiniz.arq,,arquiteto,"Méier - Rio de Janeiro, RJ",Engenho de Dentro,"Av. Dom Hélder Câmara, 5644 - Engenho de Dentro, Rio de Janeiro - RJ, 20771-001",False,https://instagram.com/jerarquitetura?utm_medium=copy_link,5.0,
Sampaio Arquitetura,21) 99817-2146,21) 99817-2146,https://www.instagram.com/caroldiniz.arq,,arquiteto,"Méier - Rio de Janeiro, RJ",Méier,"R. Aristides Caire, 79 - 705 - Méier, Rio de Janeiro - RJ, 20775-090",False,,,
Arch Progetti- Maquetes Eletrônicas e Arquitetura Digital 3D,21) 99689-4204,21) 99689-4204,https://www.instagram.com/caroldiniz.arq,,arquiteto,"Méier - Rio de Janeiro, RJ",Méier,"R. Coração de Maria, 332 - Méier, Rio de Janeiro - RJ, 20775-050",False,,4.0,
Geliane Brum Fotos,21) 98889-5056,21) 98889-5056,https://www.instagram.com/gelianebrumfotos,,fotógrafo,"Méier - Rio de Janeiro, RJ",Méier,"R. Lucídio Lago, 126 - sala 312 - Méier, Rio de Janeiro - RJ, 20780-020",False,https://www.instagram.com/gelianebrumfotos/,5.0,
Foto Dias da Cruz,21) 2289-3998,,https://www.instagram.com/gelianebrumfotos,,fotógrafo,"Méier - Rio de Janeiro, RJ",Méier,"R. Dias da Cruz, 203 - Loja 25 - Méier, Rio de Janeiro - RJ, 20720-010",False,,4.4,
Gucha Fotos e Presentes - Kodak Méier,21) 3269-5410,552132695410,https://www.instagram.com/gelianebrumfotos,,fotógrafo,"Méier - Rio de Janeiro, RJ",Méier,"R. Manuela Barbosa, 1 - Loja C - Méier, Rio de Janeiro - RJ, 20735-110",False,https://www.instagram.com/gucha_presentescriativos/,4.9,
"Michelle Lima Fotografias - Gestante, newborn e família",21) 96934-1274,21) 96934-1274,https://www.instagram.com/gelianebrumfotos,,fotógrafo,"Méier - Rio de Janeiro, RJ",Méier,"R. Lucídio Lago, 96 - Méier, Rio de Janeiro - RJ, 20780-020",False,,4.9,
Studio Casa da Alice,21) 98062-1755,21) 98062-1755,https://www.instagram.com/gelianebrumfotos,,fotógrafo,"Méier - Rio de Janeiro, RJ",Méier,"R. Souto Carvalho, 27 - Méier, Rio de Janeiro - RJ, 20950-310",False,http://www.instagram.com/studio_casa_da_alice,4.8,
Dryca Sampaio Fotografia,21) 99603-6861,21) 99603-6861,https://www.instagram.com/gelianebrumfotos,,fotógrafo,"Méier - Rio de Janeiro, RJ",Méier,"Rua Pedro de Carvalho, 171 - Méier, Rio de Janeiro - RJ, 20723-230",False,,5.0,
Estudio Méier,21) 98668-3396,21) 98668-3396,https://www.instagram.com/gelianebrumfotos,,fotógrafo,"Méier - Rio de Janeiro, RJ",Méier,"R. Aristides Caire, 90 - Méier, Rio de Janeiro - RJ, 20775-090",False,,4.9,
Eagle Studios,21) 96935-1045,21) 96935-1045,https://www.instagram.com/gelianebrumfotos,,fotógrafo,"Méier - Rio de Janeiro, RJ",Méier,"R. Manuela Barbosa, 43 - Méier, Rio de Janeiro - RJ, 20735-110",False,https://www.instagram.com/eaglestudios_oficial/,5.0,
Visual Click Estúdio Fotográfico e Comunicação Visual - Méier,21) 98101-4911,21) 98101-4911,https://www.instagram.com/gelianebrumfotos,,fotógrafo,"Méier - Rio de Janeiro, RJ",Méier,"R. Frederico Méier, 11 - Méier, Rio de Janeiro - RJ, 20780-010",False,,5.0,
Centro de Ensino Criativo,21) 2281-6671,,https://www.instagram.com/colegiogmtinfantil,,escola,"Méier - Rio de Janeiro, RJ",Méier,"R. Tôrres Sobrinho, 48 - Méier, Rio de Janeiro - RJ, 20780-050",False,,5.0,
C.E. João Cabral de Melo Neto - Hispano Brasileiro,21) 2332-4038,,https://www.instagram.com/colegiogmtinfantil,,escola,"Méier - Rio de Janeiro, RJ",Méier,"R. Venceslau, 225 - Méier, Rio de Janeiro - RJ, 20735-160",False,,,
Escola Parque São José,21) 97026-3795,21) 97026-3795,https://www.instagram.com/colegiogmtinfantil,,escola,"Méier - Rio de Janeiro, RJ",Méier,"R. Adriano, 67 - Méier, Rio de Janeiro - RJ, 20735-060",False,,,
Escola Municipal República do Peru,21) 2334-8862,,https://www.instagram.com/colegiogmtinfantil,,escola,"Méier - Rio de Janeiro, RJ",Méier,"R. Arquias Cordeiro, 508 - Méier, Rio de Janeiro - RJ, 20770-000",False,,,
Escola Municipal Francisco Jobim,21) 3273-3710,,https://www.instagram.com/colegiogmtinfantil,,escola,"Méier - Rio de Janeiro, RJ",Méier,"R. Adriano, 310 - Méier, Rio de Janeiro - RJ, 20735-060",False,,,
C.E. Antonio Houaiss,21) 2333-9504,,https://www.instagram.com/colegiogmtinfantil,,escola,"Méier - Rio de Janeiro, RJ",Méier,"R. Maranhão, 530 - Méier, Rio de Janeiro - RJ, 20720-230",False,,,
Microcamp Méier,21) 98305-0437,21) 98305-0437,https://www.instagram.com/microcamp_meier,,curso livre,"Méier - Rio de Janeiro, RJ",Méier,"R. Vinte e Quatro de Maio, 1355 - Méier, Rio de Janeiro - RJ, 20950-091",False,https://www.instagram.com/microcamp_meier/,4.4,
Evolute Cursos - Méier,21) 2026-5944,,https://www.instagram.com/microcamp_meier,,curso livre,"Méier - Rio de Janeiro, RJ",Méier,"R. Cônego Tobias, 19 - Méier, Rio de Janeiro - RJ, 20725-010",False,,4.8,
Curso Livre de Música Ritmar,21) 98841-9749,21) 98841-9749,https://www.instagram.com/microcamp_meier,,curso livre,"Méier - Rio de Janeiro, RJ",Centro,"R. Ten. José Dias, 513 - sala 401 e 403 - Centro, Duque de Caxias - RJ, 25010-305",False,https://www.instagram.com/cursoritmar/,5.0,
Centro de treinamento Gilberto Dias,21) 96581-9082,21) 96581-9082,https://www.instagram.com/microcamp_meier,,curso livre,"Méier - Rio de Janeiro, RJ",Pilares,"R. Casemiro de Abreu, 176 - Pilares, Rio de Janeiro - RJ, 20750-070",False,https://www.instagram.com/ct_ffv?igsh=Zms5N28xenl3MGF5,5.0,
Livraria Belle Époque Discos e Livros,21) 97625-7600,21) 97625-7600,https://www.instagram.com/microcamp_meier,,curso livre,"Méier - Rio de Janeiro, RJ",Méier,"R. Soares, 50 - loja a - Méier, Rio de Janeiro - RJ, 20780-070",False,,4.9,
Escola de Música Dominante Music Curso Livre,21) 99717-1702,21) 99717-1702,https://www.instagram.com/microcamp_meier,,curso livre,"Méier - Rio de Janeiro, RJ",,,False,,5.0,
Estilo Livre,,,https://www.instagram.com/microcamp_meier,,curso livre,"Méier - Rio de Janeiro, RJ",Engenho do Porto,"Rua Maria Luiza Reis, 440 - Engenho do Porto, Duque de Caxias - RJ, 25015-045",False,,4.2,
MedicMais | Meier - RJ,21) 97325-5895,21) 97325-5895,,,clínica médica,"Méier - Rio de Janeiro, RJ",Méier,"R. Arquias Cordeiro, 294 - Méier, Rio de Janeiro - RJ, 20770-000",False,,4.4,
Centro Municipal de Saúde Cesar Pernetta,21) 3111-6715,,,,clínica médica,"Méier - Rio de Janeiro, RJ",Méier,"R. Ana Barbosa, 21 - Méier, Rio de Janeiro - RJ, 20735-120",False,,3.6,
Clínica Médica Ferreira de Souza,21) 2269-0601,,,,clínica médica,"Méier - Rio de Janeiro, RJ",Méier,"Condomínio do Edifício Perissi - R. Dias da Cruz, 59 - Méier, Rio de Janeiro - RJ, 20720-010",False,,4.4,
Clínica Médica Carmine Fajardo,21) 2596-2567,,,,clínica médica,"Méier - Rio de Janeiro, RJ",Méier,"R. Dias da Cruz, 215 - Méier, Rio de Janeiro - RJ, 20720-010",False,,5.0,
EMAM Clínica Médica,21) 2592-5485,,,,clínica médica,"Méier - Rio de Janeiro, RJ",Méier,"R. Jurunas, 240 - Méier, Rio de Janeiro - RJ, 20730-080",False,,2.5,
Clínica da Família Ltda (particular),21) 2593-0048,,,,clínica médica,"Méier - Rio de Janeiro, RJ",Méier,"R. Silva Rabêlo, 57 - SALA 601 - Méier, Rio de Janeiro - RJ, 20735-080",False,,4.0,
CAPL Centro de Atendimento Popular Méier,21) 2241-0804,,,,clínica médica,"Méier - Rio de Janeiro, RJ",Méier,"R. Santa Fé, 145 - Méier, Rio de Janeiro - RJ, 20775-065",False,,3.9,
Centro Médico Rodoviário Areal,21) 2597-8239,,https://www.instagram.com/clinicavitalmeier/?hl=pt,,clínica médica,"Méier - Rio de Janeiro, RJ",Méier,"R. Bueno de Paiva, 28 - Méier, Rio de Janeiro - RJ, 20720-050",False,,1.7,
Clínica Vital Méier,21) 99755-9903,5521997559903,https://www.instagram.com/clinicavitalmeier/?hl=pt,,clínica médica,"Méier - Rio de Janeiro, RJ",Méier,"Rua Hemengarda, 60 - salas 401 e 402 - Méier, Rio de Janeiro - RJ, 20710-010",False,https://www.instagram.com/clinicavitalmeier/?hl=pt,5.0,
Espaço Facial Méier - Harmonização Facial,21) 97084-4528,21) 97084-4528,,,harmonização facial,"Méier - Rio de Janeiro, RJ",Méier,"R. Dias da Cruz, 188 - loja 101 - Méier, Rio de Janeiro - RJ, 20720-012",False,,5.0,
Estética Amanda Louzeiro - Clinica Estetica Meier,21) 99532-9402,21) 99532-9402,https://www.instagram.com/p/CdohUFVJtQv/?igshid=YmMyMTA2M2Y=,,harmonização facial,"Méier - Rio de Janeiro, RJ",Méier,"R. Manuela Barbosa, 1 - sala 107 - Méier, Rio de Janeiro - RJ, 20735-110",False,https://www.instagram.com/p/CdohUFVJtQv/?igshid=YmMyMTA2M2Y=,4.9,
Clinica estética Clara Camargo,21) 98371-1841,21) 98371-1841,https://www.instagram.com/esteticadaclara,,harmonização facial,"Méier - Rio de Janeiro, RJ",Méier,"R. Frederico Méier, 11 - sala 303 - Méier, Rio de Janeiro - RJ, 20780-010",False,https://www.instagram.com/esteticadaclara/,5.0,
Odonto Facial - Odontologia e Estética Facial,21) 99365-6398,21) 99365-6398,,,harmonização facial,"Méier - Rio de Janeiro, RJ",Méier,"R. Dias da Cruz - Méier, Rio de Janeiro - RJ, 20720-012",False,,5.0,
Dra. Gisele Mathias - Biomédica Estéta,21) 97960-5011,21) 97960-5011,http://www.instagram.com/dragiselemathias,,harmonização facial,"Méier - Rio de Janeiro, RJ",Méier,"R. Manuela Barbosa, 43 - Sala 304 - Méier, Rio de Janeiro - RJ, 20735-110",False,http://www.instagram.com/dragiselemathias,4.9,
Espaço Beauty Diamante - Meier,21) 97939-3328,https://api.whatsapp.com/send?phone=5521979393328&text=Ol%C3%A1%20encontrei%20o%20espa%C3%A7o%20atrav%C3%A9s%20do%20google,,,harmonização facial,"Méier - Rio de Janeiro, RJ",Méier,"R. Dias da Cruz, 185 - sala 207 - Méier, Rio de Janeiro - RJ, 20720-012",False,,4.9,
Harmonização no Méier - Dr. Leonardo Drumond,21) 96948-4065,21) 96948-4065,,,harmonização facial,"Méier - Rio de Janeiro, RJ",Méier,"R. Medina, 192 - Sala 706 - Méier, Rio de Janeiro - RJ, 20735-130",False,,5.0,
Dra. Aline Farias - Preenchimentos Corporal e Facial,21) 97759-7808,21) 97759-7808,https://www.instagram.com/dra.alinefarias?igsh=MTdpaXI3MXZ0bTVxcA==&utm_source=qr,,harmonização facial,"Méier - Rio de Janeiro, RJ",Del Castilho,"Av. Dom Hélder Câmara, 5200 - Del Castilho, Rio de Janeiro - RJ, 20771-000",False,https://www.instagram.com/dra.alinefarias?igsh=MTdpaXI3MXZ0bTVxcA==&utm_source=qr,5.0,
Bellíssima Spa e Estética - Méier,21) 98850-0276,21) 98850-0276,https://instagram.com/bellissimaspaeestetica?igshid=OGQ5ZDc2ODk2ZA==,,harmonização facial,"Méier - Rio de Janeiro, RJ",Méier,"R. Silva Rabêlo, 57 - loja B - Méier, Rio de Janeiro - RJ, 20735-080",False,https://instagram.com/bellissimaspaeestetica?igshid=OGQ5ZDc2ODk2ZA==,4.9,
Harmonizze Clínica de Estética Avançada,21) 99484-1552,21) 99484-1552,,,harmonização facial,"Méier - Rio de Janeiro, RJ",Méier,"R. José Bonifácio, 1050 - sala 609 bloco 1 - Méier, Rio de Janeiro - RJ, 20770-240",False,,4.9,
Laser Fast | Rio de Janeiro/RJ - Méier,21) 98984-6114,21) 98984-6114,,,depilação a laser,"Méier - Rio de Janeiro, RJ",Méier,"Shopping do Méier - R. Dias da Cruz, 255 - Loja 136 - Méier, Rio de Janeiro - RJ, 20720-010",False,,3.8,
Bea Depil,21) 98999-1715,21) 98999-1715,https://instagram.com/bea_depil?igshid=MDM4ZDc5MmU=,,depilação a laser,"Méier - Rio de Janeiro, RJ",Méier,"R. Dias da Cruz, 148 - sala 404 - Méier, Rio de Janeiro - RJ, 20720-012",False,https://instagram.com/bea_depil?igshid=MDM4ZDc5MmU=,5.0,
CL Beauty Méier - Depilação a Laser e Estética Avançada,21) 99747-2488,21) 99747-2488,,,depilação a laser,"Méier - Rio de Janeiro, RJ",Méier,"R. Carolina Meier, 18 - sala 202 - Méier, Rio de Janeiro - RJ, 20780-000",False,,5.0,
"Iolanda Medeiros Limpeza de Pele, Estética Facial e Depilação - Méier",21) 96704-9046,21) 96704-9046,https://www.instagram.com/iolandasaudebeleza?utm_source=ig_web_button_share_sheet&igsh=ZDNlZDc0MzIxNw==,,depilação a laser,"Méier - Rio de Janeiro, RJ",Méier,"R. Dias da Cruz, 215 - sala 407 - Méier, Rio de Janeiro - RJ, 20720-010",False,https://www.instagram.com/iolandasaudebeleza?utm_source=ig_web_button_share_sheet&igsh=ZDNlZDc0MzIxNw==,5.0,
BiosferaLaser,21) 97481-0605,21) 97481-0605,,,depilação a laser,"Méier - Rio de Janeiro, RJ",Méier,"R. Dias da Cruz, 215 - Sala 507 - Méier, Rio de Janeiro - RJ, 20720-010",False,,4.7,
Não + Pêlo,,,,,depilação a laser,"Méier - Rio de Janeiro, RJ",Méier,"R. Hermengarda, 60 - Méier, Rio de Janeiro - RJ, 20710-010",False,,4.9,
Andréia Oliveira Studio Design de Sobrancelhas Lash lifting Brow lamination Micropigmentação Cursos,21) 99625-3252,21) 99625-3252,https://instagram.com/andreiaoliveirastudio?igshid=YmMyMTA2M2Y=,,micropigmentação,"Méier - Rio de Janeiro, RJ",Méier,"R. Oldegard Sapucáia, 03 - sala 301 - Méier, Rio de Janeiro - RJ, 20710-005",False,https://instagram.com/andreiaoliveirastudio?igshid=YmMyMTA2M2Y=,5.0,
Giselle Ribeiro - Designer de sobrancelhas & cursos de sobrancelhas | Limpeza de pele no Méier |Micropigmentação | Depilação,21) 96565-4418,21) 96565-4418,,,micropigmentação,"Méier - Rio de Janeiro, RJ",Méier,"R. Dias da Cruz, 28 - sala 410 - Méier, Rio de Janeiro - RJ, 20720-012",False,,5.0,
Espaço Pigmentar,,,,,micropigmentação,"Méier - Rio de Janeiro, RJ",Méier,"R. Dias da Cruz, 140 - sala 305 - Méier, Rio de Janeiro - RJ, 20720-012",False,,3.9,
Studio Mariza Gomes - Sobrancelhas / cílios / lábios /micropigmentação,21) 96862-9778,21) 96862-9778,https://www.instagram.com/accounts/studiomariza.gomes,,micropigmentação,"Méier - Rio de Janeiro, RJ",Tomás Coelho,"R. J. J. Cowsert, 134 - Tomás Coelho, Rio de Janeiro - RJ, 21350-450",False,https://www.instagram.com/accounts/studiomariza.gomes,5.0,
"Espaço Camilly Vicente - Cílios, Sobrancelhas e Estética Facial",21) 95936-7045,21) 95936-7045,https://instagram.com/espacocamillyvicente?igshid=MzRlODBiNWFlZA==,,micropigmentação,"Méier - Rio de Janeiro, RJ",Piedade,"R. da Capela, 486 - Piedade, Rio de Janeiro - RJ, 20740-310",False,https://instagram.com/espacocamillyvicente?igshid=MzRlODBiNWFlZA==,5.0,
"Lari Beauty - Cílios, Designer de Sobrancelhas e Micropigmentação- Dom Office",21) 99406-4009,https://api.whatsapp.com/send/?phone=%2B5521994064009&text=Ola%2521%252520Gostaria%252520de%252520agendar%252520um%252520hor%2525C3%2525A1rio%2521%252520&type=phone_number&app_absent=0,https://www.instagram.com/laribeautyofc,,micropigmentação,"Méier - Rio de Janeiro, RJ",Todos os Santos,"Dom Office, R. José Bonifácio, 1050 - Todos os Santos, Rio de Janeiro - RJ, 20770-240",False,https://www.instagram.com/laribeautyofc/,5.0,
Nanda Oliveira - Micropigmentação e remoção a laser / Guadalupe- Rj,21) 99446-9573,21) 99446-9573,https://www.instagram.com/nandaolyveiradesigner?igsh=MW5jMGY2bDVqeWRpZw==,,micropigmentação,"Méier - Rio de Janeiro, RJ",Guadalupe,"R. Francisco Bacuri, 496 - Guadalupe, Rio de Janeiro - RJ, 21660-350",False,https://www.instagram.com/nandaolyveiradesigner?igsh=MW5jMGY2bDVqeWRpZw==,5.0,
"Estúdio Iglesias - Estética, micropigmentação e tatuagem Méier",21) 99604-9514,21) 99604-9514,,,micropigmentação,"Méier - Rio de Janeiro, RJ",Méier,"Condomínio do Edifício Mesbla Meier - R. Dias da Cruz, 155 - sala 310 - Méier, Rio de Janeiro - RJ, 20720-010",False,,5.0,
Amanda Lucca Micropigmentação e estética,21) 97114-1997,21) 97114-1997,,,micropigmentação,"Méier - Rio de Janeiro, RJ",Vista Alegre,"Av. Brás de Pina, 1720 - Vista Alegre, Rio de Janeiro - RJ, 21235-603",False,,5.0,
Verônica Nepomuceno (Microblading fio a fio/ micropigmentação).,,,https://www.instagram.com/p/CcNxaXZOJ-C/?igshid=YmMyMTA2M2Y=,,micropigmentação,"Méier - Rio de Janeiro, RJ",Del Castilho,"R. Mirassanta, 01 - 102 - Del Castilho, Rio de Janeiro - RJ, 21051-190",False,https://www.instagram.com/p/CcNxaXZOJ-C/?igshid=YmMyMTA2M2Y=,5.0,
Glaucia Bastos Micropigmentação e Estética,21) 98078-3887,21) 98078-3887,https://www.instagram.com/glauciabastoz,,micropigmentação,"Méier - Rio de Janeiro, RJ",Anchieta,"Av. Chrisóstomo Pimentel de Oliveira, 145 - Anchieta, Rio de Janeiro - RJ, 21645-521",False,https://www.instagram.com/glauciabastoz/,5.0,
Studio Andressa Porto,21) 99861-0089,21) 99861-0089,,,micropigmentação,"Méier - Rio de Janeiro, RJ",Méier,"R. Joaquina Rosa, 274 - Méier, Rio de Janeiro - RJ, 20710-080",False,,5.0,
Elzi Souza Micropigmentação - Design de Sobrancelha - Micropigmentação de Lábios,21) 98280-2651,21) 98280-2651,,,micropigmentação,"Méier - Rio de Janeiro, RJ",Bonsucesso,"Rua Cardoso de Morais, 284 - Bonsucesso, Rio de Janeiro - RJ, 21032-000",False,,5.0,
Flávia Ribeiro | Extensão de cílios - Hidragloss -Micropigmentação de lábios -Limpeza de pele,21) 96401-7477,21) 96401-7477,,,micropigmentação,"Méier - Rio de Janeiro, RJ",RJ,"Estrada padre Roser 42 Sala 1117 Largo do bicão-vila da Penha de, Rio de Janeiro - RJ, 21211-007",False,,5.0,
Renata Santos studio beauty,21) 96948-1778,21) 96948-1778,https://www.instagram.com/renatasantosrsbeauty?igsh=MXkwdTg2OTZzc2pxdg==,,micropigmentação,"Méier - Rio de Janeiro, RJ",Méier,"R. Silva Rabêlo, 43 - Sala 905 - Méier, Rio de Janeiro - RJ, 20735-080",False,https://www.instagram.com/renatasantosrsbeauty?igsh=MXkwdTg2OTZzc2pxdg==,5.0,
ISA.TO Arquitetura + Design de Interiores,21) 96900-1240,21) 96900-1240,https://www.instagram.com/isa.toarquitetura,,designer de interiores,"Méier - Rio de Janeiro, RJ",Parque Duque,"Rua Marechal Floriano, 832 - Apto 102 - Parque Duque, Duque de Caxias - RJ, 25075-025",False,https://www.instagram.com/isa.toarquitetura/,5.0,
Studio Croqui,21) 99719-8709,21) 99719-8709,https://www.instagram.com/isa.toarquitetura,,designer de interiores,"Méier - Rio de Janeiro, RJ",Pilares,"Av. Dom Hélder Câmara - Pilares, Rio de Janeiro - RJ, 20771-002",False,,5.0,
Lindo lar desingne e Decorações,,,https://www.instagram.com/isa.toarquitetura,,designer de interiores,"Méier - Rio de Janeiro, RJ",Jardim Olavo Bilac,"R. Batovi - Jardim Olavo Bilac, Duque de Caxias - RJ, 25036-080",False,,1.8,
ENA DESIGN Construções & Reformas,21) 99489-2886,21) 99489-2886,https://www.instagram.com/isa.toarquitetura,,designer de interiores,"Méier - Rio de Janeiro, RJ",Gramacho,"Av. República do Paraguai, 475 - Gramacho, Duque de Caxias - RJ, 25050-100",False,,5.0,
Meraki Arquitetura e Interiores,21) 98681-3687,21) 98681-3687,https://www.instagram.com/isa.toarquitetura,,designer de interiores,"Méier - Rio de Janeiro, RJ",,,False,https://www.instagram.com/arqimeraki?igsh=NWM2ODAxc25mYWVs,5.0,
Laila Maia Arquitetura,21) 98736-2530,21) 98736-2530,https://www.instagram.com/isa.toarquitetura,,designer de interiores,"Méier - Rio de Janeiro, RJ",Engenho de Dentro,"Rua Hélade - Engenho de Dentro, Rio de Janeiro - RJ, 20730-490",False,,5.0,
Carol Diniz Arquitetura,21) 99962-8743,21) 99962-8743,https://www.instagram.com/isa.toarquitetura,,designer de interiores,"Méier - Rio de Janeiro, RJ",Todos os Santos,"R. José Bonifácio, 861 - Todos os Santos, Rio de Janeiro - RJ, 20770-240",False,https://www.instagram.com/caroldiniz.arq/,4.9,
Casa Design,21) 3276-9003,,https://www.instagram.com/isa.toarquitetura,,designer de interiores,"Méier - Rio de Janeiro, RJ",Méier,"R. Dias da Cruz, 453 - Méier, Rio de Janeiro - RJ, 20720-010",False,,,
Norte Design,21) 3189-6675,,https://www.instagram.com/isa.toarquitetura,,designer de interiores,"Méier - Rio de Janeiro, RJ",Cachambi,"NorteShopping - Estacionamento Pedras Altas G2/G3 - Av. Dom Hélder Câmara, 5474 - Cachambi, Rio de Janeiro - RJ, 20751-003",False,https://www.instagram.com/shoppingnortedesign,4.5,
Studio L'art,21) 2281-4785,,https://www.instagram.com/isa.toarquitetura,,designer de interiores,"Méier - Rio de Janeiro, RJ",Méier,"R. Arquias Cordeiro, 336 - Méier, Rio de Janeiro - RJ, 20780-020",False,,3.4,
Unamê Arquitetura,21) 98863-4650,21) 98863-4650,https://www.instagram.com/isa.toarquitetura,,designer de interiores,"Méier - Rio de Janeiro, RJ",Todos os Santos,"R. Elisa de Albuquerque, 158 - Todos os Santos, Rio de Janeiro - RJ, 20770-290",False,,5.0,
Jessica Miuxa - Personal Trainer,21) 98232-1237,https://api.whatsapp.com/send?phone=5521997273581&text=Ol%C3%A1%20vi%20no%20Google%20e%20quero%20mais%20informa%C3%A7%C3%B5es%20sobre%20a%20Academia%20Xtreme,https://www.instagram.com/diogopimentelpersonal,,personal trainer,"Méier - Rio de Janeiro, RJ",Méier,"R. Dias da Cruz, 255 - Méier, Rio de Janeiro - RJ, 20720-010",False,,5.0,
Pilates Club,21) 99009-4329,https://api.whatsapp.com/send?phone=5521997273581&text=Ol%C3%A1%20vi%20no%20Google%20e%20quero%20mais%20informa%C3%A7%C3%B5es%20sobre%20a%20Academia%20Xtreme,https://www.instagram.com/diogopimentelpersonal,,personal trainer,"Méier - Rio de Janeiro, RJ",Vila da Penha,"Av. Vicente de Carvalho, 909 - sala 529 - Vila da Penha, Rio de Janeiro - RJ, 21210-623",False,,5.0,
VOR FITNESS STUDIO BOUTIQUE,21) 97067-4517,https://api.whatsapp.com/send?phone=5521997273581&text=Ol%C3%A1%20vi%20no%20Google%20e%20quero%20mais%20informa%C3%A7%C3%B5es%20sobre%20a%20Academia%20Xtreme,https://www.instagram.com/diogopimentelpersonal,,personal trainer,"Méier - Rio de Janeiro, RJ",Méier,"GALERIA DO IMPERATOR - R. Dias da Cruz, 170 - Loja D - Méier, Rio de Janeiro - RJ, 20720-012",False,,5.0,
Diogo Pimentel Personal Trainer,21) 96567-5242,https://api.whatsapp.com/send?phone=5521997273581&text=Ol%C3%A1%20vi%20no%20Google%20e%20quero%20mais%20informa%C3%A7%C3%B5es%20sobre%20a%20Academia%20Xtreme,https://www.instagram.com/diogopimentelpersonal,,personal trainer,"Méier - Rio de Janeiro, RJ",RJ,"Vilela Tavares, 40 - Méier, Rio de Janeiro - RJ, 20725-220, Rio de Janeiro - RJ, 20730-260",False,https://www.instagram.com/diogopimentelpersonal/,5.0,
Thiago - Personal Trainer,,https://api.whatsapp.com/send?phone=5521997273581&text=Ol%C3%A1%20vi%20no%20Google%20e%20quero%20mais%20informa%C3%A7%C3%B5es%20sobre%20a%20Academia%20Xtreme,https://www.instagram.com/diogopimentelpersonal,,personal trainer,"Méier - Rio de Janeiro, RJ",Méier,"R. Barão de São Borja, 70 - Méier, Rio de Janeiro - RJ, 20720-300",False,,5.0,
Treino Carioca,21) 96599-2203,https://api.whatsapp.com/send?phone=5521997273581&text=Ol%C3%A1%20vi%20no%20Google%20e%20quero%20mais%20informa%C3%A7%C3%B5es%20sobre%20a%20Academia%20Xtreme,https://www.instagram.com/diogopimentelpersonal,,personal trainer,"Méier - Rio de Janeiro, RJ",Méier,"R. Vilela Tavares, 169 - Méier, Rio de Janeiro - RJ, 20725-220",False,,5.0,
Lucas Barros | Personal Trainer,21) 98057-5691,https://api.whatsapp.com/send?phone=5521997273581&text=Ol%C3%A1%20vi%20no%20Google%20e%20quero%20mais%20informa%C3%A7%C3%B5es%20sobre%20a%20Academia%20Xtreme,https://www.instagram.com/diogopimentelpersonal,,personal trainer,"Méier - Rio de Janeiro, RJ",Méier,"R. Fábio Luz, 275 - Bloco 3 - Méier, Rio de Janeiro - RJ, 20720-350",False,http://instagram.com/lucasbarrospersonal,5.0,
Body&Mind Academia - Studio de Musculação Personalizada,21) 97719-9002,https://api.whatsapp.com/send?phone=5521997273581&text=Ol%C3%A1%20vi%20no%20Google%20e%20quero%20mais%20informa%C3%A7%C3%B5es%20sobre%20a%20Academia%20Xtreme,https://www.instagram.com/diogopimentelpersonal,,personal trainer,"Méier - Rio de Janeiro, RJ",Méier,"Rua Pedro de Carvalho, 514 - Méier, Rio de Janeiro - RJ, 20725-232",False,,4.2,
CT Lucas Jesus,21) 98397-6653,https://api.whatsapp.com/send?phone=5521997273581&text=Ol%C3%A1%20vi%20no%20Google%20e%20quero%20mais%20informa%C3%A7%C3%B5es%20sobre%20a%20Academia%20Xtreme,https://www.instagram.com/diogopimentelpersonal,,personal trainer,"Méier - Rio de Janeiro, RJ",Méier,"Rua Amaragi, 11 - Méier, Rio de Janeiro - RJ, 20720-110",False,,4.8,
Centro de Treinamento Brooklyn,21) 98690-1293,https://api.whatsapp.com/send?phone=5521997273581&text=Ol%C3%A1%20vi%20no%20Google%20e%20quero%20mais%20informa%C3%A7%C3%B5es%20sobre%20a%20Academia%20Xtreme,https://www.instagram.com/diogopimentelpersonal,,personal trainer,"Méier - Rio de Janeiro, RJ",Méier,"R. Venceslau, 360 - Méier, Rio de Janeiro - RJ, 20735-160",False,http://instagram.com/ct.brooklyn,4.9,
RA Aquafitness,21) 97934-4532,https://api.whatsapp.com/send?phone=5521997273581&text=Ol%C3%A1%20vi%20no%20Google%20e%20quero%20mais%20informa%C3%A7%C3%B5es%20sobre%20a%20Academia%20Xtreme,https://www.instagram.com/diogopimentelpersonal,,personal trainer,"Méier - Rio de Janeiro, RJ",Méier,"R. Maranhão, 191 - Méier, Rio de Janeiro - RJ, 20720-230",False,,4.6,
MedicMais | Meier - RJ,21) 97325-5895,21) 97325-5895,,,consultório,"Méier - Rio de Janeiro, RJ",Méier,"R. Arquias Cordeiro, 294 - Méier, Rio de Janeiro - RJ, 20770-000",False,,4.4,
EMAM Clínica Médica,21) 2592-5485,,,,consultório,"Méier - Rio de Janeiro, RJ",Méier,"R. Jurunas, 240 - Méier, Rio de Janeiro - RJ, 20730-080",False,,2.5,
Ergomed,21) 2592-0207,,,,consultório,"Méier - Rio de Janeiro, RJ",Méier,"R. Intendente Cunha Menezes, 68 - Méier, Rio de Janeiro - RJ, 20720-060",False,,2.4,
Clínica Médica Carmine Fajardo,21) 2596-2567,,https://www.instagram.com/medhouse588,,consultório,"Méier - Rio de Janeiro, RJ",Méier,"R. Dias da Cruz, 215 - Méier, Rio de Janeiro - RJ, 20720-010",False,,5.0,
HOSPITAL DO MEIER,21) 3279-8512,,https://www.instagram.com/medhouse588,,consultório,"Méier - Rio de Janeiro, RJ",Méier,"R. Ten. Costa, 160 - Méier, Rio de Janeiro - RJ, 20775-080",False,,2.8,
Clínica Pró Ped,21) 2595-5796,,https://www.instagram.com/medhouse588,,consultório,"Méier - Rio de Janeiro, RJ",Méier,"R. Maranhão, 327 - Méier, Rio de Janeiro - RJ, 20720-230",False,,5.0,
Fairy Estética,21) 99426-7598,https://api.whatsapp.com/send?phone=5521967102807&text=Ol%C3%A1!%20sou%20contato%20do%20google.%20%20,http://www.instagram.com/fairyestetica,,clínica de estética,"Vila Isabel - Rio de Janeiro, RJ",Vila Isabel,"Blvd. 28 de Setembro, 62 - Vila Isabel, Rio de Janeiro - RJ, 20551-031",False,http://www.instagram.com/fairyestetica,5.0,
"Corpos, Faces & Fios",21) 97239-1782,https://api.whatsapp.com/send?phone=5521967102807&text=Ol%C3%A1!%20sou%20contato%20do%20google.%20%20,https://www.instagram.com/beautyconcept.aline.linhares?igsh=YTl6a24zaHlrN3Zn,,clínica de estética,"Vila Isabel - Rio de Janeiro, RJ",Vila Isabel,"R. Barão de São Francisco, 373 - sala 401 - Vila Isabel, Rio de Janeiro - RJ, 20541-371",False,,5.0,
Entre Elas Vila Isabel,,https://api.whatsapp.com/send?phone=5521967102807&text=Ol%C3%A1!%20sou%20contato%20do%20google.%20%20,https://www.instagram.com/beautyconcept.aline.linhares?igsh=YTl6a24zaHlrN3Zn,,clínica de estética,"Vila Isabel - Rio de Janeiro, RJ",Vila Isabel,"R. Silva Pinto, 50 - Vila Isabel, Rio de Janeiro - RJ, 20551-190",False,,5.0,
Espaço Rê,21) 96903-1337,https://api.whatsapp.com/send?phone=5521967102807&text=Ol%C3%A1!%20sou%20contato%20do%20google.%20%20,https://www.instagram.com/beautyconcept.aline.linhares?igsh=YTl6a24zaHlrN3Zn,,clínica de estética,"Vila Isabel - Rio de Janeiro, RJ",Vila Isabel,"salão da Branca - R. Barão de São Francisco, 373 - Vila Isabel, Rio de Janeiro - RJ, 20541-371",False,,5.0,
Studio de Beleza - Aliane Feitosa,21) 98386-5712,https://api.whatsapp.com/send?phone=5521967102807&text=Ol%C3%A1!%20sou%20contato%20do%20google.%20%20,https://www.instagram.com/beautyconcept.aline.linhares?igsh=YTl6a24zaHlrN3Zn,,clínica de estética,"Vila Isabel - Rio de Janeiro, RJ",Vila Isabel,"R. Barão de São Francisco, 373 - Vila Isabel, Rio de Janeiro - RJ, 20560-031",False,https://www.instagram.com/studioalianefeitosa?igsh=MXNoZmp1bjg4aW1qZQ==,5.0,
Cris Oliveira Estética,21) 98848-5225,https://api.whatsapp.com/send?phone=5521967102807&text=Ol%C3%A1!%20sou%20contato%20do%20google.%20%20,https://www.instagram.com/beautyconcept.aline.linhares?igsh=YTl6a24zaHlrN3Zn,,clínica de estética,"Vila Isabel - Rio de Janeiro, RJ",Vila Isabel,"R. Barão de São Francisco, 373 - sala 520 - Vila Isabel, Rio de Janeiro - RJ, 20541-371",False,,5.0,
VILA TRADE CENTER,21) 99201-0643,https://api.whatsapp.com/send?phone=5521967102807&text=Ol%C3%A1!%20sou%20contato%20do%20google.%20%20,https://www.instagram.com/beautyconcept.aline.linhares?igsh=YTl6a24zaHlrN3Zn,,clínica de estética,"Vila Isabel - Rio de Janeiro, RJ",Vila Isabel,"Blvd. 28 de Setembro, 389 - Vila Isabel, Rio de Janeiro - RJ, 20551-030",False,,4.3,
"Dra. Nayara Esmaile: Botox - Preenchimento - Bioestimulador de Colágeno : Barra da Tijuca e Vila Isabel, RJ",21) 99064-5009,https://api.whatsapp.com/send?phone=5521967102807&text=Ol%C3%A1!%20sou%20contato%20do%20google.%20%20,https://www.instagram.com/beautyconcept.aline.linhares?igsh=YTl6a24zaHlrN3Zn,,clínica de estética,"Vila Isabel - Rio de Janeiro, RJ",Vila Isabel e Tijuca,"Blvd. 28 de Setembro, 226 - Loja 106 Tijuca - Vila Isabel e Tijuca, Rio de Janeiro - RJ, 20551-055",False,https://www.instagram.com/nayaraesmaile/,5.0,
Suzy Gonçalves Cilios e Sobrancelhas,,https://api.whatsapp.com/send?phone=5521967102807&text=Ol%C3%A1!%20sou%20contato%20do%20google.%20%20,https://www.instagram.com/beautyconcept.aline.linhares?igsh=YTl6a24zaHlrN3Zn,,clínica de estética,"Vila Isabel - Rio de Janeiro, RJ",Vila Isabel,"Blvd. 28 de Setembro, 389 - sala 215 - Vila Isabel, Rio de Janeiro - RJ, 20551-031",False,,5.0,
Studio Vivian Vargas,21) 98711-0822,https://api.whatsapp.com/send?phone=5521967102807&text=Ol%C3%A1!%20sou%20contato%20do%20google.%20%20,https://www.instagram.com/beautyconcept.aline.linhares?igsh=YTl6a24zaHlrN3Zn,,clínica de estética,"Vila Isabel - Rio de Janeiro, RJ",Vila Isabel,"Blvd. 28 de Setembro, 389 - 204 - Vila Isabel, Rio de Janeiro - RJ, 20551-185",False,https://www.instagram.com/studio.vivianvargas/,5.0,
Studio Marina Cavalheiro,21) 96811-8248,https://api.whatsapp.com/send?phone=5521967102807&text=Ol%C3%A1!%20sou%20contato%20do%20google.%20%20,https://www.instagram.com/beautyconcept.aline.linhares?igsh=YTl6a24zaHlrN3Zn,,clínica de estética,"Vila Isabel - Rio de Janeiro, RJ",Vila Isabel,"Blvd. 28 de Setembro, 389 - sala218 - Vila Isabel, Rio de Janeiro - RJ, 20560-001",False,,4.5,
Villa Premium RJ,21) 99853-5096,21) 99853-5096,https://www.instagram.com/villapremiumrj,,salão premium,"Vila Isabel - Rio de Janeiro, RJ",Vila da Penha,"R. Cel. Nunes Machado, 86 - Vila da Penha, Rio de Janeiro - RJ, 21211-750",False,https://www.instagram.com/villapremiumrj/,5.0,
Premium Tijuca,21) 3798-7818,,https://www.instagram.com/villapremiumrj,,salão premium,"Vila Isabel - Rio de Janeiro, RJ",Vila Isabel,"R. Sen. Muniz Freire, 60 - Vila Isabel, Rio de Janeiro - RJ, 20541-040",False,,4.5,
Barbearia Corte das Estrelas,21) 97959-1640,21) 97959-1640,,,barbearia premium,"Vila Isabel - Rio de Janeiro, RJ",Vila São Luis,"R. Santo Antônio, 340 - Vila São Luis, Duque de Caxias - RJ, 25065-051",False,,4.9,
Barbearia Resenha da Vila,21) 97140-3437,21) 97140-3437,https://www.instagram.com/barbeariaresenhadavila?igsh=MnUxZ2RoNjRxMzM5&utm_source=qr,,barbearia premium,"Vila Isabel - Rio de Janeiro, RJ",Vila Isabel,"Blvd. 28 de Setembro, 373 - loja D - Vila Isabel, Rio de Janeiro - RJ, 20551-185",False,https://www.instagram.com/barbeariaresenhadavila?igsh=MnUxZ2RoNjRxMzM5&utm_source=qr,4.7,
Barbearia M.P Vila,21) 98465-0069,21) 98465-0069,,,barbearia premium,"Vila Isabel - Rio de Janeiro, RJ",Vila Isabel,"R. Visc. de Santa Isabel, 46 - Vila Isabel, Rio de Janeiro - RJ, 20560-120",False,,5.0,
Jotas Barber RJ,21) 98248-6081,5521982486081,https://instagram.com/jotas_barberrj?utm_medium=copy_link,,barbearia premium,"Vila Isabel - Rio de Janeiro, RJ",Vila Isabel,"Blvd. 28 de Setembro, N° 197 - loja 56 - Vila Isabel, Rio de Janeiro - RJ, 20551-085",False,https://instagram.com/jotas_barberrj?utm_medium=copy_link,5.0,
DG BARBER PREMIUM,21) 98686-4144,21) 98686-4144,,,barbearia premium,"Vila Isabel - Rio de Janeiro, RJ",Jardim Palmares,"R. das Mangueiras, 123 - Jardim Palmares, Nova Iguaçu - RJ, 26277-610",False,,5.0,
Barber Club Premium,21) 97396-3604,21) 97396-3604,,,barbearia premium,"Vila Isabel - Rio de Janeiro, RJ",Vila Santa Alice,"R. Wilson de Araújo, 286 - Vila Santa Alice, Duque de Caxias - RJ, 25245-710",False,,5.0,
Barbearia Premium,,,https://www.instagram.com/jldocorte,,barbearia premium,"Vila Isabel - Rio de Janeiro, RJ",Taquara,"R. do Caule, 12 - Taquara, Rio de Janeiro - RJ, 22713-582",False,https://www.instagram.com/jldocorte/,4.9,
Studio Raphael Barbeirim,21) 98939-6939,21) 98939-6939,https://www.instagram.com/studioraphaelbarbeirim?igsh=MWF5dmtjcG9veW5mZg%3D%3D&utm_source=qr,,barbearia premium,"Vila Isabel - Rio de Janeiro, RJ",Vila Isabel,"R. Pereira Nunes, 255 - Vila Isabel, Rio de Janeiro - RJ, 20511-120",False,https://www.instagram.com/studioraphaelbarbeirim?igsh=MWF5dmtjcG9veW5mZg%3D%3D&utm_source=qr,5.0,
Barbearia Don Peres Vila Isabel,21) 3798-5447,,,,barbearia premium,"Vila Isabel - Rio de Janeiro, RJ",Vila Isabel,"R. Hipólito da Costa, 12 - Loja G - Vila Isabel, Rio de Janeiro - RJ, 20551-040",False,,5.0,
ES37 Barbearia,21) 96959-5681,21) 96959-5681,,,barbearia premium,"Vila Isabel - Rio de Janeiro, RJ",Vila Isabel,"R. Emília Sampaio, 37 - Vila Isabel, Rio de Janeiro - RJ, 20560-100",False,,5.0,
Barbearia Club Premium,24) 99874-4812,24) 99874-4812,,,barbearia premium,"Vila Isabel - Rio de Janeiro, RJ",Aterrado,"R. Luiz Alves Pereira, 160 - Aterrado, Volta Redonda - RJ, 27215-570",False,,5.0,
Premium barber shop,21) 97650-6220,21) 97650-6220,https://www.instagram.com/barbeariapremi1?igsh=d3RsZTMzZ25jdXZ6,,barbearia premium,"Vila Isabel - Rio de Janeiro, RJ",Icaraí,"R. Pres. João Pessoa, 392 - loja 102 - Icaraí, Niterói - RJ, 24220-331",False,https://www.instagram.com/barbeariapremi1?igsh=d3RsZTMzZ25jdXZ6,5.0,
Clínica São Victor,21) 96541-1419,21) 96541-1419,https://www.instagram.com/clinica.odont.sao.victor?utm_source=ig_web_button_share_sheet&igsh=ZDNlZDc0MzIxNw==,,dentista,"Vila Isabel - Rio de Janeiro, RJ",Vila Isabel,"Blvd. 28 de Setembro, 44 - SALA:807 - Vila Isabel, Rio de Janeiro - RJ, 20551-031",False,https://www.instagram.com/clinica.odont.sao.victor?utm_source=ig_web_button_share_sheet&igsh=ZDNlZDc0MzIxNw==,4.3,
Dr Marcelo Feres Sorrir Mais Dentista Vila Isabel,21) 98226-6947,21) 98226-6947,https://www.instagram.com/clinica.odont.sao.victor?utm_source=ig_web_button_share_sheet&igsh=ZDNlZDc0MzIxNw==,,dentista,"Vila Isabel - Rio de Janeiro, RJ",Vila Isabel,"Av 28 de setembro, R. Silva Pinto, 57 - 344 Entrada - Vila Isabel, Rio de Janeiro - RJ, 20551-190",False,,5.0,
Clínica dentária Dra Juliana S. Silveira Odontologia ( JFG ),21) 2520-7741,,https://www.instagram.com/clinica.odont.sao.victor?utm_source=ig_web_button_share_sheet&igsh=ZDNlZDc0MzIxNw==,,dentista,"Vila Isabel - Rio de Janeiro, RJ",Vila Isabel,"Blvd. 28 de Setembro, 408 - Vila Isabel, Rio de Janeiro - RJ, 20551-195",False,,5.0,
Dentista Vila Isabel - Fidele Odonto,21) 2577-4486,,https://www.instagram.com/clinica.odont.sao.victor?utm_source=ig_web_button_share_sheet&igsh=ZDNlZDc0MzIxNw==,,dentista,"Vila Isabel - Rio de Janeiro, RJ",Vila Isabel,"Blvd. 28 de Setembro, 362 - 101/102 - Vila Isabel, Rio de Janeiro - RJ, 20551-195",False,,4.9,
"Fiore Vitale Saúde Integrativa, Odontologia e Estética - Dentista Vila Isabel/Tijuca, RJ",21) 2568-6759,https://api.whatsapp.com/send?phone=552125686759,https://www.instagram.com/clinica.odont.sao.victor?utm_source=ig_web_button_share_sheet&igsh=ZDNlZDc0MzIxNw==,,dentista,"Vila Isabel - Rio de Janeiro, RJ",Vila Isabel,"Vila Shopping - Blvd. 28 de Setembro, 226 - Loja 106 - Vila Isabel, Rio de Janeiro - RJ, 20551-055",False,,4.9,
Oficina de Ortodontia Liana Lima Pinheiro - Vila Isabel,21) 98450-2121,21) 98450-2121,https://www.instagram.com/clinica.odont.sao.victor?utm_source=ig_web_button_share_sheet&igsh=ZDNlZDc0MzIxNw==,,dentista,"Vila Isabel - Rio de Janeiro, RJ",Vila Isabel,"R. Silva Pinto, 49 - sala 210 - 211 - 212 - Vila Isabel, Rio de Janeiro - RJ, 20551-190",False,,4.3,
Dra Jomara Paola | Ortodontia | Vila Isabel,21) 99555-0908,21) 99555-0908,https://www.instagram.com/clinica.odont.sao.victor?utm_source=ig_web_button_share_sheet&igsh=ZDNlZDc0MzIxNw==,,dentista,"Vila Isabel - Rio de Janeiro, RJ",Vila Isabel,"Blvd. 28 de Setembro, 389 - sala 509 - Vila Isabel, Rio de Janeiro - RJ, 20552-185",False,,5.0,
Dra. Juliana Cardoso Peres,21) 2576-7946,,https://www.instagram.com/clinica.odont.sao.victor?utm_source=ig_web_button_share_sheet&igsh=ZDNlZDc0MzIxNw==,,dentista,"Vila Isabel - Rio de Janeiro, RJ",Vila Isabel,"R. Luís Barbosa, 40 - Loja B - Vila Isabel, Rio de Janeiro - RJ, 20560-010",False,,4.1,
OdontoCompany,21) 3624-2600,,https://www.instagram.com/clinica.odont.sao.victor?utm_source=ig_web_button_share_sheet&igsh=ZDNlZDc0MzIxNw==,,dentista,"Vila Isabel - Rio de Janeiro, RJ",Vila Isabel,"Blvd. 28 de Setembro, 345 - Vila Isabel, Rio de Janeiro - RJ, 20551-185",False,,4.3,
VILA TRADE SQUARE,21) 3879-5600,,https://www.instagram.com/clinica.odont.sao.victor?utm_source=ig_web_button_share_sheet&igsh=ZDNlZDc0MzIxNw==,,dentista,"Vila Isabel - Rio de Janeiro, RJ",Vila Isabel,"R. Barão de São Francisco, 373 - Vila Isabel, Rio de Janeiro - RJ, 20541-371",False,,4.2,
Dra. Camila Rodrigues - Endodontista,21) 96590-0800,21) 96590-0800,https://www.instagram.com/clinica.odont.sao.victor?utm_source=ig_web_button_share_sheet&igsh=ZDNlZDc0MzIxNw==,,dentista,"Vila Isabel - Rio de Janeiro, RJ",Vila Isabel,"Blvd. 28 de Setembro - Vila Isabel, Rio de Janeiro - RJ, 20551-030",False,,5.0,
Espaço Terapêutico Prosperar,21) 3190-4498,,https://www.instagram.com/espprosperar,,psicólogo,"Vila Isabel - Rio de Janeiro, RJ",Vila Isabel,"Rua Tomaz Coelho, 79 - Vila Isabel, Rio de Janeiro - RJ, 20540-110",False,https://www.instagram.com/espprosperar/,5.0,
Consultório de Psicologia Karina Guimarães,21) 99972-8819,21) 99972-8819,https://www.instagram.com/espprosperar,,psicólogo,"Vila Isabel - Rio de Janeiro, RJ",Vila Isabel,"Blvd. 28 de Setembro, 389 - Vila Isabel, Rio de Janeiro - RJ, 20551-030",False,http://www.instagram.com/psicologa_karinaguimaraes,5.0,
Psicólogo Gustavo Dias,21) 97163-1902,21) 97163-1902,https://www.instagram.com/espprosperar,,psicólogo,"Vila Isabel - Rio de Janeiro, RJ",Vila Isabel,"R. Silva Pinto, 49 - Sala 704 - Vila Isabel, Rio de Janeiro - RJ, 20551-902",False,,5.0,
Psicóloga Clínica,21) 99637-4408,21) 99637-4408,https://www.instagram.com/espprosperar,,psicólogo,"Vila Isabel - Rio de Janeiro, RJ",RJ,"Av, Blvd. 28 de Setembro, 389, Rio de Janeiro - RJ, 20551-185",False,,,
Jandira Reis Psicóloga Clínica,21) 96419-7258,21) 96419-7258,https://www.instagram.com/espprosperar,,psicólogo,"Vila Isabel - Rio de Janeiro, RJ",Vila Isabel,"R. Silva Pinto, 49 - Sala 914 - Vila Isabel, Rio de Janeiro - RJ, 20551-190",False,,5.0,
"Ana Paula Felipe Psicanalista Clínica, para quem enfrenta sofrimento psíquico como depressão e ansiedade entre outros",21) 99163-0079,21) 99163-0079,https://www.instagram.com/espprosperar,,psicólogo,"Vila Isabel - Rio de Janeiro, RJ",Vila Isabel,"Rua Ângelo Bitencourt, 58 - Vila Isabel, Rio de Janeiro - RJ, 20560-210",False,,5.0,
Adriana Borges,21) 99846-1066,21) 99846-1066,https://www.instagram.com/espprosperar,,psicólogo,"Vila Isabel - Rio de Janeiro, RJ",Vila Isabel,"Blvd. 28 de Setembro, 62 - Vila Isabel, Rio de Janeiro - RJ, 20551-031",False,,5.0,
Sueli Meneses atendimento online e presencial,21) 99367-1870,21) 99367-1870,https://www.instagram.com/espprosperar,,psicólogo,"Vila Isabel - Rio de Janeiro, RJ",Vila Isabel,"Blvd. 28 de Setembro, 389 - Vila Isabel, Rio de Janeiro - RJ, 20551-185",False,https://www.instagram.com/psisuelimeneses_?igsh=MW9pMjVhaTkwZWN4eQ==,5.0,
Nutricionista Funcional em Vila Isabel (RJ) e On-line | Saúde da Mulher & Emagrecimento Saudável - Rayane Gonçalves,21) 97927-6118,21) 97927-6118,https://www.instagram.com/fabiobarrosnutri,,nutricionista,"Vila Isabel - Rio de Janeiro, RJ",Vila Isabel,"Blvd. 28 de Setembro, 62 - Sala 516 | Boulevard 28 Offices - Vila Isabel, Rio de Janeiro - RJ, 20550-220",False,,5.0,
Nutricionista Julianna Correa,,,https://www.instagram.com/fabiobarrosnutri,,nutricionista,"Vila Isabel - Rio de Janeiro, RJ",Vila Isabel,"R. Teodoro da Silva - Vila Isabel, Rio de Janeiro - RJ, 20560-025",False,,,
Dra. Tereza Bessa,21) 99305-5856,21) 99305-5856,https://www.instagram.com/fabiobarrosnutri,,nutricionista,"Vila Isabel - Rio de Janeiro, RJ",Vila Isabel,"Blvd. 28 de Setembro, 62 - Vila Isabel, Rio de Janeiro - RJ, 20551-031",False,,5.0,
Isabel Cerqueira Nutricionista,,,https://www.instagram.com/fabiobarrosnutri,,nutricionista,"Vila Isabel - Rio de Janeiro, RJ",Vila Isabel,"R. Barão de São Francisco - Vila Isabel, Rio de Janeiro - RJ, 20560-031",False,,,
Mari Placido,21) 99270-6631,21) 99270-6631,https://www.instagram.com/fabiobarrosnutri,,nutricionista,"Vila Isabel - Rio de Janeiro, RJ",Grajaú,"Av. Eng. Richard, 137 - Grajaú, Rio de Janeiro - RJ, 20561-094",False,http://instagram.com/nutri.mariplacido,5.0,
Nutrindo Vidas - Clínica Multidisciplinar no Méier,21) 4132-4198,,https://www.instagram.com/fabiobarrosnutri,,nutricionista,"Vila Isabel - Rio de Janeiro, RJ",Méier,"R. Dias da Cruz, 155 - cobertura 2 - Méier, Rio de Janeiro - RJ, 20720-010",False,,4.9,
INSTITUTO LÍVIA OLIVEIRA (ILO) - NUTRICIONISTA ESPORTIVA,21) 97067-0650,21) 97067-0650,https://www.instagram.com/fabiobarrosnutri,,nutricionista,"Vila Isabel - Rio de Janeiro, RJ",Vila Isabel,"R. Souza Franco, 425 - sala 301 - Vila Isabel, Rio de Janeiro - RJ, 20551-120",False,,,
Nutricionista | Ana Beatriz Cadena,21) 97710-8689,21) 97710-8689,https://www.instagram.com/fabiobarrosnutri,,nutricionista,"Vila Isabel - Rio de Janeiro, RJ",RJ,"Vila Isabel, Rio de Janeiro - RJ, 20551-230",False,https://www.instagram.com/biacadena.nutri?igsh=MXA5aHVrbzl3bGtm,,
Nutricionista Rayane Gonçalves,,,https://www.instagram.com/fabiobarrosnutri,,nutricionista,"Vila Isabel - Rio de Janeiro, RJ",Vila Isabel,"Blvd. 28 de Setembro, 62 - Vila Isabel, Rio de Janeiro - RJ, 20551-031",False,,,
Lorena Morais,21) 97233-6613,21) 97233-6613,https://www.instagram.com/fabiobarrosnutri,,nutricionista,"Vila Isabel - Rio de Janeiro, RJ",Vila Isabel,"Rua Tomaz Coelho, 79 - Vila Isabel, Rio de Janeiro - RJ, 20540-110",False,,5.0,
Aline Fernandes - Nutricionista Funcional e Integrativa,,5521969888003,https://www.instagram.com/fabiobarrosnutri,,nutricionista,"Vila Isabel - Rio de Janeiro, RJ",Tijuca,"Shopping Tijuca - Tijuca, Rio de Janeiro - RJ, 20511-070",False,https://www.instagram.com/alinefernandesnutri/,5.0,
Dra Fabíola Carvalho - Floratta Fisio,21) 96486-0858,21) 96486-0858,http://instagram.com/espacosaudeph,,fisioterapeuta,"Vila Isabel - Rio de Janeiro, RJ",Todos os Santos,"R. José Bonifácio, 1.050 - Todos os Santos, Rio de Janeiro - RJ, 20770-240",False,,5.0,
"Dra. Cynthia Batista, Fisioterapeuta Cervicocraniomandibular",21) 98082-1333,21) 98082-1333,http://instagram.com/espacosaudeph,,fisioterapeuta,"Vila Isabel - Rio de Janeiro, RJ",Méier,"Edifício Méier Business Center - R. Silva Rabêlo, 43 - Méier, Rio de Janeiro - RJ, 20735-080",False,,5.0,
FisioPrevent,21) 99206-8007,21) 99206-8007,http://instagram.com/espacosaudeph,,fisioterapeuta,"Vila Isabel - Rio de Janeiro, RJ",Todos os Santos,"R. José Bonifácio, 981 - Todos os Santos, Rio de Janeiro - RJ, 20770-240",False,,4.4,
Fisioterapia para todos,21) 97951-6239,21) 97951-6239,http://instagram.com/espacosaudeph,,fisioterapeuta,"Vila Isabel - Rio de Janeiro, RJ",Méier,"Rua : Hermengarda, 477 - sala 102 - Méier, Rio de Janeiro - RJ, 20710-010",False,,5.0,
Espaço Saúde PH,21) 99024-5765,21) 99024-5765,http://instagram.com/espacosaudeph,,fisioterapeuta,"Vila Isabel - Rio de Janeiro, RJ",Cachambi,"R. José Bonifácio, 1050 - bloco 1, sala 318 - Cachambi, Rio de Janeiro - RJ, 20770-240",False,http://instagram.com/espacosaudeph,5.0,
MOVA+ Fisioterapia e Reabilitação | Méier,21) 99552-5532,21) 99552-5532,http://instagram.com/espacosaudeph,,fisioterapeuta,"Vila Isabel - Rio de Janeiro, RJ",Méier,"R. Silva Rabêlo, 18 - sala 204 - Méier, Rio de Janeiro - RJ, 20735-080",False,,5.0,
FisioClinic,21) 98913-1289,https://api.whatsapp.com/message/WUULBWUBBBIYK1,http://instagram.com/espacosaudeph,,fisioterapeuta,"Vila Isabel - Rio de Janeiro, RJ",Cachambi,"Edifício Norte Office - Av. Dom Hélder Câmara, 5555 - Sala 414 - Cachambi, Rio de Janeiro - RJ, 20771-001",False,,5.0,
Studio Vivian Vargas,21) 98711-0822,21) 98711-0822,https://www.instagram.com/studio.vivianvargas,,pilates,"Vila Isabel - Rio de Janeiro, RJ",Vila Isabel,"Blvd. 28 de Setembro, 389 - 204 - Vila Isabel, Rio de Janeiro - RJ, 20551-185",False,https://www.instagram.com/studio.vivianvargas/,5.0,
Marcela Veloso - Pilates Vila Isabel,21) 99395-5435,21) 99395-5435,https://www.instagram.com/marcelavelosofisio/profilecard/?igsh=eHAzMGw4ZDZuMWxk,,pilates,"Vila Isabel - Rio de Janeiro, RJ",Vila Isabel,"Blvd. 28 de Setembro, 44 - sala 211 - Vila Isabel, Rio de Janeiro - RJ, 20551-030",False,https://www.instagram.com/marcelavelosofisio/profilecard/?igsh=eHAzMGw4ZDZuMWxk,5.0,
Vila Zen Pilates,21) 99800-5001,21) 99800-5001,,,pilates,"Vila Isabel - Rio de Janeiro, RJ",Vila Isabel,"Blvd. 28 de Setembro, 210 - Loja 5 - Vila Isabel, Rio de Janeiro - RJ, 20551-031",False,,5.0,
@pilateszonasul_rj,21) 99850-1582,21) 99850-1582,,,pilates,"Vila Isabel - Rio de Janeiro, RJ",Jardim Botânico,"Rua Pacheco Leão, 2038 - Jardim Botânico, Rio de Janeiro - RJ, 22460-030",False,,,
Pilates Alê,21) 3181-8882,,,,pilates,"Vila Isabel - Rio de Janeiro, RJ",Vila Isabel,"R. Silva Pinto, 49 - Vila Isabel, Rio de Janeiro - RJ, 20551-185",False,,5.0,
Vanessa Fontes - Pilates e Fisioterapia,21) 97039-8498,21) 97039-8498,,,pilates,"Vila Isabel - Rio de Janeiro, RJ",Jardim Botânico,"R. Jardim Botânico, 674 - sala 114 - Jardim Botânico, Rio de Janeiro - RJ, 22461-002",False,,5.0,
ESPAÇO MOBILIS Fisioterapia e Pilates,21) 99645-0911,21) 99645-0911,,,pilates,"Vila Isabel - Rio de Janeiro, RJ",Jardim Botânico,"R. Gen. Garzon, 22/301 - Jardim Botânico, Rio de Janeiro - RJ, 22470-010",False,,5.0,
Clinica Leonardo Moraes - Fisiotarapia - RPG - Pilates - Osteopatia,21) 99472-0778,https://api.whatsapp.com/send?phone=5521994720778,https://www.instagram.com/clinicaleonardomoraes,,pilates,"Vila Isabel - Rio de Janeiro, RJ",Jardim Botânico,"R. Jardim Botânico, 700 - sala 520 - Jardim Botânico, Rio de Janeiro - RJ, 22461-002",False,https://www.instagram.com/clinicaleonardomoraes/,5.0,
Osteopatia & Fisioterapia - Alexandre Galvão,21) 99481-1268,5521994811268,https://www.instagram.com/osteopatiagalvao,,pilates,"Vila Isabel - Rio de Janeiro, RJ",Jardim Botânico,"R. Jardim Botânico, 656 - Sala 501 - Jardim Botânico, Rio de Janeiro - RJ, 22461-000",False,https://www.instagram.com/osteopatiagalvao/,5.0,
VOR FITNESS STUDIO BOUTIQUE,21) 97067-4517,21) 97067-4517,,,academia boutique,"Vila Isabel - Rio de Janeiro, RJ",Méier,"GALERIA DO IMPERATOR - R. Dias da Cruz, 170 - Loja D - Méier, Rio de Janeiro - RJ, 20720-012",False,,5.0,
Academia Body House,21) 3563-5683,,,,academia boutique,"Vila Isabel - Rio de Janeiro, RJ",Vila Isabel,"R. Jorge Rudge, 22 - Vila Isabel, Rio de Janeiro - RJ, 20550-220",False,,4.6,
Tubarão Gym,21) 3570-6502,,,,academia boutique,"Vila Isabel - Rio de Janeiro, RJ",Vila Isabel,"R. Teodoro da Silva, 725 - Vila Isabel, Rio de Janeiro - RJ, 20560-060",False,,5.0,
ML FIT,21) 99971-2414,21) 99971-2414,,,academia boutique,"Vila Isabel - Rio de Janeiro, RJ",Méier,"Academia Xtreme - R. Venceslau, 286 - Méier, Rio de Janeiro - RJ, 20735-110",False,,5.0,
Vila Zen Pilates,21) 99800-5001,21) 99800-5001,,,academia boutique,"Vila Isabel - Rio de Janeiro, RJ",Vila Isabel,"Blvd. 28 de Setembro, 210 - Loja 5 - Vila Isabel, Rio de Janeiro - RJ, 20551-031",False,,5.0,
Vila CrossFit,21) 98207-2551,21) 98207-2551,http://www.instagram.com/vilacrossfit,,academia boutique,"Vila Isabel - Rio de Janeiro, RJ",Vila Isabel,"R. Gonzaga Bastos, 219 - Vila Isabel, Rio de Janeiro - RJ, 22541-000",False,http://www.instagram.com/vilacrossfit,4.7,
XN GYM - Xande Negão,21) 3085-5807,,,,academia boutique,"Vila Isabel - Rio de Janeiro, RJ",Vila Isabel,"R. Teodoro da Silva, 944 - Vila Isabel, Rio de Janeiro - RJ, 20560-001",False,,4.6,
Total Body,21) 4108-6769,,,,academia boutique,"Vila Isabel - Rio de Janeiro, RJ",Andaraí,"R. Nossa Sra. de Lourdes, 16 - Andaraí, Rio de Janeiro - RJ, 20540-370",False,,4.6,
Espaço Fitness Moda Feminina - Moda Fitness,21) 96748-1343,21) 96748-1343,,,academia boutique,"Vila Isabel - Rio de Janeiro, RJ",Grajaú,"Praça Edmundo Rêgo, 6 - Grajaú, Rio de Janeiro - RJ, 20561-130",False,,5.0,
Anawat Fitness,21) 98081-4241,21) 98081-4241,,,academia boutique,"Vila Isabel - Rio de Janeiro, RJ",Méier,"Box 31, Av. Amaro Cavalcanti, 157 - Méier, Rio de Janeiro - RJ, 20735-040",False,,4.7,
Suzy Gonçalves Cilios e Sobrancelhas,,,https://instagram.com/suzygoncalvesbeauty?igshid=MjEwN2IyYWYwYw==,,studio de sobrancelha,"Vila Isabel - Rio de Janeiro, RJ",Vila Isabel,"Blvd. 28 de Setembro, 389 - sala 215 - Vila Isabel, Rio de Janeiro - RJ, 20551-031",False,,5.0,
Camila Gonçalves | Design de Cílios e Sobrancelha,21) 96442-9461,21) 96442-9461,,,studio de sobrancelha,"Vila Isabel - Rio de Janeiro, RJ",Vila Isabel,"Blvd. 28 de Setembro, 389 - sala 405 - Vila Isabel, Rio de Janeiro - RJ, 20551-031",False,,5.0,
Studio Marina Cavalheiro,21) 96811-8248,21) 96811-8248,,,studio de sobrancelha,"Vila Isabel - Rio de Janeiro, RJ",Vila Isabel,"Blvd. 28 de Setembro, 389 - sala218 - Vila Isabel, Rio de Janeiro - RJ, 20560-001",False,,4.5,
Cílios e Sobrancelha Victoria,21) 99094-2396,21) 99094-2396,https://www.instagram.com/ciliosesobrancelhavictoria/?igshid=MTk0NTkyODZkYg==,,studio de sobrancelha,"Vila Isabel - Rio de Janeiro, RJ",Vila Isabel,"R. Alexandre Calaza, 15b - Vila Isabel, Rio de Janeiro - RJ, 20560-110",False,https://www.instagram.com/ciliosesobrancelhavictoria/?igshid=MTk0NTkyODZkYg==,5.0,
Entre Elas Vila Isabel,,,,,studio de sobrancelha,"Vila Isabel - Rio de Janeiro, RJ",Vila Isabel,"R. Silva Pinto, 50 - Vila Isabel, Rio de Janeiro - RJ, 20551-190",False,,5.0,
Studio Maria Claudia,21) 97588-4886,21) 97588-4886,,,studio de sobrancelha,"Vila Isabel - Rio de Janeiro, RJ",Vila Isabel,"R. Silva Pinto, 49 - Sala 718 - Vila Isabel, Rio de Janeiro - RJ, 20551-190",False,,5.0,
Beauty Concept Studio de beleza by: Aline Linhares,21) 98234-5412,21) 98234-5412,https://www.instagram.com/beautyconcept.aline.linhares?igsh=YTl6a24zaHlrN3Zn,,studio de sobrancelha,"Vila Isabel - Rio de Janeiro, RJ",Vila Isabel,"Blvd. 28 de Setembro, 389 - sala 405 - Vila Isabel, Rio de Janeiro - RJ, 20551-185",False,https://www.instagram.com/beautyconcept.aline.linhares?igsh=YTl6a24zaHlrN3Zn,5.0,
Alice moraess,21) 98506-2560,21) 98506-2560,,,studio de sobrancelha,"Vila Isabel - Rio de Janeiro, RJ",Vila Isabel,"R. Teodoro da Silva - Vila Isabel, Rio de Janeiro - RJ, 20560-005",False,,5.0,
MM beauty Studio,21) 95900-2012,21) 95900-2012,https://www.instagram.com/cellamakemarce?igsh=d2tsbHE0ZGxuY295&utm_source=qr,,studio de sobrancelha,"Vila Isabel - Rio de Janeiro, RJ",Vila Isabel,"R. Teodoro da Silva, 573 - Vila Isabel, Rio de Janeiro - RJ, 20551-085",False,https://www.instagram.com/cellamakemarce?igsh=d2tsbHE0ZGxuY295&utm_source=qr,5.0,
Studio de Beleza - Aliane Feitosa,21) 98386-5712,21) 98386-5712,https://www.instagram.com/studioalianefeitosa?igsh=MXNoZmp1bjg4aW1qZQ==,,studio de sobrancelha,"Vila Isabel - Rio de Janeiro, RJ",Vila Isabel,"R. Barão de São Francisco, 373 - Vila Isabel, Rio de Janeiro - RJ, 20560-031",False,https://www.instagram.com/studioalianefeitosa?igsh=MXNoZmp1bjg4aW1qZQ==,5.0,
Essence Beauty Lounge,21) 96452-8131,21) 96452-8131,https://www.instagram.com/essencebeautylounge,,studio de sobrancelha,"Vila Isabel - Rio de Janeiro, RJ",Vila Isabel,"R. Barão de São Francisco, 322 - Vila Isabel, Rio de Janeiro - RJ, 20541-372",False,https://www.instagram.com/essencebeautylounge/,5.0,
@Sou_Designeer | Joyce Lopes – Designer de Sobrancelhas,21) 97042-5917,21) 97042-5917,https://www.instagram.com/sou_designeer,,studio de sobrancelha,"Vila Isabel - Rio de Janeiro, RJ",Méier,"R. Dias da Cruz - Méier, Rio de Janeiro - RJ, 20720-011",False,https://www.instagram.com/sou_designeer/,5.0,
Studio de beleza e terapia capilar FIOS E FORMAS,21) 98083-9968,21) 98083-9968,https://www.instagram.com/ivonefioseformas?igsh=azB6NzVrZTN2M2Rs,,studio de sobrancelha,"Vila Isabel - Rio de Janeiro, RJ",Vila Isabel,"Blvd. 28 de Setembro, 210 - Loja 9 - Vila Isabel, Rio de Janeiro - RJ, 20521-030",False,https://www.instagram.com/ivonefioseformas?igsh=azB6NzVrZTN2M2Rs,5.0,
STUDIO ROSY ALVES,21) 98718-4973,21) 98718-4973,,,studio de sobrancelha,"Vila Isabel - Rio de Janeiro, RJ",Vila Isabel,"Blvd. 28 de Setembro, 258 - 13 - Vila Isabel, Rio de Janeiro - RJ, 20551-031",False,,4.9,
Gabriela Nascimento Cílios /Sobrancelhas,21) 99645-2923,21) 99645-2923,,,studio de sobrancelha,"Vila Isabel - Rio de Janeiro, RJ",Grajaú,"R. Barão de Mesquita, 926 - 3 Andar - Grajaú, Rio de Janeiro - RJ, 20540-216",False,,5.0,
Suzy Gonçalves Cilios e Sobrancelhas,,,https://instagram.com/suzygoncalvesbeauty?igshid=MjEwN2IyYWYwYw==,,studio de cílios,"Vila Isabel - Rio de Janeiro, RJ",Vila Isabel,"Blvd. 28 de Setembro, 389 - sala 215 - Vila Isabel, Rio de Janeiro - RJ, 20551-031",False,,5.0,
Cílios e Sobrancelha Victoria,21) 99094-2396,21) 99094-2396,https://www.instagram.com/ciliosesobrancelhavictoria/?igshid=MTk0NTkyODZkYg==,,studio de cílios,"Vila Isabel - Rio de Janeiro, RJ",Vila Isabel,"R. Alexandre Calaza, 15b - Vila Isabel, Rio de Janeiro - RJ, 20560-110",False,https://www.instagram.com/ciliosesobrancelhavictoria/?igshid=MTk0NTkyODZkYg==,5.0,
Studio Maria Claudia,21) 97588-4886,21) 97588-4886,,,studio de cílios,"Vila Isabel - Rio de Janeiro, RJ",Vila Isabel,"R. Silva Pinto, 49 - Sala 718 - Vila Isabel, Rio de Janeiro - RJ, 20551-190",False,,5.0,
Beauty Concept Studio de beleza by: Aline Linhares,21) 98234-5412,21) 98234-5412,https://www.instagram.com/beautyconcept.aline.linhares?igsh=YTl6a24zaHlrN3Zn,,studio de cílios,"Vila Isabel - Rio de Janeiro, RJ",Vila Isabel,"Blvd. 28 de Setembro, 389 - sala 405 - Vila Isabel, Rio de Janeiro - RJ, 20551-185",False,https://www.instagram.com/beautyconcept.aline.linhares?igsh=YTl6a24zaHlrN3Zn,5.0,
Studio Marina Cavalheiro,21) 96811-8248,21) 96811-8248,,,studio de cílios,"Vila Isabel - Rio de Janeiro, RJ",Vila Isabel,"Blvd. 28 de Setembro, 389 - sala218 - Vila Isabel, Rio de Janeiro - RJ, 20560-001",False,,4.5,
MM beauty Studio,21) 95900-2012,21) 95900-2012,https://www.instagram.com/cellamakemarce?igsh=d2tsbHE0ZGxuY295&utm_source=qr,,studio de cílios,"Vila Isabel - Rio de Janeiro, RJ",Vila Isabel,"R. Teodoro da Silva, 573 - Vila Isabel, Rio de Janeiro - RJ, 20551-085",False,https://www.instagram.com/cellamakemarce?igsh=d2tsbHE0ZGxuY295&utm_source=qr,5.0,
Gabriela Nascimento Cílios /Sobrancelhas,21) 99645-2923,21) 99645-2923,,,studio de cílios,"Vila Isabel - Rio de Janeiro, RJ",Grajaú,"R. Barão de Mesquita, 926 - 3 Andar - Grajaú, Rio de Janeiro - RJ, 20540-216",False,,5.0,
Essence Beauty Lounge,21) 96452-8131,21) 96452-8131,https://www.instagram.com/essencebeautylounge,,studio de cílios,"Vila Isabel - Rio de Janeiro, RJ",Vila Isabel,"R. Barão de São Francisco, 322 - Vila Isabel, Rio de Janeiro - RJ, 20541-372",False,https://www.instagram.com/essencebeautylounge/,5.0,
Studio de Beleza - Aliane Feitosa,21) 98386-5712,21) 98386-5712,https://www.instagram.com/studioalianefeitosa?igsh=MXNoZmp1bjg4aW1qZQ==,,studio de cílios,"Vila Isabel - Rio de Janeiro, RJ",Vila Isabel,"R. Barão de São Francisco, 373 - Vila Isabel, Rio de Janeiro - RJ, 20560-031",False,https://www.instagram.com/studioalianefeitosa?igsh=MXNoZmp1bjg4aW1qZQ==,5.0,
Kátia Prado | Especialista em Mega Hair | Studio de Beleza,21) 99372-2139,21) 99372-2139,,,studio de cílios,"Vila Isabel - Rio de Janeiro, RJ",Vila Isabel,"Blvd. 28 de Setembro, 245 - Loja A - Vila Isabel, Rio de Janeiro - RJ, 20551-030",False,,4.6,
"Carolina Castelo Lash & Makeup - Cílios, Maquiagem e Sobrancelhas.",21) 97900-1664,21) 97900-1664,https://instagram.com/carolinacastelolashmakeup?igshid=YmMyMTA2M2Y=,,studio de cílios,"Vila Isabel - Rio de Janeiro, RJ",Cachambi,"R. Frederico Méier, 19 - Cachambi, Rio de Janeiro - RJ, 20785-000",False,https://instagram.com/carolinacastelolashmakeup?igshid=YmMyMTA2M2Y=,4.9,
Gabi Von-Held Beauty,21) 96609-1385,21) 96609-1385,https://www.instagram.com/gabivonheldbeauty?igsh=c2lpOHJxbWF0anRw&utm_source=qr,,studio de cílios,"Vila Isabel - Rio de Janeiro, RJ",Maracanã,"Av. Mal. Rondon, 300 - Maracanã, Rio de Janeiro - RJ, 20950-004",False,https://www.instagram.com/gabivonheldbeauty?igsh=c2lpOHJxbWF0anRw&utm_source=qr,5.0,
Cílios Paula Vieira Lash,21) 98369-0759,21) 98369-0759,,,studio de cílios,"Vila Isabel - Rio de Janeiro, RJ",Méier,"R. Dias da Cruz, 147 - sala 602 - Méier, Rio de Janeiro - RJ, 20720-010",False,,5.0,
Francine Mattos - Epilação/Cilios/Sobrancelhas,21) 98517-7776,21) 98517-7776,https://www.instagram.com/eufrandesigner,,studio de cílios,"Vila Isabel - Rio de Janeiro, RJ",Tijuca,"R. Barão de Mesquita, 926 - sala 3j - Tijuca, Rio de Janeiro - RJ, 20540-004",False,https://www.instagram.com/eufrandesigner,5.0,
Studio L Instituto de Beleza | BARRA DA TIJUCA e VILA ISABEL,21) 98009-7340,21) 98009-7340,https://www.instagram.com/studiol_oficial/?hl=pt-br,,studio de cílios,"Vila Isabel - Rio de Janeiro, RJ",Tijuca,"e Barra da - Rua Pereira Nunes, 390 Vila Isabel Avenida das Américas 4.200 Barra da Tijuca Vila Isabel - Tijuca, Rio de Janeiro - RJ, 20541-024",False,https://www.instagram.com/studiol_oficial/?hl=pt-br,4.5,
Suzy Gonçalves Cilios e Sobrancelhas,,,https://instagram.com/suzygoncalvesbeauty?igshid=MjEwN2IyYWYwYw==,,lash designer,"Vila Isabel - Rio de Janeiro, RJ",Vila Isabel,"Blvd. 28 de Setembro, 389 - sala 215 - Vila Isabel, Rio de Janeiro - RJ, 20551-031",False,,5.0,
Camila Gonçalves | Design de Cílios e Sobrancelha,21) 96442-9461,21) 96442-9461,,,lash designer,"Vila Isabel - Rio de Janeiro, RJ",Vila Isabel,"Blvd. 28 de Setembro, 389 - sala 405 - Vila Isabel, Rio de Janeiro - RJ, 20551-031",False,,5.0,
Essence Beauty Lounge,21) 96452-8131,21) 96452-8131,https://www.instagram.com/essencebeautylounge,,lash designer,"Vila Isabel - Rio de Janeiro, RJ",Vila Isabel,"R. Barão de São Francisco, 322 - Vila Isabel, Rio de Janeiro - RJ, 20541-372",False,https://www.instagram.com/essencebeautylounge/,5.0,
Relax Beauty Center,21) 95930-9317,21) 95930-9317,,,spa,"Vila Isabel - Rio de Janeiro, RJ",Vila Isabel,"R. Pereira Nunes, 180 - Vila Isabel, Rio de Janeiro - RJ, 20540-132",False,,5.0,
Espaço Rê,21) 96903-1337,21) 96903-1337,,,spa,"Vila Isabel - Rio de Janeiro, RJ",Vila Isabel,"salão da Branca - R. Barão de São Francisco, 373 - Vila Isabel, Rio de Janeiro - RJ, 20541-371",False,,5.0,
Lady’s Spa Party,21) 97365-9000,21) 97365-9000,,,spa,"Vila Isabel - Rio de Janeiro, RJ",Méier,"R. Hermengarda, 60 - Méier, Rio de Janeiro - RJ, 20710-010",False,,4.9,
Essence Beauty Lounge,21) 96452-8131,21) 96452-8131,https://www.instagram.com/essencebeautylounge,,spa,"Vila Isabel - Rio de Janeiro, RJ",Vila Isabel,"R. Barão de São Francisco, 322 - Vila Isabel, Rio de Janeiro - RJ, 20541-372",False,https://www.instagram.com/essencebeautylounge/,5.0,
Kimani Spa,21) 97028-4503,5521970284503,,,spa,"Vila Isabel - Rio de Janeiro, RJ",Tijuca,"Rua Conde de Bonfim, 344 - bloco 2, sala 703 - Tijuca, Rio de Janeiro - RJ, 20520-053",False,,5.0,
Adega Villas Boas - Vila Isabel,21) 2577-9244,,,,restaurante,"Vila Isabel - Rio de Janeiro, RJ",Vila Isabel,"Blvd. 28 de Setembro, 367 - Vila Isabel, Rio de Janeiro - RJ, 20551-085",False,,4.2,
Taberna Da Vila,21) 3689-1423,,,,restaurante,"Vila Isabel - Rio de Janeiro, RJ",Vila Isabel,"R. Visc. de Abaeté, 135 - Vila Isabel, Rio de Janeiro - RJ, 20551-080",False,,4.5,
Restaurante Capelinha,21) 3197-6906,,,,restaurante,"Vila Isabel - Rio de Janeiro, RJ",Vila Isabel,"Blvd. 28 de Setembro, 321 - Vila Isabel, Rio de Janeiro - RJ, 20551-185",False,,4.2,
O Patrício,21) 3796-3655,,,,restaurante,"Vila Isabel - Rio de Janeiro, RJ",Vila Isabel,"R. Hipólito da Costa, 12 - Vila Isabel, Rio de Janeiro - RJ, 20551-040",False,,4.8,
Restaurante Veja Bem,21) 2051-6014,,,,restaurante,"Vila Isabel - Rio de Janeiro, RJ",Vila Isabel,"R. Torres Homem, 150 - Vila Isabel, Rio de Janeiro - RJ, 20551-070",False,,4.4,
Restaurante Cabeça de Bagre - Cozinha do Mar,21) 99294-7082,21) 99294-7082,,,restaurante,"Vila Isabel - Rio de Janeiro, RJ",Vila Isabel,"R. Souza Franco, 254 - Vila Isabel, Rio de Janeiro - RJ, 20551-120",False,,4.6,
"Café, Bar e Restaurante Garota da Vila",,,,,restaurante,"Vila Isabel - Rio de Janeiro, RJ",Vila Isabel,"R. Visc. de Santa Isabel, 02 - Vila Isabel, Rio de Janeiro - RJ, 20560-120",False,,4.5,
Fulinmen Shopping Boulevard Vila Isabel,,"
atendimento via WhatsApp - R. Barão de São Francisco, 236 (21 - 99896-5675 - Vila Isabel, Rio de Janeiro - RJ, 20560-031",,,restaurante,"Vila Isabel - Rio de Janeiro, RJ",Vila Isabel,"atendimento via WhatsApp - R. Barão de São Francisco, 236 (21 - 99896-5675 - Vila Isabel, Rio de Janeiro - RJ, 20560-031",False,,4.5,
Emporio Lamego,,,,,restaurante,"Vila Isabel - Rio de Janeiro, RJ",Vila Isabel,"Blvd. 28 de Setembro, 342 - Vila Isabel, Rio de Janeiro - RJ, 20551-031",False,,4.3,
Parmê,21) 4000-2553,,,,restaurante,"Vila Isabel - Rio de Janeiro, RJ",Vila Isabel,"Praça Barão de Drumond, 4 - Vila Isabel, Rio de Janeiro - RJ, 20560-020",False,,4.3,
Patota Bar & Restaurante,,,,,restaurante,"Vila Isabel - Rio de Janeiro, RJ",Vila Isabel,"Blvd. 28 de Setembro, 20 - Vila Isabel, Rio de Janeiro - RJ, 20551-031",False,,4.6,
Gastrobar Beneh - Vila Isabel,21) 99945-1740,21) 99945-1740,https://instagram.com/beneh.rio?igshid=YmMyMTA2M2Y=,,restaurante,"Vila Isabel - Rio de Janeiro, RJ",Vila Isabel,"R. Dona Maria, 9A - Vila Isabel, Rio de Janeiro - RJ, 20541-030",False,https://instagram.com/beneh.rio?igshid=YmMyMTA2M2Y=,4.3,
Azul Viagens Barra da Tijuca,21) 99906-1999,5521981176969,https://instagram.com/azulviagens.rj,,hotel boutique,"Vila Isabel - Rio de Janeiro, RJ",Barra da Tijuca,"Shopping Downtown - Av. das Américas, 500 - Bloco 8, Loja 117-b - Barra da Tijuca, Rio de Janeiro - RJ, 22640-904",False,https://www.instagram.com/azulviagensbarra/,4.6,
Espaço Hostel Grajaú,21) 99768-7622,21) 99768-7622,,,hotel boutique,"Vila Isabel - Rio de Janeiro, RJ",Grajaú,"R. Meira de Vasconcelos, 221 - Grajaú, Rio de Janeiro - RJ, 20540-310",False,,4.3,
RARO Ipanema Boutique Hotel,21) 97508-1608,21) 97508-1608,,,hotel boutique,"Vila Isabel - Rio de Janeiro, RJ",Copacabana,"R. Saint Roman, 222 - Copacabana, Rio de Janeiro - RJ, 22071-060",False,,4.7,
Noel Vila hostel,,,,,hotel boutique,"Vila Isabel - Rio de Janeiro, RJ",Vila Isabel,"R. Mendes Taváres, 17a - 101 - Vila Isabel, Rio de Janeiro - RJ, 20560-050",False,,,
Recanto da Vila Hostel,,,,,hotel boutique,"Vila Isabel - Rio de Janeiro, RJ",Vila Isabel,"Rua Engenheiro Gama Lôbo, 291 - Vila Isabel, Rio de Janeiro - RJ, 20551-100",False,,4.6,
Hostel Bom e Famíliar,21) 96961-5141,21) 96961-5141,https://www.instagram.com/hotelpousadacantinhofamilia?igsh=amdqMHh2ZWNudnI0,,hotel boutique,"Vila Isabel - Rio de Janeiro, RJ",Praça da Bandeira,"R. Pereira de Almeida, 73 - Praça da Bandeira, Rio de Janeiro - RJ, 20260-100",False,https://www.instagram.com/hotelpousadacantinhofamilia?igsh=amdqMHh2ZWNudnI0,4.4,
Bruna Graneiro Advogada,21) 98641-2901,5521986412901,https://www.instagram.com/brunagraneiro.advogada,,advogado,"Vila Isabel - Rio de Janeiro, RJ",Vila Isabel,"R. Gonzaga Bastos, 209 - c 108 - Vila Isabel, Rio de Janeiro - RJ, 20541-015",False,https://www.instagram.com/brunagraneiro.advogada/,5.0,
Ambé & Couto Advogados | Advogado Rio de Janeiro,21) 99688-9292,21) 99688-9292,https://www.instagram.com/brunagraneiro.advogada,,advogado,"Vila Isabel - Rio de Janeiro, RJ",Maria da Graça,"R. Francisco Neiva, 143 - fundos - Maria da Graça, Rio de Janeiro - RJ, 20785-490",False,,5.0,
ARAUJO CUNHA ADVOGADOS ASSOCIADOS,21) 97743-2350,21) 97743-2350,https://www.instagram.com/brunagraneiro.advogada,,advogado,"Vila Isabel - Rio de Janeiro, RJ",Vila Isabel,"R. Souza Franco, 425 - Sala: 304 - Vila Isabel, Rio de Janeiro - RJ, 20551-120",False,,5.0,
Advogado Fabio Sampaio,21) 96505-8942,21) 96505-8942,https://www.instagram.com/brunagraneiro.advogada,,advogado,"Vila Isabel - Rio de Janeiro, RJ",Pechincha,"R. Monte Sião, 252 - fundos - Pechincha, Rio de Janeiro - RJ, 22770-360",False,,5.0,
Fito Arquitetura,21) 97748-4520,21) 97748-4520,https://www.instagram.com/isa.toarquitetura,,arquiteto,"Vila Isabel - Rio de Janeiro, RJ",Vila Isabel,"R. Sen. Muniz Freire, 70 - Vila Isabel, Rio de Janeiro - RJ, 20541-040",False,,5.0,
Arqui Arqui Servicos De Arquitetura E Cenografia,21) 3496-1830,,https://www.instagram.com/isa.toarquitetura,,arquiteto,"Vila Isabel - Rio de Janeiro, RJ",Vila Isabel,"Blvd. 28 de Setembro, 112 - Sala 403 - Vila Isabel, Rio de Janeiro - RJ, 20551-031",False,,5.0,
Bessa Arquiteta | Vistorias de Apartamentos Novos 📝,21) 97978-3608,21) 97978-3608,https://www.instagram.com/isa.toarquitetura,,arquiteto,"Vila Isabel - Rio de Janeiro, RJ",Grajaú,"R. Nossa Sra. de Lourdes, 101 - Grajaú, Rio de Janeiro - RJ, 20540-370",False,,5.0,
Arquiteto do Corte (barbearia),,,https://www.instagram.com/isa.toarquitetura,,arquiteto,"Vila Isabel - Rio de Janeiro, RJ",Vila São José,"R. Marieta Batista, 7 - Vila São José, Duque de Caxias - RJ, 25040-470",False,,5.0,
Grajau,,,https://www.instagram.com/isa.toarquitetura,,arquiteto,"Vila Isabel - Rio de Janeiro, RJ",Tijuca,"R. Barão de Mesquita - Tijuca, Rio de Janeiro - RJ, 20540-156",False,,5.0,
RG Foto,21) 2578-2218,,https://www.instagram.com/tiktakvila,,fotógrafo,"Vila Isabel - Rio de Janeiro, RJ",Vila Isabel,"Blvd. 28 de Setembro, 210 - loja 6 - Vila Isabel, Rio de Janeiro - RJ, 20551-055",False,,4.2,
Cris Vicente Fotografia,21) 97026-1119,21) 97026-1119,,,fotógrafo,"Vila Isabel - Rio de Janeiro, RJ",Vila Isabel,"R. Silva Pinto, 49 - Vila Isabel, Rio de Janeiro - RJ, 20521-070",False,,5.0,
Nícia Mayer Fotografia,21) 99616-0222,21) 99616-0222,,,fotógrafo,"Vila Isabel - Rio de Janeiro, RJ",Vila Isabel,"Rua Engenheiro Gama Lôbo, 650 - Vila Isabel, Rio de Janeiro - RJ, 20961-020",False,,5.0,
Estúdio Curtição Festas,21) 98655-7091,21) 98655-7091,,,fotógrafo,"Vila Isabel - Rio de Janeiro, RJ",Vila Isabel,"R. Visc. de Santa Isabel, 20 - Vila Isabel, Rio de Janeiro - RJ, 20560-120",False,,5.0,
Estúdio Fotográfico Márcia Rodrigues,21) 99999-0512,21) 99999-0512,,,fotógrafo,"Vila Isabel - Rio de Janeiro, RJ",Vila Isabel,"Blvd. 28 de Setembro, 210 - Vila Isabel, Rio de Janeiro - RJ, 20551-055",False,,4.7,
Malu Vieira Fotografia,21) 98228-1889,21) 98228-1889,,,fotógrafo,"Vila Isabel - Rio de Janeiro, RJ",Vila Isabel,"Blvd. 28 de Setembro - Vila Isabel, Rio de Janeiro - RJ, 20551-055",False,,5.0,
Molvil Molduras,21) 96746-1715,21) 96746-1715,,,fotógrafo,"Vila Isabel - Rio de Janeiro, RJ",Vila Isabel,"R. Pereira Nunes, 243 - Vila Isabel, Rio de Janeiro - RJ, 20541-022",False,,4.7,
Colégio Santos Dumont COSAD,21) 3268-1668,,,,escola,"Vila Isabel - Rio de Janeiro, RJ",Vila Isabel,"Blvd. 28 de Setembro, 156 - Vila Isabel, Rio de Janeiro - RJ, 20551-031",False,,4.5,
Escola Fundamental Vila Isabel,21) 2577-4320,,,,escola,"Vila Isabel - Rio de Janeiro, RJ",Vila Isabel,"R. Visc. de Santa Isabel, 135 - Vila Isabel, Rio de Janeiro - RJ, 20560-120",False,,,
Arco-Íris Jardim Escola Ltda ME,,,https://www.instagram.com/escolagotademel,,escola,"Vila Isabel - Rio de Janeiro, RJ",Vila Isabel,"R. Visc. de Santa Isabel - Vila Isabel, Rio de Janeiro - RJ, 20560-120",False,,5.0,
Quadra Unidos de Vila Isabel,,,https://www.instagram.com/escolagotademel,,escola,"Vila Isabel - Rio de Janeiro, RJ",Vila Isabel,"Blvd. 28 de Setembro - Vila Isabel, Rio de Janeiro - RJ, 20551-195",False,,4.6,
Centro de Educacão Integrada Santos Dumont,21) 97095-4574,21) 97095-4574,https://www.instagram.com/escolagotademel,,escola,"Vila Isabel - Rio de Janeiro, RJ",Vila Isabel,"R. Barão de Cotegipe, 212 - Vila Isabel, Rio de Janeiro - RJ, 20560-080",False,,,
Colégio Hage,21) 97991-7964,21) 97991-7964,https://www.instagram.com/escolagotademel,,escola,"Vila Isabel - Rio de Janeiro, RJ",Vila Isabel,"R. Barão de Cotegipe, 146 - Vila Isabel, Rio de Janeiro - RJ, 20560-085",False,,3.9,
Escola Monte Alegre,21) 2569-5545,,https://www.instagram.com/escolagotademel,,escola,"Vila Isabel - Rio de Janeiro, RJ",Vila Isabel,"R. Conselheiro Autran, 30 - Vila Isabel, Rio de Janeiro - RJ, 20551-000",False,,,
Escola Gota de Mel,21) 3259-7524,,https://www.instagram.com/escolagotademel,,escola,"Vila Isabel - Rio de Janeiro, RJ",Vila Isabel,"R. Sen. Muniz Freire, 18 - Vila Isabel, Rio de Janeiro - RJ, 20541-040",False,https://www.instagram.com/escolagotademel/,,
Curso Livre de Música,21) 98327-6144,21) 98327-6144,https://www.instagram.com/cursoritmar,,curso livre,"Vila Isabel - Rio de Janeiro, RJ",Pavuna,"R. Srg. Benevides Monte - Pavuna, Rio de Janeiro - RJ, 21520-440",False,,,
Ritamar Curso Livre De Música Ritamar,,,,,curso livre,"Vila Isabel - Rio de Janeiro, RJ",Parque Araruama,"Av. Arthur Antônio Sendas - Parque Araruama, São João de Meriti - RJ, 25585-021",False,,,
Vila Isabel Vestibulares,,https://api.whatsapp.com/send?phone=5521999193239&text=Ol%C3%A1!%20Gostaria%20de%20saber%20mais%20informa%C3%A7%C3%B5es%20sobre%20as%20aulas%20de%20teatro.,https://www.instagram.com/ct_ffv?igsh=Zms5N28xenl3MGF5,,curso livre,"Vila Isabel - Rio de Janeiro, RJ",Vila Isabel,"R. Corrêa de Oliveira, 21 - Vila Isabel, Rio de Janeiro - RJ, 20551-200",False,,,
